key,section,action,severity,current_en,current_ja,proposed_en,proposed_ja,rationale,basis,confidence,where,file,line,evidence
api.handle.couldntSave,api,keep,none,Couldn’t save your handle: {{reason}},ユーザー名を保存できませんでした：{{reason}},,,"Correct failure and localized reason; the colon can be a sentence break in Japanese, but it does not warrant a separate change.",editorial,high,"Handle prompt, after tapping Use @handle: the problem line when saving fails any other way; {{reason}} is problemOf's message",apps/frontend/src/i18n/strings/api.ts,53,"apps/frontend/src/i18n/strings/api.ts:53
apps/frontend/src/api/HandlePrompt.tsx:31"
api.handle.field,api,keep,none,Your handle,ユーザー名,,,Keep the accessible input name even if the visible heading also names the field. ユーザー名 has direct X precedent for @handles.,source-backed,high,"Handle prompt: the handle input's accessible label, read by screen readers",apps/frontend/src/i18n/strings/api.ts,37,"apps/frontend/src/i18n/strings/api.ts:37
https://help.x.com/ja/managing-your-account/change-x-handle"
api.handle.invalid,api,keep,none,"A handle is 1 to {{max}} characters, without “@”.",ユーザー名は「@」なしの1〜{{max}}文字です。,,,Matches the server rule: trimmed length and no @ within the stored handle. Do not import X character restrictions; Croquis has its own rules.,product-glossary,high,"Handle prompt, after tapping Use @handle: the problem line when the server answers handle_invalid",apps/frontend/src/i18n/strings/api.ts,48,"apps/frontend/src/i18n/strings/api.ts:48
apps/api/src/routes/session.ts:162"
api.handle.lead,api,shorten,low,It’s how people find you and your stickers.,みんなが<wbr/>あなたや<wbr/>あなたのシールを<wbr/>見つけるときに<wbr/>使う名前です。,People can find you by this handle.,ほかの人があなたを探すときに使います。,"The public lookup explanation is useful once, but the Japanese repeats name/you/stickers at length.",editorial,high,"Handle prompt, when LINE gave no display name: the line under the heading",apps/frontend/src/i18n/strings/api.ts,27,"apps/frontend/src/i18n/strings/api.ts:27
apps/frontend/src/api/HandlePrompt.tsx:67; https://help.x.com/ja/managing-your-account/change-x-handle"
api.handle.leadNameUnavailable,api,shorten,medium,"“{{name}}” isn’t available as a handle, so choose your own. It’s how people find you and your stickers.",「{{name}}」は<wbr/>ユーザー名として<wbr/>使えないため、<wbr/>あなただけの<wbr/>ユーザー名を<wbr/>決めてください。<wbr/>みんなが<wbr/>あなたや<wbr/>あなたのシールを<wbr/>見つけるときに<wbr/>使う名前です。,“{{name}}” is unavailable. Choose another handle.,「{{name}}」は使えません。別のユーザー名を決めてください。,Keep why the LINE name was rejected; remove the repeated public-search explanation and the decorative あなただけの. The heading already requests a handle.,editorial,high,"Handle prompt, when the LINE display name ({{name}}) couldn't become the handle, because someone has it or it breaks the handle rules: the line under the heading",apps/frontend/src/i18n/strings/api.ts,32,"apps/frontend/src/i18n/strings/api.ts:32
apps/frontend/src/api/HandlePrompt.tsx:67"
api.handle.pick,api,keep,none,Pick a handle,ユーザー名を決める,,,"Clear action for the disabled empty-input button. This is a control name, not redundant explanatory prose.",product-glossary,high,"Handle prompt: the submit button, disabled, while the handle input is empty",apps/frontend/src/i18n/strings/api.ts,60,apps/frontend/src/i18n/strings/api.ts:60
api.handle.placeholder,api,keep,none,handle,ユーザー名,,,"Acceptable label-like placeholder because a separate accessible label exists. An example could help, but no unsupported example is necessary.",editorial,high,"Handle prompt: the placeholder in the empty handle input, after the @ icon",apps/frontend/src/i18n/strings/api.ts,39,"apps/frontend/src/i18n/strings/api.ts:39
apps/frontend/src/api/HandlePrompt.tsx:82"
api.handle.taken,api,keep,none,'@{{handle}} is taken. Try another.,'@{{handle}}はすでに使われています。別のユーザー名をお試しください。,,,Names the conflicting handle and offers a concrete recovery. Used/available distinction matches established username UI.,source-backed,high,"Handle prompt, after tapping Use @handle: the problem line when the server answers handle_taken",apps/frontend/src/i18n/strings/api.ts,43,"apps/frontend/src/i18n/strings/api.ts:43
https://help.x.com/ja/managing-your-account/change-x-handle"
api.handle.title,api,keep,none,Pick your handle,ユーザー名を決めましょう,,,"Natural invitation, consistent with the public username concept. Keep the screen title.",source-backed,high,"Handle prompt, on a first sign-in whose LINE name couldn't become the handle, before the app opens: the heading",apps/frontend/src/i18n/strings/api.ts,25,"apps/frontend/src/i18n/strings/api.ts:25
https://help.x.com/ja/managing-your-account/change-x-handle"
api.handle.tooLong,api,keep,none,That’s over {{max}} characters.,{{max}}文字を超えています。,,,Accurate character-count validation; retains the limit variable.,editorial,high,"Handle prompt, while typing: the problem line under the input once the handle is longer than {{max}} characters",apps/frontend/src/i18n/strings/api.ts,41,"apps/frontend/src/i18n/strings/api.ts:41
apps/frontend/src/api/HandlePrompt.tsx:45"
api.handle.use,api,keep,none,Use @{{handle}},'@{{handle}}にする,,,Names the value being selected. Plain-form Japanese is appropriate on a button.,product-glossary,high,"Handle prompt: the submit button once a handle is typed, naming it",apps/frontend/src/i18n/strings/api.ts,58,apps/frontend/src/i18n/strings/api.ts:58
api.person.unnamed,api,keep,none,Someone,だれか,,,Neutral fallback when identity information is unavailable. No invented name or status.,product-glossary,high,"Anywhere a person is named, for someone with neither a LINE name nor a handle, such as a deleted account: the name shown",apps/frontend/src/i18n/strings/api.ts,65,apps/frontend/src/i18n/strings/api.ts:65
api.signIn.failed,api,keep,none,Couldn’t sign you in,ログインできませんでした,,,"Natural failure heading, directly consistent with LINE Japanese login error wording.",source-backed,high,"Sign-in screen, when signing in to the app's server fails: the heading above the error's message and a Try again or Reconnect with LINE button",apps/frontend/src/i18n/strings/api.ts,14,"apps/frontend/src/i18n/strings/api.ts:14
https://help.line.me/line/chrome/?contentId=50001462&lang=ja"
api.signIn.opening,api,keep,none,Opening your sticker board…,シールボードをひらいています…,,,Uses the product destination rather than exposing authentication mechanics. Keep one current progress line.,product-glossary,high,"Sign-in screen, right after the LINE sign-in screen while the app signs in to its server with LINE's ID token: the status line",apps/frontend/src/i18n/strings/api.ts,7,apps/frontend/src/i18n/strings/api.ts:7
api.signIn.reconnect,api,keep,none,Reconnect with LINE,LINEで再ログイン,,,LINEで再ログイン is accurate; LINE Japanese help uses 再ログイン. Reconnect has a clearer Japanese interpretation here.,source-backed,high,"Sign-in screen, when LINE's sign-in token was missing, refused or expired: the button that restarts LINE Login",apps/frontend/src/i18n/strings/api.ts,18,"apps/frontend/src/i18n/strings/api.ts:18
https://help.line.me/line/chrome/?contentId=50001462&lang=ja"
api.signIn.reconnecting,api,keep,none,Reconnecting with LINE…,LINEで再ログインしています…,,,Clear active progress state matching the reconnect control.,source-backed,high,"Sign-in screen, after tapping Reconnect with LINE: the status line while LINE Login restarts",apps/frontend/src/i18n/strings/api.ts,20,"apps/frontend/src/i18n/strings/api.ts:20
https://help.line.me/line/chrome/?contentId=50001462&lang=ja"
api.signIn.stillOpening,api,shorten,medium,Still opening. It’s taking longer than usual.,まだひらいています。<wbr/>いつもより<wbr/>時間が<wbr/>かかっています。,This is taking longer than usual.,通常より時間がかかっています。,The extra sentence repeats the still-visible opening status. まだひらいています is a literal construction.,editorial,high,"Sign-in screen, once signing in to the app's server has taken about six seconds: the line that joins the status line to say the wait is long",apps/frontend/src/i18n/strings/api.ts,9,"apps/frontend/src/i18n/strings/api.ts:9
apps/frontend/src/api/SessionGate.tsx; https://developer.apple.com/jp/design/human-interface-guidelines/alerts"
api.signIn.tryAgain,api,keep,none,Try again,もう一度,,,Short retry action; the surrounding failure names what is retried.,source-backed,high,"Sign-in screen, after signing in to the app's server failed for a reason other than LINE's sign-in: the button that retries it",apps/frontend/src/i18n/strings/api.ts,16,"apps/frontend/src/i18n/strings/api.ts:16
https://help.line.me/line/chrome/?contentId=50001462&lang=ja"
app.crash.lead,app,shorten,low,Something on this screen went wrong. Reload to try again.,この画面で問題が起きました。再読み込みして、もう一度お試しください。,Reload to try again.,再読み込みして、もう一度お試しください。,The heading already establishes a failure; the second half repeats the Reload control. Retain one brief recovery sentence instead of two explanations.,editorial,high,"The same page: the line under the heading, over the error's words",apps/frontend/src/i18n/strings/app.ts,35,"apps/frontend/src/i18n/strings/app.ts:35
apps/frontend/src/i18n/strings/app.ts:35
https://support.google.com/chrome/answer/95669?hl=ja
apps/frontend/src/app/AppCrashBoundary.tsx:34"
app.crash.reload,app,keep,none,Reload,再読み込み,,,"A real reload action, distinct from retrying an API request; standard Japanese UI noun is appropriate.",established-UI,high,The same page: the key that reloads the page,apps/frontend/src/i18n/strings/app.ts,40,"apps/frontend/src/i18n/strings/app.ts:40
apps/frontend/src/i18n/strings/app.ts:40
https://support.google.com/chrome/answer/95669?hl=ja
apps/frontend/src/app/AppCrashBoundary.tsx:34"
app.crash.title,app,rewrite,low,Croquis stopped,クロッキーが止まりました,Couldn’t display this screen,画面を表示できませんでした,"止まりました is literal and suggests a frozen process, while this is a caught screen exception with an active recovery button. Name the display failure.",editorial,high,The page that takes the app's place when a screen fails as it shows: its heading,apps/frontend/src/i18n/strings/app.ts,33,"apps/frontend/src/i18n/strings/app.ts:33
apps/frontend/src/i18n/strings/app.ts:33
https://support.google.com/chrome/answer/95669?hl=ja
apps/frontend/src/app/AppCrashBoundary.tsx:31
apps/frontend/src/app/AppCrashBoundary.tsx:34"
app.drawingLoading,app,keep,none,Opening the drawing screen,かく画面を読み込んでいます,,,"An assistive status during lazy opening, not visible filler; かく画面 matches the approved drawing-screen term.",product-glossary,high,"Drawing screen, when Draw is tapped before its code has loaded: what screen readers hear while it loads",apps/frontend/src/i18n/strings/app.ts,30,"apps/frontend/src/i18n/strings/app.ts:30
apps/frontend/src/i18n/strings/app.ts:30
apps/frontend/src/app/App.tsx:82
apps/frontend/src/i18n/glossary.md:1"
app.motionPermission.allow,app,keep,none,Allow,許可する,,,Permission action calls the platform request; 許可する is the standard affirmative and is not optional filler.,source-backed,high,"Motion permission card: the key that grants motion access, after which iOS shows its own prompt",apps/frontend/src/i18n/strings/app.ts,51,"apps/frontend/src/i18n/strings/app.ts:51
apps/frontend/src/i18n/strings/app.ts:51
https://support.apple.com/ja-jp/guide/iphone/-iph168c4bbd5/ios
apps/frontend/src/app/MotionPermissionCard.tsx:22"
app.motionPermission.dontAllow,app,keep,none,Don’t allow,許可しない,,,"Negative choice permanently records denial on this device; 許可しない accurately communicates refusal, unlike あとで.",source-backed,high,Motion permission card: the quiet link under Allow that declines,apps/frontend/src/i18n/strings/app.ts,53,"apps/frontend/src/i18n/strings/app.ts:53
apps/frontend/src/i18n/strings/app.ts:53
https://support.apple.com/ja-jp/guide/iphone/-iph168c4bbd5/ios
apps/frontend/src/app/MotionPermissionCard.tsx:22"
app.motionPermission.label,app,rewrite,low,Motion permission,モーションの許可,Motion access,モーションへのアクセス,"A screen-reader dialog title, so keep it; make access to motion information explicit rather than the vague nominal モーションの許可.",editorial,high,"Motion permission card, shown once over the app on iPhone: its screen-reader name",apps/frontend/src/i18n/strings/app.ts,44,"apps/frontend/src/i18n/strings/app.ts:44
apps/frontend/src/i18n/strings/app.ts:44
https://support.apple.com/ja-jp/guide/iphone/-iph168c4bbd5/ios
apps/frontend/src/app/MotionPermissionCard.tsx:22"
app.motionPermission.question,app,shorten,medium,"Shake your phone to send gratitude? After you allow it, iPhone asks once more.",端末を振って感謝を送りませんか？許可すると、iPhoneがもう一度確認します。,Allow motion access to send gratitude by shaking your device?,端末を振って感謝を送るために、モーションへのアクセスを許可しますか？,"The prompt also appears on iPad/iPod, and introduces shaking before the Mini-game. The benefit is useful; the iPhone-specific second-prompt narration is inaccurate and removable.",editorial,high,"Motion permission card, shown once over the app on iPhone: the question it asks, naming what shaking does and that iPhone asks once more after Allow",apps/frontend/src/i18n/strings/app.ts,46,"apps/frontend/src/i18n/strings/app.ts:46
apps/frontend/src/i18n/strings/app.ts:46
https://support.apple.com/ja-jp/guide/iphone/-iph168c4bbd5/ios
apps/frontend/src/ui/motionPermission.ts:110
apps/frontend/src/app/App.tsx:270
apps/frontend/src/app/MotionPermissionCard.tsx:22"
app.pageTitles.board,app,shorten,low,Your sticker board,あなたのシールボード,My board,マイボード,The browser header names the same destination as the My board tab. Align it with the existing approved マイボード label instead of a longer alternate name.,product-glossary,high,Page title in LINE's header while your own sticker board is open,apps/frontend/src/i18n/strings/app.ts,9,"apps/frontend/src/i18n/strings/app.ts:9
apps/frontend/src/i18n/strings/app.ts:9
apps/frontend/src/app/App.tsx:163
apps/frontend/src/i18n/glossary.md:1"
app.pageTitles.draw,app,keep,none,Draw,かく,,,Concise document title uses the approved かく label and distinguishes the drawing screen in LINE.,product-glossary,high,Page title in LINE's header while the drawing screen is open,apps/frontend/src/i18n/strings/app.ts,15,"apps/frontend/src/i18n/strings/app.ts:15
apps/frontend/src/i18n/strings/app.ts:15
apps/frontend/src/app/App.tsx:163
apps/frontend/src/i18n/glossary.md:1"
app.pageTitles.explore,app,keep,none,Explore,さがす,,,Concise document title uses the same さがす spelling as the tab; LINE also uses さがす in its card navigation.,product-glossary,high,Page title in LINE's header while the Explore tab is open,apps/frontend/src/i18n/strings/app.ts,11,"apps/frontend/src/i18n/strings/app.ts:11
apps/frontend/src/i18n/strings/app.ts:11
https://help.line.me/line/smartphone/sp?contentId=20018213&lang=ja
apps/frontend/src/app/App.tsx:163
apps/frontend/src/i18n/glossary.md:1"
app.pageTitles.shop,app,keep,none,Shop,ショップ,,,Shop title matches its tab and glossary; no explanatory sentence is needed.,product-glossary,high,Page title in LINE's header while the Shop tab is open,apps/frontend/src/i18n/strings/app.ts,13,"apps/frontend/src/i18n/strings/app.ts:13
apps/frontend/src/i18n/strings/app.ts:13
https://help.line.me/line/smartphone?contentId=20000182&lang=ja
apps/frontend/src/app/App.tsx:163
apps/frontend/src/i18n/glossary.md:1"
app.tabs.backToExplore,app,rewrite,low,Back to Explore,さがすに戻る,,「さがす」に戻る,"This is an accessible return label, not another visible tab. Japanese さがす needs quotation marks when treated as a named destination before に戻る.",editorial,high,"Tab bar on a large screen, while someone else's sticker board is open over Explore: screen readers' name for the lit Explore tab, which goes back to Explore",apps/frontend/src/i18n/strings/app.ts,25,"apps/frontend/src/i18n/strings/app.ts:25
apps/frontend/src/i18n/strings/app.ts:25
https://help.line.me/line/smartphone/sp?contentId=20018213&lang=ja
apps/frontend/src/app/TabBar.tsx:33"
app.tabs.explore,app,keep,none,Explore,さがす,,,Keep the approved short tab name; the comparable LINE card tab uses さがす rather than requiring a technical search noun.,product-glossary,high,"Tab bar at the bottom of every screen but the drawing screen: the tab for Explore, where you find other people's stickers and boards",apps/frontend/src/i18n/strings/app.ts,23,"apps/frontend/src/i18n/strings/app.ts:23
apps/frontend/src/i18n/strings/app.ts:23
https://help.line.me/line/smartphone/sp?contentId=20018213&lang=ja
apps/frontend/src/app/TabBar.tsx:33
apps/frontend/src/i18n/glossary.md:1"
app.tabs.myBoard,app,keep,none,My board,マイボード,,,Approved personal destination label; the マイ prefix is established in LINE navigation and does not require an explanatory sentence.,product-glossary,high,Tab bar at the bottom of every screen but the drawing screen: the tab for your own sticker board,apps/frontend/src/i18n/strings/app.ts,21,"apps/frontend/src/i18n/strings/app.ts:21
apps/frontend/src/i18n/strings/app.ts:21
https://help.line.me/line/smartphone/sp?contentId=20018213&lang=ja
apps/frontend/src/app/TabBar.tsx:33
apps/frontend/src/i18n/glossary.md:1"
app.tabs.sections,app,rewrite,low,App sections,アプリのセクション,Main menu,メインメニュー,"セクション is an implementation category, not a navigation destination. The landmark needs a useful name, such as メインメニュー.",editorial,high,Tab bar at the bottom of every screen but the drawing screen: its screen-reader name,apps/frontend/src/i18n/strings/app.ts,19,"apps/frontend/src/i18n/strings/app.ts:19
apps/frontend/src/i18n/strings/app.ts:19
https://help.line.me/line/smartphone/sp?contentId=20018213&lang=ja
apps/frontend/src/app/TabBar.tsx:33"
app.tabs.shop,app,keep,none,Shop,ショップ,,,The short commerce tab names its destination accurately; no translation issue.,product-glossary,high,"Tab bar at the bottom of every screen but the drawing screen: the tab for the Shop, where tickets are bought",apps/frontend/src/i18n/strings/app.ts,27,"apps/frontend/src/i18n/strings/app.ts:27
apps/frontend/src/i18n/strings/app.ts:27
https://help.line.me/line/smartphone?contentId=20000182&lang=ja
apps/frontend/src/app/TabBar.tsx:33
apps/frontend/src/i18n/glossary.md:1"
app.title,app,keep,none,Croquis,クロッキー,,,The registered app name is intentionally localized to クロッキー; it is necessary initial document metadata.,product-glossary,high,"Page title in LINE's header as the app opens, before a screen names itself: the app's name",apps/frontend/src/i18n/strings/app.ts,5,"apps/frontend/src/i18n/strings/app.ts:5
apps/frontend/src/i18n/strings/app.ts:5
apps/frontend/src/i18n/pageLanguage.ts:58
apps/frontend/src/i18n/glossary.md:1"
errors.already_nsfw,errors,keep,none,This sticker is already marked 18+.,このシールは、すでに18+です。,,,Accurately reports an existing irreversible mark; glossary intentionally keeps 18+.,product-glossary,high,"Sticker detail, Mark 18+: marking a sticker (POST /api/stickers/:stickerId/nsfw) that's already marked, such as from another window, in the detail's error line",apps/frontend/src/i18n/strings/errors.ts,37,apps/frontend/src/i18n/strings/errors.ts:37
errors.already_received,errors,rewrite,medium,This gift was already opened.,このギフトは、すでにひらかれています。,This gift has already been received.,このギフトは、すでに受け取られています。,"Backend means accepted/received, not merely previewed or unpackaged. Align with receiving flow.",editorial,high,"Giving, In the bag: taking a gift back out (POST /api/gifts/:giftId/take-out) that its receiver already received, in “couldn’t be taken out” through problemOf; the Receive gift dialog shows its own Already opened screen instead",apps/frontend/src/i18n/strings/errors.ts,42,"apps/frontend/src/i18n/strings/errors.ts:42
apps/api/src/gifts/receiving.ts:126"
errors.chain_unavailable,errors,rewrite,low,Couldn’t check on the gift just now. Try again in a moment.,ギフトの状態をいま確認できません。少し待ってから、もう一度お試しください。,,いまはギフトの状態を確認できません。少し待ってから、もう一度お試しください。,"Meaning is accurate, but ギフトの状態をいま確認できません is stilted Japanese word order.",editorial,high,"Giving and Receiving: packing a gift, opening a gift's link, Accept, taking a gift out, the deposit's check after Send, or reading when a gift expires, when the chain can't be read, through the error line",apps/frontend/src/i18n/strings/errors.ts,47,"apps/frontend/src/i18n/strings/errors.ts:47
https://developer.apple.com/jp/design/human-interface-guidelines/alerts"
errors.claim_failed,errors,shorten,medium,"It couldn’t be confirmed. Trying again is safe, since a gift is only ever received once, but it may not work.",確認できませんでした。受け取りは一度きりなので、やり直しても大丈夫ですが、うまくいかないこともあります。,Couldn’t confirm receipt. Try again; this gift can’t be received twice.,受け取りを確認できませんでした。もう一度お試しください。二重に受け取ることはありません。,Vague confirmation plus an anxious qualifier obscures the useful guarantee. Name receipt confirmation and retain safe retry.,editorial,high,"Receive gift dialog, Accept sheet: tapping Accept (POST /api/gifts/receive, or /:giftId/receive from the board) when the chain fails or doesn't confirm the sticker's claim, in “… wasn’t received” through problemOf; a gift its giver took back, or that went back to them, answers its own refusal instead",apps/frontend/src/i18n/strings/errors.ts,52,"apps/frontend/src/i18n/strings/errors.ts:52
apps/api/src/gifts/receiving.ts:266; https://developer.apple.com/jp/design/human-interface-guidelines/alerts"
errors.deposit_not_landed,errors,rewrite,medium,Sui hasn’t answered about your sticker yet. Tap Send in LINE to check again; it won’t move twice.,シールについてSuiからの応答がまだありません。「LINEで送る」をタップして、もう一度確認してください。二重に動くことはありません。,Packing isn’t confirmed yet. Tap Send in LINE to check again; the sticker won’t be sent twice.,ギフト袋に入ったか確認できていません。「LINEで送る」で確認してください。シールが二重に送られることはありません。,"二重に動く is a mechanical translation with no meaningful object for the user. Name the gift operation, not the underlying service response.",editorial,high,"Giving, In the bag: packing a sticker when Sui's answer to its signed deposit (POST /api/gifts/:giftId/deposit) never came, in “couldn’t be packed” through problemOf; Send in LINE sends the same deposit again",apps/frontend/src/i18n/strings/errors.ts,57,"apps/frontend/src/i18n/strings/errors.ts:57
apps/frontend/src/i18n/strings/errors.ts:58"
errors.gift_closed,errors,rewrite,medium,"This gift is already closed. Go back to your board, and if your sticker is there, give it again.",このギフトはすでに閉じられています。ボードに戻って、シールがあればもう一度贈ってください。,"This gift is no longer available. If the sticker is on My board, you can give it again.",このギフトはもう受け取れません。マイボードにシールがあれば、もう一度贈れます。,"Closed/閉じられています sounds like the visual bag is shut, although this is an ended gift record. Name unavailability and use My board navigation.",editorial,high,"Giving, In the bag: recording LINE's picker outcome (POST /api/gifts/:giftId/shared) for a gift that's no longer packed or sent, or taking out a gift already returned, in “couldn’t record” or “couldn’t be taken out” through problemOf",apps/frontend/src/i18n/strings/errors.ts,62,"apps/frontend/src/i18n/strings/errors.ts:62
apps/api/src/gifts/packaging.ts:384"
errors.gift_expired,errors,rewrite,medium,This gift wasn’t opened in time.,このギフトは、期限内にひらかれませんでした。,The deadline to receive this gift has passed.,このギフトの受取期限が過ぎました。,"The deadline applies to receiving, not merely opening the link.",editorial,high,"Receiving: opening a gift message's link (POST /api/gifts/preview or /receive) after the gift expired unopened; the Receive gift dialog shows its own returned-gift screen instead, so this is errorMessage's fallback",apps/frontend/src/i18n/strings/errors.ts,67,"apps/frontend/src/i18n/strings/errors.ts:67
apps/api/src/gifts/receiving.ts:142"
errors.gift_in_transit,errors,rewrite,low,This sticker is already on its way in a gift.,このシールは、すでにギフトとして贈られている途中です。,This sticker is already in a gift.,このシールは、すでにギフト袋に入っています。,Meaning is sound but 贈られている途中 is cumbersome. A gift already exists; do not imply LINE delivery is confirmed.,editorial,high,"Giving, In the bag: packing a sticker (POST /api/gifts) that's already in another open gift, in “couldn’t be packed” through problemOf",apps/frontend/src/i18n/strings/errors.ts,72,"apps/frontend/src/i18n/strings/errors.ts:72
apps/frontend/src/i18n/strings/errors.ts:76"
errors.gift_not_found,errors,keep,none,Couldn’t find this gift. Go back to your board and give the sticker again.,このギフトが見つかりませんでした。ボードに戻って、もう一度シールを贈ってください。,,,"Clear failure/recovery for giver-side callers. Keep; receiving callers use their own refusal, so do not reuse this advice blindly.",product-glossary,high,"Giving, In the bag: a deposit, picker outcome or take-out (POST /api/gifts/:giftId/…) for a gift that doesn't exist, through problemOf; the Receive gift dialog and the Gratitude Mini-game show their own lines for it instead",apps/frontend/src/i18n/strings/errors.ts,77,"apps/frontend/src/i18n/strings/errors.ts:77
apps/frontend/src/i18n/strings/errors.ts:80"
errors.gift_not_received,errors,keep,none,This gift hasn’t been received yet.,このギフトは、まだ受け取られていません。,,,Correct distinction between a pending gift and an accepted gift. Useful fallback for gratitude validation.,product-glossary,high,"Gratitude Mini-game: recording a combo (POST /api/gratitude) for a gift not received yet; the Mini-game's receipt shows its own note instead, so this is errorMessage's fallback",apps/frontend/src/i18n/strings/errors.ts,82,apps/frontend/src/i18n/strings/errors.ts:82
errors.gift_returned,errors,keep,none,This gift went back to its giver.,このギフトは、贈り主のもとに戻りました。,,,"Accurately describes confirmed return. Keep separate from gift_expired, which alone does not prove return.",product-glossary,high,Receiving: opening a gift message's link (POST /api/gifts/preview or /receive) after the gift expired and went back to its giver; the Receive gift dialog shows its own returned-gift screen instead,apps/frontend/src/i18n/strings/errors.ts,87,"apps/frontend/src/i18n/strings/errors.ts:87
apps/api/src/gifts/receiving.ts:135"
errors.gratitude_already_recorded,errors,keep,none,Gratitude for this gift is already in.,このギフトへの感謝は、すでに届いています。,,,Natural product metaphor; confirms gratitude already arrived and avoids monetary terms.,product-glossary,high,"Gratitude Mini-game: recording a combo (POST /api/gratitude) for a gift that already has Gratitude; the Mini-game's receipt shows its own note instead, so this is errorMessage's fallback",apps/frontend/src/i18n/strings/errors.ts,92,apps/frontend/src/i18n/strings/errors.ts:92
errors.gratitude_not_found,errors,keep,none,There’s no gratitude for this gift yet.,このギフトへの感謝は、まだありません。,,,Accurate absence of gratitude for this gift; no unnecessary technical explanation.,product-glossary,high,"Sticker detail's Transfer Trail: loading a gift's Gratitude replay (GET /api/gratitude/:giftId) when none was recorded, in “Couldn’t load the replay” through problemOf",apps/frontend/src/i18n/strings/errors.ts,97,apps/frontend/src/i18n/strings/errors.ts:97
errors.group_chat,errors,rewrite,high,Gifts open only in the private chat they were sent to.,ギフトは、送られた1対1のトークでしかひらけません。,Gifts can’t be received from group chats. Open the gift in your one-to-one chat with the giver.,グループトークではギフトを受け取れません。贈り主との1対1のトークからひらいてください。,"The server refuses group/room/OpenChat contexts, not all contexts except the original private chat. Original-chat exclusivity is unsupported.",editorial,high,Receiving: opening a gift message's link in a group chat (POST /api/gifts/preview or /receive); the Receive gift dialog shows its own “Open this in your chat” screen instead,apps/frontend/src/i18n/strings/errors.ts,102,"apps/frontend/src/i18n/strings/errors.ts:102
apps/api/src/gifts/receiving.ts:86; https://developers.line.biz/ja/docs/liff/developing-liff-apps/#share-target-picker"
errors.handle_invalid,errors,keep,none,That handle doesn’t fit the rules.,そのユーザー名は、ルールに合っていません。,,,Understandable fallback; actual handle form substitutes the specific rule. Keep fallback rather than replacing its useful specialized caller.,editorial,high,"Handle prompt: saving a handle (POST /api/me/handle) that breaks the rules; the prompt shows its own api.handle.invalid line instead, so this is errorMessage's fallback",apps/frontend/src/i18n/strings/errors.ts,107,"apps/frontend/src/i18n/strings/errors.ts:107
apps/frontend/src/api/HandlePrompt.tsx:32"
errors.handle_taken,errors,keep,none,Someone else has that handle.,そのユーザー名は、ほかの人が使っています。,,,Accurate fallback. The actual form adds the selected handle and asks for another.,product-glossary,high,"Handle prompt: saving a handle (POST /api/me/handle) someone else has; the prompt shows its own api.handle.taken line instead, so this is errorMessage's fallback",apps/frontend/src/i18n/strings/errors.ts,112,"apps/frontend/src/i18n/strings/errors.ts:112
apps/frontend/src/api/HandlePrompt.tsx:31"
errors.internal_error,errors,rewrite,low,Something went wrong on our side. Try again in a moment.,こちら側で<wbr/>問題が<wbr/>発生しました。<wbr/>少し<wbr/>待ってから、<wbr/>もう一度<wbr/>お試しください。,,クロッキーで問題が発生しました。少し待ってから、もう一度お試しください。,こちら側 is literal and vague. Say the app has a problem without blaming the reader.,editorial,high,"Any screen, when the server fails unexpectedly (500), through problemOf; also the reserve ticket checkout after paying, when Sui doesn't verify the payment (POST /api/ticket-purchases)",apps/frontend/src/i18n/strings/errors.ts,117,"apps/frontend/src/i18n/strings/errors.ts:117
https://developer.apple.com/jp/design/human-interface-guidelines/alerts"
errors.invalid_request,errors,keep,none,"Croquis couldn’t read what your phone sent. Try again. If it keeps happening, tell the Croquis Official account in LINE.",クロッキーが<wbr/>その内容を<wbr/>読み取れませんでした。<wbr/>もう一度<wbr/>お試しください。<wbr/>続く場合は、<wbr/>LINEの<wbr/>クロッキー<wbr/>公式アカウントに<wbr/>お知らせください。,,,Japanese omits phone but retains useful meaning: unreadable submitted content. Support/retry details are useful for persistent failures; avoid deleting them just for brevity.,product-glossary,high,"Any screen, when the server can't read a request (400), through problemOf; e.g. the Drawing screen's seal chip when a seal's images are malformed (POST /api/stickers)",apps/frontend/src/i18n/strings/errors.ts,122,apps/frontend/src/i18n/strings/errors.ts:122
errors.line_reconnect_failed,errors,keep,none,"Couldn’t reconnect with LINE. Try again, or reopen the app from LINE.",LINEで<wbr/>再ログインできませんでした。<wbr/>もう一度<wbr/>試すか、<wbr/>LINEから<wbr/>アプリを<wbr/>ひらき直してください。,,,Clear failure and two recovery routes; matches LINE terminology.,source-backed,high,"Sign-in screen, under “Couldn’t sign you in”, over Reconnect with LINE: tapping it couldn't restart LINE Login (made by the app itself, shown through errorMessage)",apps/frontend/src/i18n/strings/errors.ts,22,"apps/frontend/src/i18n/strings/errors.ts:22
https://help.line.me/line/chrome/?contentId=50001462&lang=ja"
errors.line_token_expired,errors,keep,none,Your LINE sign-in has expired. Reconnect with LINE to continue.,LINEの<wbr/>ログイン情報の<wbr/>有効期限が<wbr/>切れました。<wbr/>LINEで<wbr/>再ログインしてください。,,,"Accurate credential-expiration explanation in nontechnical terms, with explicit re-login recovery.",source-backed,high,"Sign-in screen, under “Couldn’t sign you in”, over Reconnect with LINE: signing in to the app's server (POST /api/session) with an expired LINE ID token, through errorMessage. Also Giving, Receiving and the reserve ticket checkout, through problemOf, when a chain action or a payment waited on Privy and Privy couldn't sign in because LINE's ID token had expired (made by the app itself)",apps/frontend/src/i18n/strings/errors.ts,132,"apps/frontend/src/i18n/strings/errors.ts:132
https://help.line.me/line/chrome/?contentId=50001462&lang=ja"
errors.line_token_invalid,errors,keep,none,"LINE didn’t accept this sign-in. Reconnect with LINE. If it keeps happening, tell the Croquis Official account in LINE.",LINEが<wbr/>ログイン情報を<wbr/>確認できませんでした。<wbr/>LINEで<wbr/>再ログインしてください。<wbr/>続く場合は、<wbr/>LINEの<wbr/>クロッキー<wbr/>公式アカウントに<wbr/>お知らせください。,,,Accurate localized sign-in failure; support route remains useful if re-login fails.,source-backed,high,"Sign-in screen, under “Couldn’t sign you in”, over Reconnect with LINE: signing in to the app's server (POST /api/session) when LINE refuses the ID token, through errorMessage",apps/frontend/src/i18n/strings/errors.ts,127,"apps/frontend/src/i18n/strings/errors.ts:127
https://help.line.me/line/chrome/?contentId=50001462&lang=ja"
errors.line_unavailable,errors,keep,none,LINE didn’t answer. Try again in a moment.,LINEから<wbr/>応答が<wbr/>ありません。<wbr/>少し<wbr/>待ってから、<wbr/>もう一度<wbr/>お試しください。,,,Clear dependency timeout; Japanese is natural and does not misdiagnose user credentials.,source-backed,high,"Signing in (POST /api/session), and wherever errorMessage shows a refusal of POST /api/line-menu: LINE didn't answer when the app's server checked your sign-in or linked your chat menu. The developer slip's Chat menu row shows the code instead",apps/frontend/src/i18n/strings/errors.ts,137,"apps/frontend/src/i18n/strings/errors.ts:137
https://help.line.me/line/chrome/?contentId=50001462&lang=ja"
errors.mint_failed,errors,keep,none,"Your sticker is saved, but it couldn’t be sealed on-chain. Try again; it won’t use another ticket.",シールは保存されましたが、ブロックチェーン上で仕上げられませんでした。もう一度お試しください。チケットを新たに使うことはありません。,,,"Preserves saved artwork, chain confirmation distinction, and no-extra-ticket guarantee. Product glossary explicitly permits this chain-related exception.",product-glossary,high,"Drawing screen, after tapping the check to seal: a sticker that saved but whose NFT mint wasn't confirmed (POST /api/stickers); the seal chip words this itself, so this is errorMessage's fallback",apps/frontend/src/i18n/strings/errors.ts,142,apps/frontend/src/i18n/strings/errors.ts:142
errors.network,errors,rewrite,low,"Couldn’t connect. Check your connection, then try again.",つながりませんでした。<wbr/>接続を<wbr/>確認して、<wbr/>もう一度<wbr/>お試しください。,,接続できませんでした。インターネット接続を確認して、もう一度お試しください。,つながりませんでした is understandable but underspecified; 接続を確認 lacks the object that established LINE messages provide.,source-backed,high,"Any screen, when a request gets no answer (offline, or it failed before a reply): shown through problemOf by the screen that made it",apps/frontend/src/i18n/strings/errors.ts,12,"apps/frontend/src/i18n/strings/errors.ts:12
https://help.line.me/line/smartphone?contentId=20027043&lang=ja"
errors.no_line_token,errors,keep,none,LINE didn’t sign you in. Reconnect with LINE to try again.,LINEの<wbr/>ログイン情報を<wbr/>取得できませんでした。<wbr/>LINEで<wbr/>再ログインしてください。,,,Japanese correctly explains inability to obtain sign-in information rather than falsely asserting LINE login itself failed.,source-backed,high,"Sign-in screen, under “Couldn’t sign you in”, over Reconnect with LINE: LINE is logged in but hands over no ID token to sign in to the app's server with (made by the app itself, shown through errorMessage)",apps/frontend/src/i18n/strings/errors.ts,17,"apps/frontend/src/i18n/strings/errors.ts:17
https://help.line.me/line/chrome/?contentId=50001462&lang=ja"
errors.no_sui_wallet,errors,keep,none,Your Sui address isn’t ready yet. Try again in a moment.,Suiアドレスの準備がまだできていません。少し待ってから、もう一度お試しください。,,,Glossary-approved address wording and a recovery step. Retain while the product exposes an address at this decision point.,product-glossary,high,"Sealing, Giving, Receiving and the reserve ticket checkout: the server found no Sui address for you yet (POST /api/stickers, /api/gifts, /api/gifts/receive, /api/ticket-purchases/start), through problemOf",apps/frontend/src/i18n/strings/errors.ts,279,apps/frontend/src/i18n/strings/errors.ts:279
errors.no_tickets_left,errors,keep,none,You’re out of tickets.,チケットが残っていません。,,,"Short, accurate state; wrapper provides the failed action.",product-glossary,high,"Drawing screen, starting a sticker: spending a ticket (POST /api/tickets/spend) with no daily or reserve tickets left, in the start card's “Couldn’t start your sticker” through errorMessage",apps/frontend/src/i18n/strings/errors.ts,147,apps/frontend/src/i18n/strings/errors.ts:147
errors.not_deposited,errors,keep,none,"Your sticker hasn’t reached the gift bag yet. Wait a moment, then try again.",シールがまだギフト袋に届いていません。少し待ってから、もう一度お試しください。,,,"Understandable gift-bag metaphor, matching the actual pending deposit. It says to wait rather than implying a second transfer is necessary.",product-glossary,high,"Giving, In the bag: recording that the gift was sent (POST /api/gifts/:giftId/shared) before its deposit landed in the escrow, in “couldn’t record” through problemOf; the Receive gift dialog shows its own “Almost here” screen instead",apps/frontend/src/i18n/strings/errors.ts,149,apps/frontend/src/i18n/strings/errors.ts:149
errors.not_giver,errors,keep,none,Only the giver can do that.,それができるのは贈り主だけです。,,,Accurate role restriction. It relies on the wrapper to name the failed action; context currently supplies it.,product-glossary,high,"Sticker detail's Transfer Trail: marking a Gratitude replay watched (POST /api/gratitude/:giftId/seen) by anyone but the gift's giver, in “Couldn’t mark this gratitude watched” through problemOf; the card marks it only for the giver",apps/frontend/src/i18n/strings/errors.ts,154,apps/frontend/src/i18n/strings/errors.ts:154
errors.not_minted,errors,keep,none,This sticker isn’t sealed on-chain yet.,このシールは、まだブロックチェーン上で仕上がっていません。,,,Accurate seal confirmation state; chain wording is the explicit glossary exception.,product-glossary,high,"Giving, In the bag: packing a sticker (POST /api/gifts) whose NFT isn't minted yet, in “couldn’t be packed” through problemOf",apps/frontend/src/i18n/strings/errors.ts,156,apps/frontend/src/i18n/strings/errors.ts:156
errors.not_original_artist,errors,keep,none,Only the person who drew this sticker can mark it 18+.,18+にできるのは、このシールの作者だけです。,,,"作者 accurately means the Original Artist here, unlike current holder. Keep.",product-glossary,high,"Sticker detail, Mark 18+: marking a sticker (POST /api/stickers/:stickerId/nsfw) that someone else drew, in the detail's error line",apps/frontend/src/i18n/strings/errors.ts,32,apps/frontend/src/i18n/strings/errors.ts:32
errors.not_receiver,errors,keep,none,Only the gift’s receiver can do that.,それができるのは、ギフトを受け取った人だけです。,,,Accurate role restriction and glossary-approved recipient wording.,product-glossary,high,"Gratitude Mini-game: recording a combo (POST /api/gratitude) on a gift someone else received; the Mini-game's receipt shows its own note instead, so this is errorMessage's fallback",apps/frontend/src/i18n/strings/errors.ts,161,apps/frontend/src/i18n/strings/errors.ts:161
errors.not_yours,errors,keep,none,That sticker isn’t yours.,そのシールは、あなたのものではありません。,,,Accurate current ownership refusal; no extra explanation needed.,product-glossary,high,"Giving, In the bag: packing a sticker someone else holds (POST /api/gifts), or a deposit, picker outcome or take-out on someone else's gift, through problemOf",apps/frontend/src/i18n/strings/errors.ts,166,apps/frontend/src/i18n/strings/errors.ts:166
errors.nsfw_not_opted_in,errors,keep,none,Only people who turned on Show 18+ stickers in Settings can receive 18+ stickers.,18+のシールを受け取れるのは、設定で「18+のシールを表示する」をオンにした人だけです。,,,Keep exact settings label and eligibility rule; removing it would erase the recovery path.,product-glossary,high,"Giving and Receiving: giving an 18+ sticker from a board (POST /api/gifts) to someone without Show 18+ stickers on, or receiving one (POST /api/gifts/receive) without it; in “couldn’t be packed” or the gift's refusal, through problemOf",apps/frontend/src/i18n/strings/errors.ts,27,apps/frontend/src/i18n/strings/errors.ts:27
errors.own_gift,errors,rewrite,medium,You can’t open your own gift.,自分が贈ったギフトは、ひらけません。,You can’t receive your own gift.,自分が贈ったギフトは受け取れません。,"Actual restriction is receipt by giver, not any ability to open/inspect the gift link.",editorial,high,Receiving: the giver opening their own gift message's link (POST /api/gifts/preview or /receive); the Receive gift dialog shows its own “This gift is on its way” screen instead,apps/frontend/src/i18n/strings/errors.ts,168,"apps/frontend/src/i18n/strings/errors.ts:168
apps/api/src/gifts/receiving.ts:130"
errors.pack_unknown,errors,keep,none,That ticket pack doesn’t exist.,そのチケットパックはありません。,,,Clear nonexistent-pack message; retry/navigation is supplied by checkout.,product-glossary,high,"Reserve ticket checkout, after tapping Pay: starting the purchase (POST /api/ticket-purchases/start) for a pack size the shop doesn't sell, under “Payment didn’t go through” through errorMessage; nothing was paid",apps/frontend/src/i18n/strings/errors.ts,170,apps/frontend/src/i18n/strings/errors.ts:170
errors.payment_not_landed,errors,rewrite,medium,Sui hasn’t answered about the payment yet.,支払いについてSuiからの応答がまだありません。,The payment hasn’t been confirmed yet.,支払いの完了をまだ確認できていません。,"Translation is faithful, but the actionable fact is unconfirmed payment rather than a named infrastructure service not answering.",editorial,high,"Reserve ticket checkout, after paying: the reason in “Tickets not added yet” when Sui's answer to the signed payment (POST /api/ticket-purchases) never came, under the key that sends it again",apps/frontend/src/i18n/strings/errors.ts,172,"apps/frontend/src/i18n/strings/errors.ts:172
apps/frontend/src/tickets/ReserveTicketCheckout.tsx"
errors.payment_not_yours,errors,rewrite,low,That payment was made for someone else’s tickets.,この支払いは別の人のチケットのものです。,,この支払いは、ほかの人のチケット購入に使われています。,"意味 is understandable, but 別の人のチケットのもの stacks possessives and is unnatural.",editorial,high,"Reserve ticket checkout, after paying: adding the tickets (POST /api/ticket-purchases) for someone else's purchase, or for a payment into the ticket vault that names someone else, in “Tickets not added yet” through errorReason",apps/frontend/src/i18n/strings/errors.ts,177,"apps/frontend/src/i18n/strings/errors.ts:177
https://developer.apple.com/jp/design/human-interface-guidelines/alerts"
errors.purchase_not_found,errors,keep,none,The Shop has no record of this purchase.,ショップにこの購入の記録がありません。,,,"Specific missing purchase record, without claiming a payment failed.",product-glossary,high,"Reserve ticket checkout, after paying: adding the tickets (POST /api/ticket-purchases) for a purchase the server has no record of, in “Tickets can’t be added” through errorReason",apps/frontend/src/i18n/strings/errors.ts,182,apps/frontend/src/i18n/strings/errors.ts:182
errors.replay_invalid,errors,keep,none,The gratitude replay couldn’t be read.,感謝のリプレイを読み取れませんでした。,,,Correct localized replay validation failure; detail remains separately available.,product-glossary,high,"Gratitude Mini-game: recording a combo (POST /api/gratitude) whose replay fails the server's checks; the Mini-game's receipt shows its own note instead, so this is errorMessage's fallback",apps/frontend/src/i18n/strings/errors.ts,187,apps/frontend/src/i18n/strings/errors.ts:187
errors.signature_invalid,errors,rewrite,medium,"Your Sui account’s signature didn’t match, so nothing moved. Try again.",Suiアカウントの署名が一致しなかったため、何も動いていません。もう一度お試しください。,Couldn’t verify this action. Your stickers and balance haven’t changed. Try again.,この操作を確認できませんでした。シールや残高は変わっていません。もう一度お試しください。,何も動いていません is literal and unclear. Translate the practical assurance while preserving diagnostic details separately.,editorial,high,"Giving and the reserve ticket checkout: a deposit, take-out or payment (POST /api/gifts/…, /api/ticket-purchases) whose signature isn't your Sui account's, through problemOf",apps/frontend/src/i18n/strings/errors.ts,254,"apps/frontend/src/i18n/strings/errors.ts:254
apps/frontend/src/i18n/errorMessage.ts:17; https://developer.apple.com/jp/design/human-interface-guidelines/alerts"
errors.signed_out,errors,keep,none,You’re signed out. Reopen Croquis from LINE to sign in again.,ログアウトされました。<wbr/>LINEから<wbr/>クロッキーを<wbr/>ひらき直して、<wbr/>もう一度<wbr/>ログインしてください。,,,Useful state and concrete sign-in recovery. ログアウトされました is normal Japanese system copy.,source-backed,high,"Sign-in screen, under “Couldn’t sign you in”: a request found the session gone (the cookie expired, or the account was deleted) and signing in again didn't hold; the app signs in again by itself the first time, so this shows only on that second failure, through errorMessage",apps/frontend/src/i18n/strings/errors.ts,192,"apps/frontend/src/i18n/strings/errors.ts:192
https://help.line.me/line/chrome/?contentId=50001462&lang=ja"
errors.sponsor_fund_empty,errors,rewrite,medium,"Croquis can’t pay Sui’s fee just now. Try again later, and tell the Croquis Official account in LINE if it keeps happening.",いまSuiの手数料を支払えません。時間をおいてもう一度お試しください。続く場合は、LINEのクロッキー公式アカウントにお知らせください。,,クロッキー側で処理を進められません。時間をおいてもう一度お試しください。続く場合は、LINEのクロッキー公式アカウントにお知らせください。,Japanese drops the English subject Croquis and can imply that the user cannot afford the fee. Name Croquis as the party having the problem.,editorial,high,"Giving and the reserve ticket checkout: packing, taking out or paying when the funds Croquis pays Sui's network fee from have run out, through problemOf",apps/frontend/src/i18n/strings/errors.ts,274,"apps/frontend/src/i18n/strings/errors.ts:274
apps/frontend/src/i18n/strings/errors.ts:277"
errors.sponsor_unavailable,errors,rewrite,low,Croquis can’t send this to Sui just now. Try again in a moment.,いまSuiに送信できません。少し待ってから、もう一度お試しください。,Croquis can’t complete this action right now. Try again in a moment.,いまはこの操作を完了できません。少し待ってから、もう一度お試しください。,Names infrastructure without telling people anything extra they can act on. Keep recovery and put technical cause in existing details.,editorial,high,"Giving and the reserve ticket checkout: packing, taking out or paying when Croquis can't get Sui's network fee paid just now, through problemOf",apps/frontend/src/i18n/strings/errors.ts,269,"apps/frontend/src/i18n/strings/errors.ts:269
https://developer.apple.com/jp/design/human-interface-guidelines/alerts"
errors.sponsorship_expired,errors,rewrite,medium,"That took too long, so it wasn’t sent, and nothing moved. Try again.",時間がかかりすぎたため送信されず、何も動いていません。もう一度お試しください。,The request timed out. Your stickers and balance haven’t changed. Try again.,処理がタイムアウトしました。シールや残高は変わっていません。もう一度お試しください。,"何も動いていません is unnatural; retain timeout, no-change assurance and retry in plain language.",editorial,high,"Giving and the reserve ticket checkout: a deposit, take-out or payment (POST /api/gifts/…, /api/ticket-purchases) signed after the server's sponsorship of it lapsed, so it was never sent; Giving packs again by itself first, so it shows only when that fails too, through problemOf",apps/frontend/src/i18n/strings/errors.ts,249,"apps/frontend/src/i18n/strings/errors.ts:249
https://developer.apple.com/jp/design/human-interface-guidelines/alerts"
errors.sponsorship_refused,errors,rewrite,medium,"Sui wouldn’t accept this, so it wasn’t sent, and nothing moved.",Suiで受け付けられない内容だったため送信されず、何も動いていません。,This action couldn’t be processed. Your stickers and balance haven’t changed.,この操作を処理できませんでした。シールや残高は変わっていません。,"No-action assurance is useful; replace the literal motion metaphor, keeping the underlying refusal in copyable details.",editorial,high,"Giving and the reserve ticket checkout: packing a sticker or starting a purchase (POST /api/gifts, /api/ticket-purchases/start) that Sui would refuse, such as a payment the balance can't cover, through problemOf",apps/frontend/src/i18n/strings/errors.ts,264,"apps/frontend/src/i18n/strings/errors.ts:264
https://developer.apple.com/jp/design/human-interface-guidelines/alerts"
errors.sticker_not_found,errors,keep,none,Couldn’t find this sticker. Go back to your board and try again.,このシールが見つかりませんでした。ボードに戻って、もう一度お試しください。,,,Accurate missing item and retry direction. Optional terminology polish to マイボード can be folded into a later consistency pass.,product-glossary,high,"Sticker detail: loading where it's been (GET /api/stickers/:stickerId), in “Couldn’t load where it’s been…”, or Giving: packing it (POST /api/gifts), in “couldn’t be packed”, through problemOf",apps/frontend/src/i18n/strings/errors.ts,197,apps/frontend/src/i18n/strings/errors.ts:197
errors.sticker_placement_not_found,errors,keep,none,That sticker isn’t on your sticker board.,そのシールは、あなたのシールボードにありません。,,,Accurate distinction between owning a sticker and having its placement on this board.,product-glossary,high,"Your sticker board: saving where a sticker sits after you move it (PATCH /api/sticker-boards/me/sticker-placements/:stickerId) when it never reached you, in “Couldn’t save where … sits” through problemOf",apps/frontend/src/i18n/strings/errors.ts,202,apps/frontend/src/i18n/strings/errors.ts:202
errors.sui_wallet_not_ready,errors,keep,none,Your Sui address isn’t ready yet. Try again.,Suiアドレスの準備がまだできていません。もう一度お試しください。,,,"Accurate, short prerequisite state using the product-approved address term.",product-glossary,high,"Giving, Receiving and the reserve ticket checkout: your Sui address, which keeps your stickers and pays, wasn't ready in time, Privy couldn't make it or start its signer, or Privy failed again after one fresh try; the reason follows in brackets, and nothing moved (made by the app itself, shown through problemOf); the drawing screen's seal chip words this failure itself",apps/frontend/src/i18n/strings/errors.ts,207,apps/frontend/src/i18n/strings/errors.ts:207
errors.take_out_not_landed,errors,rewrite,medium,Sui hasn’t answered about taking your sticker out yet. Try again; it won’t move twice.,シールの取り出しについてSuiからの応答がまだありません。もう一度お試しください。二重に動くことはありません。,Returning the sticker isn’t confirmed yet. Try again; it won’t be returned twice.,シールが戻ったか確認できていません。もう一度お試しください。二重に戻されることはありません。,"二重に動く is a literal motion metaphor; receipt of the response is uncertain. Name return confirmation, retain safe retry.",editorial,high,"Giving, In the bag: taking a sticker out when Sui's answer to its signed take-out (POST /api/gifts/:giftId/take-out) never came, in “couldn’t be taken out” through problemOf; Take it out sends the same take-out again",apps/frontend/src/i18n/strings/errors.ts,214,"apps/frontend/src/i18n/strings/errors.ts:214
apps/frontend/src/i18n/strings/errors.ts:233"
errors.taken_back,errors,keep,none,The giver took this gift back.,贈り主がこのギフトを取り消しました。,,,取消 appropriately conveys the giver withdrawing the gift. Keep distinct from expiry.,product-glossary,high,Receiving: opening a gift message's link (POST /api/gifts/preview or /receive) after the giver took the gift back; the Receive gift dialog shows its own “took this one back” screen instead,apps/frontend/src/i18n/strings/errors.ts,212,apps/frontend/src/i18n/strings/errors.ts:212
errors.ticket_already_used,errors,keep,none,That ticket was already used.,そのチケットは、すでに使われています。,,,Accurate refusal; do not imply a new ticket should automatically be spent.,product-glossary,high,"Drawing screen, after tapping the check to seal: the seal chip's reason when the drawing's ticket already became a sticker (POST /api/stickers), through errorMessage",apps/frontend/src/i18n/strings/errors.ts,219,apps/frontend/src/i18n/strings/errors.ts:219
errors.ticket_kind_changed,errors,keep,none,Your tickets changed. Try again.,チケットの状況が変わりました。もう一度お試しください。,,,"Accurate change in available ticket kind; useful retry prompt, no invented explanation.",product-glossary,high,"Drawing screen, starting a sticker: spending a ticket (POST /api/tickets/spend) when the next one isn't the daily or reserve kind the start card offered, in the start card's “Couldn’t start your sticker” through errorMessage",apps/frontend/src/i18n/strings/errors.ts,224,apps/frontend/src/i18n/strings/errors.ts:224
errors.ticket_not_found,errors,keep,none,"Couldn’t find that ticket. If it keeps happening, tell the Croquis Official account in LINE.",そのチケットが見つかりませんでした。続く場合は、LINEのクロッキー公式アカウントにお知らせください。,,,Specific missing ticket and persistent support route. Keep despite length.,product-glossary,high,"Drawing screen, after tapping the check to seal: the seal chip's reason when the ticket the drawing started on doesn't exist (POST /api/stickers), through errorMessage",apps/frontend/src/i18n/strings/errors.ts,229,apps/frontend/src/i18n/strings/errors.ts:229
errors.ticket_not_yours,errors,keep,none,That ticket isn’t yours.,そのチケットは、あなたのものではありません。,,,Accurate ticket ownership refusal.,product-glossary,high,"Drawing screen, after tapping the check to seal: the seal chip's reason when the ticket the drawing started on is someone else's (POST /api/stickers), through errorMessage",apps/frontend/src/i18n/strings/errors.ts,234,apps/frontend/src/i18n/strings/errors.ts:234
errors.timelapse_not_found,errors,keep,none,This sticker was sealed without its timelapse.,このシールは、タイムラプスなしで仕上げられました。,,,Accurate absent timelapse with glossary-prescribed seal wording.,product-glossary,high,"Sticker detail: loading a sticker's timelapse (GET /api/stickers/:stickerId/timelapse) when it was sealed without one, in “Couldn’t load the timelapse” through problemOf; Timelapse shows only for stickers that have one",apps/frontend/src/i18n/strings/errors.ts,239,apps/frontend/src/i18n/strings/errors.ts:239
errors.transaction_failed,errors,rewrite,medium,"Sui ran it, but it failed, so nothing moved.",Suiで実行されましたが失敗したため、何も動いていません。,This action failed. Your stickers and balance haven’t changed.,操作を完了できませんでした。シールや残高は変わっていません。,Suiで実行…何も動いていません is faithful but mechanically translated. Explain outcome rather than internal execution.,editorial,high,"Giving and the reserve ticket checkout: a deposit, take-out or payment (POST /api/gifts/…, /api/ticket-purchases) that Sui ran and failed; Sui's own words follow as fine print, through problemOf",apps/frontend/src/i18n/strings/errors.ts,259,"apps/frontend/src/i18n/strings/errors.ts:259
https://developer.apple.com/jp/design/human-interface-guidelines/alerts"
errors.unexpected,errors,keep,none,Something went wrong. Try again in a moment.,問題が発生しました。少し待ってから、もう一度お試しください。,,,Appropriately non-specific when the cause is unknown; preserve separate diagnostics. Do not fabricate a network cause.,editorial,high,"Any error line, when what failed isn't the server's answer but something on this phone or in a library, such as LINE's picker; its own English words follow as details for a report (made by the app itself, shown through problemOf)",apps/frontend/src/i18n/strings/errors.ts,289,"apps/frontend/src/i18n/strings/errors.ts:289
apps/frontend/src/i18n/errorMessage.ts:41"
errors.unknown,errors,context,low,"Something went wrong ({{code}}). Try again. If it keeps happening, tell the Croquis Official account in LINE.",問題が<wbr/>発生しました（{{code}}）。<wbr/>もう一度<wbr/>お試しください。<wbr/>続く場合は、<wbr/>LINEの<wbr/>クロッキー<wbr/>公式アカウントに<wbr/>お知らせください。,"Something went wrong. Try again. If it keeps happening, tell the Croquis Official account in LINE.",問題が発生しました。もう一度お試しください。続く場合は、LINEのクロッキー公式アカウントにお知らせください。,Error code interrupts the user sentence even though ErrorDetail already exposes the original diagnostic. Move the code to details; preserve support route.,editorial,high,"Any screen that shows a failed request through problemOf, when the server answers a code this catalog lacks (such as route_not_found); {{code}} is that code",apps/frontend/src/i18n/strings/errors.ts,7,"apps/frontend/src/i18n/strings/errors.ts:7
apps/frontend/src/i18n/errorMessage.ts:13; apps/frontend/src/ui/ErrorLine.tsx:12; https://developer.apple.com/jp/design/human-interface-guidelines/alerts"
errors.user_not_found,errors,rewrite,low,Couldn’t find that artist. Search for them in Explore to check the handle.,そのアーティストが見つかりませんでした。さがすでユーザー名を確認してください。,,そのアーティストが見つかりませんでした。「さがす」でユーザー名を確認してください。,さがすで is difficult to parse as a tab name. Quote the actual destination label.,editorial,high,"An artist's sticker board: loading their board or stats (GET /api/sticker-boards/:userId, …/user-stats) for a person who doesn't exist, in “Couldn’t load …’s board” or “Their stats didn’t load” through problemOf",apps/frontend/src/i18n/strings/errors.ts,244,"apps/frontend/src/i18n/strings/errors.ts:244
apps/frontend/src/i18n/glossary.md"
errors.wallet_lookup_failed,errors,keep,none,Couldn’t get the Sui address just now. Try again in a moment.,Suiアドレスをいま取得できません。少し待ってから、もう一度お試しください。,,,Accurate address lookup failure and recovery; technical object is already exposed in this surface.,product-glossary,high,"Someone else's stat board: loading their Sui address (GET /api/sticker-boards/:userId/sui-address) when Privy, which keeps the wallets, didn't answer; the address paper says it didn't load, with Try again",apps/frontend/src/i18n/strings/errors.ts,284,apps/frontend/src/i18n/strings/errors.ts:284
explore.failed.explore,explore,rewrite,low,Couldn’t load Explore: {{reason}},「さがす」を読み込めませんでした：{{reason}},,「さがす」の内容を読み込めませんでした：{{reason}},The screen name is valid but 「さがす」を読み込む sounds like loading a verb. Name its contents while preserving the separate localized reason.,editorial,high,"Explore tab, when it fails to load: the alert, before Try again; {{reason}} is why",apps/frontend/src/i18n/strings/explore.ts,161,"apps/frontend/src/i18n/strings/explore.ts:161
apps/frontend/src/i18n/strings/explore.ts:161
https://support.google.com/chrome/answer/95669?hl=ja
apps/frontend/src/explore/ExploreScreen.tsx:808
apps/frontend/src/explore/ExploreScreen.tsx:542"
explore.failed.searchResults,explore,keep,none,Couldn’t load search results: {{reason}},検索結果を読み込めませんでした：{{reason}},,,"Search results are the failed object; natural Japanese error construction, with the variable carrying the actual reason and a separate retry control.",established-UI,high,"Explore tab, when a search fails to load: the alert, before Try again; {{reason}} is why",apps/frontend/src/i18n/strings/explore.ts,166,"apps/frontend/src/i18n/strings/explore.ts:166
apps/frontend/src/i18n/strings/explore.ts:166
https://help.x.com/ja/using-x/x-search-people
apps/frontend/src/explore/ExploreScreen.tsx:542"
explore.figure.gratitude,explore,keep,none,{{amount}}<hidden> gratitude</hidden>,<hidden>感謝</hidden>{{amount}},,,Hidden 感謝 identifies the number for assistive technology while the icon provides visual context. Do not delete as duplicate copy.,product-glossary,high,"Explore tab, Most gratitude leaderboard: the figure at the end of each row, that person's gratitude this week; the <hidden> words are for screen readers only",apps/frontend/src/i18n/strings/explore.ts,146,"apps/frontend/src/i18n/strings/explore.ts:146
apps/frontend/src/i18n/strings/explore.ts:146
apps/frontend/src/explore/ExploreScreen.tsx:134
apps/frontend/src/i18n/glossary.md:1"
explore.figure.streakSpoken_one,explore,intentional-fallback,none,{{count}} day,,,,English singular supports the count-aware screen-reader branch; Japanese correctly selects the _other branch for every count.,product-glossary,high,"Explore tab, Streak leaderboard: what screen readers say in place of the figure when the streak is one day",apps/frontend/src/i18n/strings/explore.ts,155,"apps/frontend/src/i18n/strings/explore.ts:155
apps/frontend/src/i18n/strings/explore.ts:155
apps/frontend/src/explore/ExploreScreen.tsx:134
apps/frontend/src/i18n/glossary.md:1
apps/frontend/src/i18n/i18n.ts:37"
explore.figure.streakSpoken_other,explore,keep,none,{{count}} days,{{count}}日,,,日 is the correct duration counter; the accessible alternative supplies the unit without visual styling interruptions.,product-glossary,high,"Explore tab, Streak leaderboard: what screen readers say in place of the figure, that person's streak in days",apps/frontend/src/i18n/strings/explore.ts,157,"apps/frontend/src/i18n/strings/explore.ts:157
apps/frontend/src/i18n/strings/explore.ts:157
apps/frontend/src/explore/ExploreScreen.tsx:134
apps/frontend/src/i18n/glossary.md:1"
explore.figure.streak_one,explore,intentional-fallback,none,{{count}}<small>day</small>,,,,"The English singular day is used through count-aware Trans; the Japanese blank is intentional, not a missing translation.",product-glossary,high,"Explore tab, Streak leaderboard: the figure at the end of a row whose streak is one day, the unit set small",apps/frontend/src/i18n/strings/explore.ts,151,"apps/frontend/src/i18n/strings/explore.ts:151
apps/frontend/src/i18n/strings/explore.ts:151
apps/frontend/src/explore/ExploreScreen.tsx:134
apps/frontend/src/i18n/glossary.md:1
apps/frontend/src/i18n/i18n.ts:37"
explore.figure.streak_other,explore,keep,none,{{count}}<small>days</small>,{{count}}<small>日</small>,,,The small 日 unit is concise and grammatically sound; count and tag placement match the displayed duration.,product-glossary,high,"Explore tab, Streak leaderboard: the figure at the end of each row, that person's streak in days, the unit set small",apps/frontend/src/i18n/strings/explore.ts,153,"apps/frontend/src/i18n/strings/explore.ts:153
apps/frontend/src/i18n/strings/explore.ts:153
apps/frontend/src/explore/ExploreScreen.tsx:134
apps/frontend/src/i18n/glossary.md:1"
explore.leaderboards.bestCombo,explore,keep,none,Best combo,最高コンボ,,,最高コンボ is the approved ranking name; do not replace it with a different superlative or monetary score term.,product-glossary,high,"Explore tab, This week view: the second board, ranking people by the most hits in one gratitude combo this week; its tab on a phone, the label over its board on an iPad",apps/frontend/src/i18n/strings/explore.ts,139,"apps/frontend/src/i18n/strings/explore.ts:139
apps/frontend/src/i18n/strings/explore.ts:139
https://blog.duolingo.com/ja/how-to-use-duolingo/
apps/frontend/src/explore/ExploreScreen.tsx:410
apps/frontend/src/i18n/glossary.md:1"
explore.leaderboards.longestStreak,explore,keep,none,Streak,連続日数,,,"The code ranks current consecutive days, not historical best, so visible Streak/連続日数 is correct despite the internal key name.",product-glossary,high,"Explore tab, This week view: the third board, ranking people by their current streak of days sealing a sticker; its tab on a phone, the label over its board on an iPad",apps/frontend/src/i18n/strings/explore.ts,141,"apps/frontend/src/i18n/strings/explore.ts:141
apps/frontend/src/i18n/strings/explore.ts:141
https://blog.duolingo.com/ja/how-to-use-duolingo/
apps/frontend/src/explore/ExploreScreen.tsx:410
apps/frontend/src/i18n/glossary.md:1"
explore.leaderboards.mostGratitude,explore,keep,none,Most gratitude,感謝の数,,,感謝の数 identifies what this ranking counts without inventing a points or money term; the amount is this week's gratitude.,product-glossary,high,"Explore tab, This week view: the first board, ranking people by the gratitude they earned this week; its tab on a phone, the label over its board on an iPad",apps/frontend/src/i18n/strings/explore.ts,137,"apps/frontend/src/i18n/strings/explore.ts:137
apps/frontend/src/i18n/strings/explore.ts:137
https://blog.duolingo.com/ja/how-to-use-duolingo/
apps/frontend/src/explore/ExploreScreen.tsx:410
apps/frontend/src/i18n/glossary.md:1"
explore.lifted.caption,explore,keep,none,{{no}} · <duration/> · {{day}},{{no}}・<wbr/><duration/>・<wbr/>{{day}},,,"Compact metadata already avoids prose; Japanese interpuncts and break hints preserve number, duration, and date.",established-UI,high,"Explore tab, lifted sticker: fine print under the artist chip: the number, drawing time and the day it was sealed",apps/frontend/src/i18n/strings/explore.ts,176,"apps/frontend/src/i18n/strings/explore.ts:176
apps/frontend/src/i18n/strings/explore.ts:176
apps/frontend/src/explore/LiftedSticker.tsx:144"
explore.lifted.captionGiven,explore,keep,none,{{no}} · <duration/> · {{day}} · to <receiver/>,{{no}}・<wbr/><duration/>・<wbr/>{{day}}・<wbr/><receiver/>さんへ,,,"Receiver is added only when the sticker was given; さんへ is natural recipient notation, not redundant instruction.",product-glossary,high,"Explore tab, lifted sticker: the same fine print for a sticker someone was given; <receiver/> is their @handle",apps/frontend/src/i18n/strings/explore.ts,181,"apps/frontend/src/i18n/strings/explore.ts:181
apps/frontend/src/i18n/strings/explore.ts:181
apps/frontend/src/explore/LiftedSticker.tsx:144
apps/frontend/src/i18n/glossary.md:1"
explore.lifted.goToBoard,explore,shorten,low,Go to {{artist}}’s sticker board,{{artist}}さんのシールボードへ,{{artist}}’s sticker board,,"The visible artist chip already names the person, but the action must retain its destination. Remove only the English Go to scaffolding; Japanese is already compact.",editorial,high,"Explore tab, lifted sticker: label stock under the fine print that opens the artist's sticker board",apps/frontend/src/i18n/strings/explore.ts,186,"apps/frontend/src/i18n/strings/explore.ts:186
apps/frontend/src/i18n/strings/explore.ts:186
apps/frontend/src/explore/LiftedSticker.tsx:240
apps/frontend/src/explore/LiftedSticker.tsx:144"
explore.lifted.label,explore,keep,none,{{no}} by {{artist}},{{artist}}さんの{{no}},,,Dialog name identifies both creator and sticker number; さんの is natural and cannot be removed without weakening accessibility.,product-glossary,high,"Explore tab, lifted sticker: screen readers' name for the sheet, the sticker's number and who drew it",apps/frontend/src/i18n/strings/explore.ts,174,"apps/frontend/src/i18n/strings/explore.ts:174
apps/frontend/src/i18n/strings/explore.ts:174
apps/frontend/src/explore/LiftedSticker.tsx:144
apps/frontend/src/i18n/glossary.md:1"
explore.lifted.next,explore,keep,none,Next sticker,次のシール,,,Accessible arrow name explicitly names the next sticker; standard 次の construction.,established-UI,high,"Explore tab, lifted sticker: screen readers' name for the small arrow right of the sticker, which lifts the one after it",apps/frontend/src/i18n/strings/explore.ts,192,"apps/frontend/src/i18n/strings/explore.ts:192
apps/frontend/src/i18n/strings/explore.ts:192
https://help.line.me/line/smartphone/sp?contentId=20018213&lang=ja
apps/frontend/src/explore/LiftedSticker.tsx:144"
explore.lifted.previous,explore,keep,none,Previous sticker,前のシール,,,Accessible arrow name distinguishes previous from next; standard 前の construction.,established-UI,high,"Explore tab, lifted sticker: screen readers' name for the small arrow left of the sticker, which lifts the one before it",apps/frontend/src/i18n/strings/explore.ts,190,"apps/frontend/src/i18n/strings/explore.ts:190
apps/frontend/src/i18n/strings/explore.ts:190
https://help.line.me/line/smartphone/sp?contentId=20018213&lang=ja
apps/frontend/src/explore/LiftedSticker.tsx:144"
explore.lifted.putBack,explore,rewrite,low,Put back,戻す,Close,閉じる,"The action only dismisses the preview, not a board edit or ownership transfer. 戻す can imply undoing a change; 閉じる is the established dialog action.",editorial,medium,"Explore tab, lifted sticker: the quiet link at the sheet's foot that puts the sticker back on the pile",apps/frontend/src/i18n/strings/explore.ts,188,"apps/frontend/src/i18n/strings/explore.ts:188
apps/frontend/src/i18n/strings/explore.ts:188
https://help.line.me/line/smartphone/sp?contentId=20018213&lang=ja
apps/frontend/src/explore/LiftedSticker.tsx:245
apps/frontend/src/explore/LiftedSticker.tsx:144"
explore.lifted.shown,explore,keep,none,"{{no}} by {{artist}}, {{position}} of {{setSize}}",{{artist}}さんの{{no}}、{{setSize}}枚中{{position}}枚目,,,The live announcement includes position within the loaded set; Japanese 枚中…枚目 correctly distinguishes total and ordinal.,product-glossary,high,"Explore tab, lifted sticker: what screen readers hear on paging: the sticker, its artist and where it is in the pile",apps/frontend/src/i18n/strings/explore.ts,194,"apps/frontend/src/i18n/strings/explore.ts:194
apps/frontend/src/i18n/strings/explore.ts:194
apps/frontend/src/explore/LiftedSticker.tsx:144
apps/frontend/src/i18n/glossary.md:1"
explore.loading,explore,keep,none,Loading Explore,「さがす」を読み込んでいます,,,Only announced to assistive technology while skeletons show; retaining it provides loading feedback without visible clutter.,product-glossary,high,"Explore tab, on opening it: what screen readers hear while the sticker pile or the leaderboards load",apps/frontend/src/i18n/strings/explore.ts,31,"apps/frontend/src/i18n/strings/explore.ts:31
apps/frontend/src/i18n/strings/explore.ts:31
apps/frontend/src/explore/ExploreScreen.tsx:482
apps/frontend/src/i18n/glossary.md:1"
explore.pile.ago.days_one,explore,intentional-fallback,none,{{count}} day ago,,,,English singular required for the relative-time formatter; Japanese intentionally has no _one value.,established-UI,high,"Explore tab, Stickers view: the end of a sticker's name for screen readers, sealed a day ago",apps/frontend/src/i18n/strings/explore.ts,103,"apps/frontend/src/i18n/strings/explore.ts:103
apps/frontend/src/i18n/strings/explore.ts:103
apps/frontend/src/explore/StickerPile.tsx:135
apps/frontend/src/i18n/i18n.ts:37"
explore.pile.ago.days_other,explore,keep,none,{{count}} days ago,{{count}}日前,,,The elapsed whole-day value is naturally rendered 日前; correct unit and suffix order.,established-UI,high,"Explore tab, Stickers view: the end of a sticker's name for screen readers, sealed days ago",apps/frontend/src/i18n/strings/explore.ts,105,"apps/frontend/src/i18n/strings/explore.ts:105
apps/frontend/src/i18n/strings/explore.ts:105
apps/frontend/src/explore/StickerPile.tsx:135"
explore.pile.ago.hours,explore,keep,none,{{hours}} hr ago,{{hours}}時間前,,,時間前 matches whole elapsed hours supplied by the formatter; English hr is a normal compact abbreviation.,established-UI,high,"Explore tab, Stickers view: the end of a sticker's name for screen readers, sealed an hour to a day ago",apps/frontend/src/i18n/strings/explore.ts,101,"apps/frontend/src/i18n/strings/explore.ts:101
apps/frontend/src/i18n/strings/explore.ts:101
apps/frontend/src/explore/StickerPile.tsx:135"
explore.pile.ago.justNow,explore,keep,none,just now,たった今,,,たった今 naturally represents less than one minute in a relative timestamp.,established-UI,high,"Explore tab, Stickers view: the end of a sticker's name for screen readers, sealed under a minute ago",apps/frontend/src/i18n/strings/explore.ts,97,"apps/frontend/src/i18n/strings/explore.ts:97
apps/frontend/src/i18n/strings/explore.ts:97
apps/frontend/src/explore/StickerPile.tsx:135"
explore.pile.ago.minutes,explore,keep,none,{{minutes}} min ago,{{minutes}}分前,,,分前 correctly follows the numerical minute count; this is assistive metadata rather than prose.,established-UI,high,"Explore tab, Stickers view: the end of a sticker's name for screen readers, sealed a minute to an hour ago",apps/frontend/src/i18n/strings/explore.ts,99,"apps/frontend/src/i18n/strings/explore.ts:99
apps/frontend/src/i18n/strings/explore.ts:99
apps/frontend/src/explore/StickerPile.tsx:135"
explore.pile.arrivals_one,explore,intentional-fallback,none,{{count}} new sticker since you last looked,,,,Count-aware English singular is needed for one fresh sticker; Japanese _other supplies the actual Japanese announcement.,product-glossary,high,"Explore tab, Stickers view: what screen readers hear once as the pile opens, when one sticker arrived since your last look",apps/frontend/src/i18n/strings/explore.ts,73,"apps/frontend/src/i18n/strings/explore.ts:73
apps/frontend/src/i18n/strings/explore.ts:73
apps/frontend/src/explore/StickerPile.tsx:499
apps/frontend/src/i18n/glossary.md:1
apps/frontend/src/i18n/i18n.ts:37"
explore.pile.arrivals_other,explore,rewrite,low,{{count}} new stickers since you last looked,前に見たときから、新しいシールが{{count}}枚あります,,前回見たときから、シールが{{count}}枚増えました,前に見たときから…あります is a literal static description. 増えました states what changed since the last visit more naturally while keeping the count.,editorial,high,"Explore tab, Stickers view: what screen readers hear once as the pile opens, when stickers arrived since your last look",apps/frontend/src/i18n/strings/explore.ts,75,"apps/frontend/src/i18n/strings/explore.ts:75
apps/frontend/src/i18n/strings/explore.ts:75
apps/frontend/src/explore/StickerPile.tsx:527
apps/frontend/src/explore/StickerPile.tsx:499"
explore.pile.empty,explore,shorten,low,The first sticker sealed today lands here.,今日<wbr/>さいしょに仕上がったシールが、<wbr/>ここに落ちてきます。,No stickers sealed today yet.,今日仕上がったシールはまだありません。,The long explanation of the first sticker physically falling narrates the animation. A brief empty-day statement conveys the useful fact.,editorial,high,"Explore tab, Stickers view: the line under a faint sticker outline on today's floor while no one has sealed a sticker today",apps/frontend/src/i18n/strings/explore.ts,68,"apps/frontend/src/i18n/strings/explore.ts:68
apps/frontend/src/i18n/strings/explore.ts:68
apps/frontend/src/explore/StickerPile.tsx:613
apps/frontend/src/explore/StickerPile.tsx:499"
explore.pile.older.arrived,explore,rewrite,low,"Older stickers added, back to {{day}}",{{day}}までのシールを追加しました,Now showing stickers from {{day}} onward,{{day}}以降のシールを表示しました,まで can mean the wrong time direction. Starting at the oldest displayed day and indicating that later days are visible avoids ambiguity.,editorial,high,"Explore tab, Stickers view, scrolled near the pile's end: what screen readers hear once older days are laid out under it; {{day}} is the oldest now shown, such as September 24",apps/frontend/src/i18n/strings/explore.ts,84,"apps/frontend/src/i18n/strings/explore.ts:84
apps/frontend/src/i18n/strings/explore.ts:84
apps/frontend/src/explore/StickerPile.tsx:539
apps/frontend/src/explore/StickerPile.tsx:499"
explore.pile.older.failed,explore,rewrite,low,Couldn’t load older stickers: {{reason}},前の日のシールを読み込めませんでした：{{reason}},,過去のシールを読み込めませんでした：{{reason}},"前の日 sounds like just the immediately previous day, but paging can fetch many older days. Use 過去のシール and preserve the failure reason.",editorial,high,"Explore tab, Stickers view, scrolled near the pile's end: the alert where the next older day would be when it didn't load, before Try again; {{reason}} is why",apps/frontend/src/i18n/strings/explore.ts,89,"apps/frontend/src/i18n/strings/explore.ts:89
apps/frontend/src/i18n/strings/explore.ts:89
https://support.google.com/chrome/answer/95669?hl=ja
apps/frontend/src/explore/StickerPile.tsx:499"
explore.pile.older.loading,explore,rewrite,low,Loading older stickers,前の日のシールを読み込んでいます,,過去のシールを読み込んでいます,"The paging operation loads older dates, not only the previous day. 過去のシール is more accurate.",editorial,high,"Explore tab, Stickers view, scrolled near the pile's end: what screen readers hear while the next page of older stickers loads under the last day",apps/frontend/src/i18n/strings/explore.ts,82,"apps/frontend/src/i18n/strings/explore.ts:82
apps/frontend/src/i18n/strings/explore.ts:82
apps/frontend/src/explore/StickerPile.tsx:499"
explore.pile.sticker,explore,keep,none,"{{number}} by {{artist}}, {{ago}}",{{artist}}の{{number}}、{{ago}},,,"The artist, sticker number, and relative age are all needed in the accessible pile item name. The current の construction is grammatical.",product-glossary,high,"Explore tab, Stickers view: screen readers' name for a sticker in the pile, such as ""No.0147 by @mika, 5 min ago""; a tap opens it",apps/frontend/src/i18n/strings/explore.ts,59,"apps/frontend/src/i18n/strings/explore.ts:59
apps/frontend/src/i18n/strings/explore.ts:59
apps/frontend/src/explore/StickerPile.tsx:499
apps/frontend/src/i18n/glossary.md:1"
explore.pile.stickerGiven,explore,keep,none,"{{number}} by {{artist}}, {{ago}}, given to {{receiver}}",{{artist}}の{{number}}、{{ago}}、{{receiver}}さんに贈られました,,,The extra receiver information is conditional and describes the last gift; さんに贈られました matches that event.,product-glossary,high,"Explore tab, Stickers view: screen readers' name for a sticker in the pile that was given, with who it last went to",apps/frontend/src/i18n/strings/explore.ts,61,"apps/frontend/src/i18n/strings/explore.ts:61
apps/frontend/src/i18n/strings/explore.ts:61
apps/frontend/src/explore/StickerPile.tsx:499
apps/frontend/src/i18n/glossary.md:1"
explore.pile.to,explore,keep,none,to <handle/>,<handle/>さんへ,,,"A short recipient tag, not a verb instruction; さんへ works with a handle component.",product-glossary,high,"Explore tab, Stickers view: the aqua tag under a given sticker's name tag; <handle/> is who it went to",apps/frontend/src/i18n/strings/explore.ts,66,"apps/frontend/src/i18n/strings/explore.ts:66
apps/frontend/src/i18n/strings/explore.ts:66
apps/frontend/src/explore/StickerPile.tsx:499
apps/frontend/src/i18n/glossary.md:1"
explore.pile.today,explore,context,low,Today,今日,,,"Today is the app's JST ticket day, not necessarily the device-local date. Translation is sound; timezone interpretation needs one deliberate product convention.",product-glossary,medium,"Explore tab, Stickers view: screen readers' heading for today's heap",apps/frontend/src/i18n/strings/explore.ts,53,"apps/frontend/src/i18n/strings/explore.ts:53
apps/frontend/src/i18n/strings/explore.ts:53
apps/frontend/src/explore/pileDays.ts:9
apps/frontend/src/i18n/format.ts:8
apps/frontend/src/explore/StickerPile.tsx:499
apps/frontend/src/i18n/glossary.md:1"
explore.pile.todayBadge,explore,context,low,Today {{date}},今日・{{date}},,,The badge preserves the product's compact month.day design. It is sound in Japanese but Today follows the JST ticket day while other dates use device time.,product-glossary,medium,"Explore tab, Stickers view: the yellow dot badge on today's perforation, with the date, such as 9.26",apps/frontend/src/i18n/strings/explore.ts,57,"apps/frontend/src/i18n/strings/explore.ts:57
apps/frontend/src/i18n/strings/explore.ts:57
apps/frontend/src/explore/pileDays.ts:9
apps/frontend/src/i18n/format.ts:8
apps/frontend/src/explore/StickerPile.tsx:499
apps/frontend/src/i18n/glossary.md:1"
explore.pile.yesterday,explore,context,low,Yesterday,昨日,,,昨日 correctly translates the previous ticket day; same JST-versus-device-time context issue as 今日.,product-glossary,medium,"Explore tab, Stickers view: screen readers' heading for yesterday's heap; older days are their date, in the app's language",apps/frontend/src/i18n/strings/explore.ts,55,"apps/frontend/src/i18n/strings/explore.ts:55
apps/frontend/src/i18n/strings/explore.ts:55
apps/frontend/src/explore/pileDays.ts:9
apps/frontend/src/i18n/format.ts:8
apps/frontend/src/explore/StickerPile.tsx:499
apps/frontend/src/i18n/glossary.md:1"
explore.search.artists_one,explore,intentional-fallback,none,{{count}} artist,,,,"English singular supports one visible result; Japanese deliberately uses _other, which has the correct 人 counter.",established-UI,high,"Explore tab, while searching: fine print over the results when one artist's handle matches; screen readers hear it from the status line too",apps/frontend/src/i18n/strings/explore.ts,14,"apps/frontend/src/i18n/strings/explore.ts:14
apps/frontend/src/i18n/strings/explore.ts:14
https://help.x.com/ja/using-x/x-search-people
apps/frontend/src/explore/ExploreScreen.tsx:555
apps/frontend/src/explore/ExploreScreen.tsx:603
apps/frontend/src/explore/ExploreScreen.tsx:755
apps/frontend/src/i18n/i18n.ts:37"
explore.search.artists_other,explore,keep,none,{{count}} artists,アーティスト{{count}}人,,,"人 correctly counts people, not artworks. This describes displayed matches; backend caps the list, so it must not be advertised as a complete total.",established-UI,high,"Explore tab, while searching: fine print over the results with how many artists' handles match; screen readers hear it from the status line too",apps/frontend/src/i18n/strings/explore.ts,16,"apps/frontend/src/i18n/strings/explore.ts:16
apps/frontend/src/i18n/strings/explore.ts:16
https://help.x.com/ja/using-x/x-search-people
apps/frontend/src/explore/ExploreScreen.tsx:555
apps/frontend/src/explore/ExploreScreen.tsx:603
apps/frontend/src/explore/ExploreScreen.tsx:755"
explore.search.clear,explore,keep,none,Clear search,検索をクリア,,,Clear search accurately describes emptying the input; 検索をクリア is conventional and distinct from the drawing screen's 消去.,established-UI,high,"Explore tab, top: screen readers' name for the X button that appears in the search field once you've typed, and empties it",apps/frontend/src/i18n/strings/explore.ts,10,"apps/frontend/src/i18n/strings/explore.ts:10
apps/frontend/src/i18n/strings/explore.ts:10
https://help.x.com/ja/using-x/x-search-people
apps/frontend/src/explore/ExploreScreen.tsx:555
apps/frontend/src/explore/ExploreScreen.tsx:603
apps/frontend/src/explore/ExploreScreen.tsx:755"
explore.search.label,explore,keep,none,Search artists by handle,ユーザー名でアーティストをさがす,,,"This is the necessary accessible field name: the server searches usernames, not display names. X's Japanese help explicitly separates the two.",source-backed,high,"Explore tab, top: screen readers' name for the artist search field",apps/frontend/src/i18n/strings/explore.ts,8,"apps/frontend/src/i18n/strings/explore.ts:8
apps/frontend/src/i18n/strings/explore.ts:8
https://help.x.com/ja/managing-your-account/change-x-handle
apps/frontend/src/explore/ExploreScreen.tsx:555
apps/frontend/src/explore/ExploreScreen.tsx:603
apps/frontend/src/explore/ExploreScreen.tsx:755"
explore.search.notFound.lead,explore,rewrite,high,"Handles are exact, so check the spelling with them. If they’re your LINE friend, give them a sticker from your board in a LINE chat: receiving it brings them in.",ユーザー名はつづりが正確でないと見つかりません。本人に確認してください。LINEの友だちなら、シールボードからトークでシールを贈りましょう。受け取れば、その友だちもクロッキーに参加できます。,Check the username or try part of it.,ユーザー名を確認するか、一部を入力してみてください。,Exact-match instruction contradicts case-insensitive substring search. The LINE-gifting tutorial adds an unrelated next task to a failed search; remove that tutorial and give brief search recovery advice.,editorial,high,"Explore tab, after a search that matches no one: the paragraph under the heading, on checking the spelling or inviting a LINE friend with a sticker",apps/frontend/src/i18n/strings/explore.ts,24,"apps/frontend/src/i18n/strings/explore.ts:24
apps/frontend/src/i18n/strings/explore.ts:24
https://help.x.com/ja/managing-your-account/change-x-handle
apps/api/src/explore/userSearch.ts:23
apps/frontend/src/explore/ExploreScreen.tsx:609
apps/frontend/src/explore/ExploreScreen.tsx:555
apps/frontend/src/explore/ExploreScreen.tsx:603
apps/frontend/src/explore/ExploreScreen.tsx:755"
explore.search.notFound.title,explore,rewrite,medium,No one here is {{handle}} yet,{{handle}}さんは<wbr/>まだクロッキーに<wbr/>いません,No matches for {{handle}},「{{handle}}」の検索結果はありません,A substring query is not a known person; absence from results does not justify saying that person has not joined. State no matching results.,editorial,high,"Explore tab, after a search that matches no one: the heading, with the searched handle; screen readers hear it from the status line too",apps/frontend/src/i18n/strings/explore.ts,19,"apps/frontend/src/i18n/strings/explore.ts:19
apps/frontend/src/i18n/strings/explore.ts:19
https://help.x.com/ja/using-x/x-search-people
apps/api/src/explore/userSearch.ts:19
apps/frontend/src/explore/ExploreScreen.tsx:603
apps/frontend/src/explore/ExploreScreen.tsx:555
apps/frontend/src/explore/ExploreScreen.tsx:755"
explore.search.placeholder,explore,rewrite,medium,Search artists,アーティストをさがす,Search by username,ユーザー名でさがす,Visible placeholder omits that only usernames work; the precise accessible label is not visible. Tell sighted users what to enter as well.,editorial,high,"Explore tab, top: placeholder text in the artist search field, beside its @ icon, until you type",apps/frontend/src/i18n/strings/explore.ts,6,"apps/frontend/src/i18n/strings/explore.ts:6
apps/frontend/src/i18n/strings/explore.ts:6
https://help.x.com/ja/managing-your-account/change-x-handle
apps/frontend/src/explore/ExploreScreen.tsx:755
apps/api/src/explore/userSearch.ts:23
apps/frontend/src/explore/ExploreScreen.tsx:555
apps/frontend/src/explore/ExploreScreen.tsx:603"
explore.search.searching,explore,keep,none,Searching…,検索中…,,,Short conventional progress state in a live region; necessary search feedback and no visible filler.,established-UI,high,"Explore tab, while searching: what screen readers hear while the search is out, from the status line under the search field",apps/frontend/src/i18n/strings/explore.ts,12,"apps/frontend/src/i18n/strings/explore.ts:12
apps/frontend/src/i18n/strings/explore.ts:12
https://help.x.com/ja/using-x/x-search-people
apps/frontend/src/explore/ExploreScreen.tsx:555
apps/frontend/src/explore/ExploreScreen.tsx:603
apps/frontend/src/explore/ExploreScreen.tsx:755"
explore.stickerBoard.theirs,explore,keep,none,{{handle}}’s sticker board,{{handle}}さんのシールボード,,,Accessible destination description disambiguates a person-row action. さんのシールボード is grammatical and respects approved vocabulary.,product-glossary,high,"Explore tab: screen readers' description of someone's search result or leaderboard row, after the row's own text: it opens their sticker board when tapped",apps/frontend/src/i18n/strings/explore.ts,39,"apps/frontend/src/i18n/strings/explore.ts:39
apps/frontend/src/i18n/strings/explore.ts:39
apps/frontend/src/explore/ExploreScreen.tsx:73
apps/frontend/src/i18n/glossary.md:1"
explore.stickerBoard.yours,explore,keep,none,Your sticker board,あなたのシールボード,,,Accessible destination description accurately indicates own board. Keep semantic detail even if the row separately says You.,product-glossary,high,"Explore tab: screen readers' description of your search result or leaderboard row, after the row's own text: it opens your sticker board when tapped",apps/frontend/src/i18n/strings/explore.ts,37,"apps/frontend/src/i18n/strings/explore.ts:37
apps/frontend/src/i18n/strings/explore.ts:37
apps/frontend/src/explore/ExploreScreen.tsx:73
apps/frontend/src/i18n/glossary.md:1"
explore.thisWeek.empty.bestCombo,explore,shorten,low,No one is on it yet this week. Receive a sticker and send gratitude: your best combo counts here.,今週はまだ誰もランクインしていません。シールを受け取って感謝を送ると、最高コンボがここに載ります。,No combos recorded this week yet.,今週はまだコンボの記録がありません。,"The blank ranking already shows there are no entries; two explanatory sentences are more than needed. Keep a brief reason or action, retaining 最高コンボ.",editorial,high,"Explore tab, This week view, Best combo leaderboard with no one on it: the note in place of the rows",apps/frontend/src/i18n/strings/explore.ts,123,"apps/frontend/src/i18n/strings/explore.ts:123
apps/frontend/src/i18n/strings/explore.ts:123
https://blog.duolingo.com/ja/how-to-use-duolingo/
apps/frontend/src/explore/ExploreScreen.tsx:354
apps/frontend/src/explore/ExploreScreen.tsx:384
apps/frontend/src/explore/ExploreScreen.tsx:404"
explore.thisWeek.empty.longestStreak,explore,shorten,medium,No one has a streak going. Seal a sticker today to start yours.,連続している人はまだいません。今日シールを仕上げると、連続日数がはじまります。,No active streaks yet.,まだ連続日数の記録がありません。,連続している人 is incomplete Japanese: it fails to say what people continue doing. Name the streak record and omit the tutorial sentence.,editorial,high,"Explore tab, This week view, Streak leaderboard with no one on it: the note in place of the rows",apps/frontend/src/i18n/strings/explore.ts,128,"apps/frontend/src/i18n/strings/explore.ts:128
apps/frontend/src/i18n/strings/explore.ts:128
https://blog.duolingo.com/ja/how-to-use-duolingo/
apps/frontend/src/explore/ExploreScreen.tsx:354
apps/frontend/src/explore/ExploreScreen.tsx:384
apps/frontend/src/explore/ExploreScreen.tsx:404"
explore.thisWeek.empty.mostGratitude,explore,shorten,low,No one is on it yet this week. Give someone a sticker: the gratitude they send back counts here.,今週はまだ誰もランクインしていません。シールを贈ると、相手が送ってくれた感謝がここに数えられます。,No gratitude received this week yet.,今週はまだ感謝の記録がありません。,"ここに数えられます is literal and awkward; the ranking counts gratitude, and the empty state need not explain the gift cycle in two sentences.",editorial,high,"Explore tab, This week view, Most gratitude leaderboard with no one on it: the note in place of the rows",apps/frontend/src/i18n/strings/explore.ts,118,"apps/frontend/src/i18n/strings/explore.ts:118
apps/frontend/src/i18n/strings/explore.ts:118
https://blog.duolingo.com/ja/how-to-use-duolingo/
apps/frontend/src/explore/ExploreScreen.tsx:354
apps/frontend/src/explore/ExploreScreen.tsx:384
apps/frontend/src/explore/ExploreScreen.tsx:404"
explore.thisWeek.leaderboards,explore,keep,none,This week’s leaderboards,今週のランキング,,,ランキング is established Japanese for this weekly competition; the label distinguishes the tab group for assistive technology.,source-backed,high,"Explore tab, This week view: screen readers' name for the row of three leaderboard tabs",apps/frontend/src/i18n/strings/explore.ts,114,"apps/frontend/src/i18n/strings/explore.ts:114
apps/frontend/src/i18n/strings/explore.ts:114
https://blog.duolingo.com/ja/how-to-use-duolingo/
apps/frontend/src/explore/ExploreScreen.tsx:354
apps/frontend/src/explore/ExploreScreen.tsx:384
apps/frontend/src/explore/ExploreScreen.tsx:404"
explore.thisWeek.resets,explore,keep,none,Resets {{day}} {{time}},{{day}}{{time}}にリセット,,,Necessary reset timing; day and time are formatted in device-local time and are not falsely hardcoded to Japanese Monday midnight.,product-glossary,high,"Explore tab, This week view: fine print under the Most gratitude and Best combo leaderboards, when they start over; {{day}} and {{time}} are that moment in the person's own time zone, such as ""Monday"" and ""12:00 AM""",apps/frontend/src/i18n/strings/explore.ts,112,"apps/frontend/src/i18n/strings/explore.ts:112
apps/frontend/src/i18n/strings/explore.ts:112
https://blog.duolingo.com/ja/how-to-use-duolingo/
apps/frontend/src/explore/ExploreScreen.tsx:354
apps/frontend/src/explore/ExploreScreen.tsx:384
apps/frontend/src/explore/ExploreScreen.tsx:404
apps/frontend/src/i18n/glossary.md:1"
explore.thisWeek.title,explore,keep,none,This week,今週,,,A visually hidden section heading supplies hierarchy when all leaderboards are shown; do not delete merely because the switch also says 今週.,product-glossary,high,"Explore tab, This week view: screen readers' heading for the leaderboards",apps/frontend/src/i18n/strings/explore.ts,110,"apps/frontend/src/i18n/strings/explore.ts:110
apps/frontend/src/i18n/strings/explore.ts:110
apps/frontend/src/explore/ExploreScreen.tsx:354
apps/frontend/src/explore/ExploreScreen.tsx:384
apps/frontend/src/explore/ExploreScreen.tsx:404
apps/frontend/src/i18n/glossary.md:1"
explore.views.label,explore,keep,none,Explore,さがす,,,"Accessible name for the view switch, consistent with the existing Explore destination.",product-glossary,high,"Explore tab, under the search field: screen readers' name for the switch between the sticker pile and This week",apps/frontend/src/i18n/strings/explore.ts,44,"apps/frontend/src/i18n/strings/explore.ts:44
apps/frontend/src/i18n/strings/explore.ts:44
apps/frontend/src/explore/ExploreScreen.tsx:787
apps/frontend/src/i18n/glossary.md:1"
explore.views.stickers,explore,keep,none,Stickers,シール,,,Short accurate name for the pile view; approved シール vocabulary.,product-glossary,high,"Explore tab, under the search field: the switch's first half, which shows the sticker pile",apps/frontend/src/i18n/strings/explore.ts,46,"apps/frontend/src/i18n/strings/explore.ts:46
apps/frontend/src/i18n/strings/explore.ts:46
apps/frontend/src/explore/ExploreScreen.tsx:787
apps/frontend/src/i18n/glossary.md:1"
explore.views.thisWeek,explore,keep,none,This week,今週,,,"Short temporal view label; no mistranslation. Its Streak child is current rather than weekly, already accounted for by omission of a reset line.",product-glossary,high,"Explore tab, under the search field: the switch's second half, which shows this week's leaderboards",apps/frontend/src/i18n/strings/explore.ts,48,"apps/frontend/src/i18n/strings/explore.ts:48
apps/frontend/src/i18n/strings/explore.ts:48
apps/frontend/src/explore/ExploreScreen.tsx:787
apps/frontend/src/i18n/glossary.md:1"
explore.you,explore,keep,none,You,あなた,,,Self-identification replaces the person's display name; あなた is concise and accurate for this person row.,established-UI,high,"Explore tab, a search result or leaderboard row that is you: under your handle, where other people's rows show their LINE name",apps/frontend/src/i18n/strings/explore.ts,33,"apps/frontend/src/i18n/strings/explore.ts:33
apps/frontend/src/i18n/strings/explore.ts:33
apps/frontend/src/explore/ExploreScreen.tsx:126"
giving.cantFind.addFriendsDidntOpen,giving,keep,none,LINE’s Add friends screen didn’t open.,LINEの友だち追加画面がひらきませんでした。,,,"Names the failed destination and preserves the persistent diagnostic underneath. 友だち追加 is LINE’s own feature name; ひらく follows the product glossary. This sentence is editorial, not a quoted LINE error.",product-glossary,high,"Giving's ""Can't find them?"" screen: an alert when tapping ""Not friends in LINE yet?"" fails to open LINE's Add friends screen, over LINE's own English words for a report",apps/frontend/src/i18n/strings/giving.ts,116,"apps/frontend/src/i18n/strings/giving.ts:116
apps/frontend/src/i18n/strings/giving.ts:116
apps/frontend/src/giving/CantFindThem.tsx:65
apps/frontend/src/i18n/glossary.md
https://developers.line.biz/ja/docs/line-login/using-line-url-scheme/"
giving.cantFind.back,giving,keep,none,Back,戻る,,,"The icon-only button returns from help to Giving; a short accessible name is necessary. 戻る is established Japanese navigation phrasing, not visual clutter.",established-UI,high,"Giving's ""Can't find them?"" screen: the back arrow's name for assistive tech",apps/frontend/src/i18n/strings/giving.ts,102,"apps/frontend/src/i18n/strings/giving.ts:102
apps/frontend/src/i18n/strings/giving.ts:102
apps/frontend/src/giving/CantFindThem.tsx:38
apps/frontend/src/i18n/glossary.md
https://support.apple.com/ja-jp/111794"
giving.cantFind.lead,giving,rewrite,high,"LINE’s list leaves out anyone who turned off sharing with apps, and friends you added in the last few minutes.",LINEの一覧には、<wbr/>アプリとの<wbr/>共有を<wbr/>オフにしている人と、<wbr/>ここ数分で<wbr/>追加した友だちは<wbr/>表示されません。,Try the Chats tab. Some friends are hidden from the Friends tab by privacy settings. New friends may take a few minutes to appear.,「トーク」から探してみてください。プライバシー設定により「友だち」に表示されない相手もいます。追加したばかりの友だちは、表示まで数分かかることがあります。,"Current text wrongly describes the whole picker as a single list and turns a possible delay into a certainty. LINE documents Friends-specific exclusions and that recent chats may still appear. Proposed instructions prioritize the recovery path; the exact sentences are editorial, while tab names and behavior are source-backed.",source-backed,high,"Giving's ""Can't find them?"" screen: the line under its title, on who LINE's friend picker leaves out",apps/frontend/src/i18n/strings/giving.ts,104,"apps/frontend/src/i18n/strings/giving.ts:104
apps/frontend/src/i18n/strings/giving.ts:104
apps/frontend/src/giving/CantFindThem.tsx:44
apps/frontend/src/i18n/glossary.md
https://developers.line.biz/ja/docs/liff/developing-liff-apps/#share-target-picker"
giving.cantFind.notFriends,giving,rewrite,low,Not friends in LINE yet?,まだLINEの友だちではない？,Add them in LINE,LINEで友だちに追加,"This is an action row that opens Add friends, not a yes/no question. Use the action as the row label; LINE calls the operation 友だち追加.",editorial,high,"Giving's ""Can't find them?"" screen: the bold title of the row that opens LINE's Add friends screen",apps/frontend/src/i18n/strings/giving.ts,109,"apps/frontend/src/i18n/strings/giving.ts:109
apps/frontend/src/i18n/strings/giving.ts:109
apps/frontend/src/giving/CantFindThem.tsx:57
apps/frontend/src/i18n/glossary.md
https://developers.line.biz/ja/docs/line-login/using-line-url-scheme/"
giving.cantFind.notFriendsHint,giving,rewrite,medium,Add them in LINE first and say hi. Then come back and pick them.,まずLINEで友だちに追加して、あいさつしましょう。それから戻って選んでください。,"Add them and send a message in LINE, then try the Chats tab.",LINEで友だちに追加してメッセージを送り、戻って「トーク」から探してください。,"Say hi is unnecessary social instruction and conceals why a message helps. Recent message activity can make a person appear under Chats. The proposed sentence remains an editorial instruction, not a guaranteed result.",source-backed,high,"Giving's ""Can't find them?"" screen: the small line under ""Not friends in LINE yet?""",apps/frontend/src/i18n/strings/giving.ts,111,"apps/frontend/src/i18n/strings/giving.ts:111
apps/frontend/src/i18n/strings/giving.ts:111
apps/frontend/src/giving/CantFindThem.tsx:58
apps/frontend/src/i18n/glossary.md
https://developers.line.biz/ja/docs/liff/developing-liff-apps/#share-target-picker
https://guide.line.me/ja/communication/chat-friends.html"
giving.cantFind.title,giving,keep,none,Can’t find them?,相手が見つからない？,,,"Short optional help entry and matching help title. The question is natural, plain Japanese rather than a translation artifact. No need to replace it with a longer explanation.",editorial,medium,"Giving's first screen: the quiet link under ""Send in a LINE chat""; and the title of the screen it opens in the sheet",apps/frontend/src/i18n/strings/giving.ts,100,"apps/frontend/src/i18n/strings/giving.ts:100
apps/frontend/src/i18n/strings/giving.ts:100
apps/frontend/src/giving/Giving.tsx:197
apps/frontend/src/i18n/glossary.md"
giving.close,giving,keep,none,Close,閉じる,,,Necessary accessible name for X buttons; it is not redundant visible prose.,established-UI,high,Giving's first screen and the give sheet: the X button's name for assistive tech,apps/frontend/src/i18n/strings/giving.ts,34,"apps/frontend/src/i18n/strings/giving.ts:34
apps/frontend/src/i18n/strings/giving.ts:34
apps/frontend/src/giving/Giving.tsx:209
apps/frontend/src/i18n/glossary.md"
giving.giftBag.closed,giving,rewrite,low,<b>Closed</b> {{date}},<b>封印</b>{{date}},,<b>封</b>{{date}},The glossary explicitly gives 封 for closing the gift bag. 封印 suggests an additional ritual or seal and is inconsistent with that wording. Retain the decorative date band; only align the Japanese word.,product-glossary,high,"The closed gift bag, in Giving's ""Closed and sent"" screen and in a gift a recipient opens: printed again and again along the aqua tear tape, with the day it was closed (""CLOSED 9.23"")",apps/frontend/src/i18n/strings/giving.ts,261,"apps/frontend/src/i18n/strings/giving.ts:261
apps/frontend/src/i18n/strings/giving.ts:261
apps/frontend/src/giving/GiftBag.tsx:249
apps/frontend/src/i18n/glossary.md"
giving.giftBag.nsfw,giving,keep,none,"{{pictured}}, pink, marked 18+",{{pictured}}（ピンク、18+）,,,Accessible description supplies the pink color and 18+ mark that are visible. It should stay even though other copy also names the content setting.,product-glossary,high,"The gift bag's picture named for assistive tech, for an NSFW sticker's pink bag: {{pictured}} is the bag's state, as above",apps/frontend/src/i18n/strings/giving.ts,249,"apps/frontend/src/i18n/strings/giving.ts:249
apps/frontend/src/i18n/strings/giving.ts:249
apps/frontend/src/giving/GiftBag.tsx:77
apps/frontend/src/i18n/glossary.md"
giving.giftBag.pictured.closed,giving,keep,none,"The gift bag, closed",封をしたギフト袋,,,Names the closed visual state for assistive technology. 封をした matches the gift-bag glossary and does not confuse this with finishing a sticker.,product-glossary,high,"The gift bag's picture named for assistive tech, closed: Giving's ""Closed and sent"" screen, and a gift that can't be received yet or here",apps/frontend/src/i18n/strings/giving.ts,242,"apps/frontend/src/i18n/strings/giving.ts:242
apps/frontend/src/i18n/strings/giving.ts:242
apps/frontend/src/giving/GiftBag.tsx:89
apps/frontend/src/i18n/glossary.md"
giving.giftBag.pictured.open,giving,keep,none,The sticker in an open gift bag,口のあいたギフト袋に入ったシール,,,Describes the sticker visibly in an unclosed bag. The natural Japanese distinguishes an open mouth from a previously torn bag.,editorial,medium,"The gift bag's picture named for assistive tech: in Giving, with the sticker in the open bag",apps/frontend/src/i18n/strings/giving.ts,240,"apps/frontend/src/i18n/strings/giving.ts:240
apps/frontend/src/i18n/strings/giving.ts:240
apps/frontend/src/giving/GiftBag.tsx:89
apps/frontend/src/i18n/glossary.md"
giving.giftBag.pictured.opened,giving,keep,none,"The gift bag, open and empty",口があいて空になったギフト袋,,,Empty state differs from the sticker still in the bag; this is useful image description rather than redundant visual help.,editorial,medium,"The gift bag's picture named for assistive tech: a gift that can't be received because it was already opened, taken back or returned",apps/frontend/src/i18n/strings/giving.ts,246,"apps/frontend/src/i18n/strings/giving.ts:246
apps/frontend/src/i18n/strings/giving.ts:246
apps/frontend/src/giving/GiftBag.tsx:89
apps/frontend/src/i18n/glossary.md"
giving.giftBag.pictured.torn,giving,keep,none,"The gift bag, torn open",破ってひらいたギフト袋,,,The adjective distinguishes an unpackaged gift from one never closed; ひらく preserves the approved spelling.,product-glossary,high,"The gift bag's picture named for assistive tech: in the gift a recipient opens, once they've torn it open",apps/frontend/src/i18n/strings/giving.ts,244,"apps/frontend/src/i18n/strings/giving.ts:244
apps/frontend/src/i18n/strings/giving.ts:244
apps/frontend/src/giving/GiftBag.tsx:89
apps/frontend/src/i18n/glossary.md"
giving.giftBag.pull,giving,keep,none,Pull,引く,,,The physical tab’s single verb tells the gesture without a sentence. 引く and glossary つまみ are semantically correct for this custom object; no direct app precedent claimed.,product-glossary,high,"The gift bag: printed on the pull tab, beside its grip ribs",apps/frontend/src/i18n/strings/giving.ts,265,"apps/frontend/src/i18n/strings/giving.ts:265
apps/frontend/src/i18n/strings/giving.ts:265
apps/frontend/src/giving/GiftBag.tsx:265
apps/frontend/src/i18n/glossary.md"
giving.giftBag.pullTab,giving,keep,none,Pull the tab to open the gift,つまみを引いてギフトをひらく,,,"Essential accessible slider name combines the gesture and result; removing it would make the tab opaque to assistive technology. This is a product-specific instruction, not a source quotation.",product-glossary,high,"The gift a recipient opens: the pull tab's name for assistive tech, as a slider",apps/frontend/src/i18n/strings/giving.ts,263,"apps/frontend/src/i18n/strings/giving.ts:263
apps/frontend/src/i18n/strings/giving.ts:263
apps/frontend/src/giving/GiftBag.tsx:265
apps/frontend/src/i18n/glossary.md"
giving.giftBag.stamps.nsfw.big,giving,keep,none,18+ only,18歳以上,,,"Compact category marker; the associated refusal explains that the Settings opt-in is required. It should not be expanded into a second paragraph. 18歳以上 is semantically appropriate here, although the canonical setting remains 18+.",editorial,medium,"The rubber stamp on the tag of an NSFW sticker's gift, opened by someone who hasn't turned on Show 18+ stickers",apps/frontend/src/i18n/strings/giving.ts,288,"apps/frontend/src/i18n/strings/giving.ts:288
apps/frontend/src/i18n/strings/giving.ts:288
apps/frontend/src/giving/GiftBag.tsx:79
apps/frontend/src/i18n/glossary.md"
giving.giftBag.stamps.one-to-one.big,giving,keep,none,1:1 chat,1:1トーク,,,1:1トーク has direct precedent in official LINE help. Keep this short spatial stamp; fix the adjacent exclusivity claim instead.,source-backed,high,"The rubber stamp on the tag of a gift opened in a group chat: its big words, under ""Opens only in""",apps/frontend/src/i18n/strings/giving.ts,272,"apps/frontend/src/i18n/strings/giving.ts:272
apps/frontend/src/i18n/strings/giving.ts:272
apps/frontend/src/giving/GiftBag.tsx:79
apps/frontend/src/i18n/glossary.md
https://help2.line.me/line/smartphone?contentId=200000586&contentid=20000060&lang=ja"
giving.giftBag.stamps.one-to-one.small,giving,rewrite,high,Opens only in,ひらけるのは,Open in a,ひらくときは,"The existing stamp claims one-to-one chat is the only opening context, but external and board contexts are accepted. Make the pair a recovery instruction, not an access guarantee. Together with the big row: Open in a 1:1 chat / ひらくときは 1:1トーク.",editorial,high,"The rubber stamp on the tag of a gift opened in a group chat: its small top line, over ""1:1 chat""",apps/frontend/src/i18n/strings/giving.ts,270,"apps/frontend/src/i18n/strings/giving.ts:270
apps/frontend/src/i18n/strings/giving.ts:270
apps/api/src/gifts/receiving.ts:86
apps/frontend/src/i18n/glossary.md
https://help2.line.me/line/smartphone?contentId=200000586&contentid=20000060&lang=ja"
giving.giftBag.stamps.opened.big,giving,rewrite,medium,Opened,開封済み,Received,受け取り済み,"This stamp is selected for already_received, not for merely opening or unpackaging. Use the approved receive concept so users do not assume viewing a gift consumes it. Japanese 受け取る has exact LINE Gift button precedent; 受け取り済み is the editorial state label.",editorial,high,The rubber stamp on the tag of a gift someone already opened,apps/frontend/src/i18n/strings/giving.ts,276,"apps/frontend/src/i18n/strings/giving.ts:276
apps/frontend/src/i18n/strings/giving.ts:276
apps/frontend/src/receiving/refusals.ts:39
apps/frontend/src/i18n/glossary.md
https://linegift.line.me/faq/faq0008/"
giving.giftBag.stamps.returned.big,giving,context,high,Returned,返送済み,Expired,期限切れ,The same returned stamp is rendered for gift_expired before the return sweep succeeds. Expired is true in both returned-by-expiry and awaiting-return states. Alternatively keep Returned only for gift_returned and add a distinct expired stamp.,editorial,high,"The rubber stamp on the tag of a gift that went back to its giver, unopened in time",apps/frontend/src/i18n/strings/giving.ts,284,"apps/frontend/src/i18n/strings/giving.ts:284
apps/frontend/src/i18n/strings/giving.ts:284
apps/frontend/src/receiving/refusals.ts:61
apps/frontend/src/i18n/glossary.md
https://linegift.line.me/about/"
giving.giftBag.stamps.taken-back.big,giving,keep,none,Taken back,取り消し,,,取り消し succinctly describes the giver retracting an unreceived gift. No new branded term is needed; this is an editorial status label.,editorial,medium,The rubber stamp on the tag of a gift its giver took back before anyone received it,apps/frontend/src/i18n/strings/giving.ts,280,"apps/frontend/src/i18n/strings/giving.ts:280
apps/frontend/src/i18n/strings/giving.ts:280
apps/frontend/src/receiving/refusals.ts:54
apps/frontend/src/i18n/glossary.md"
giving.giftBag.tagged,giving,keep,none,"{{pictured}}, tagged {{label}} {{name}}",{{pictured}}、タグに「{{label}} {{name}}」,,,"Composes the image description with the printed name; the deliberate gap separates tag label from an @handle. Necessary accessible equivalence, not visible explanatory clutter.",editorial,medium,"The gift bag's picture named for assistive tech, with its tag's words after the bag's (""…, tagged From @alice"")",apps/frontend/src/i18n/strings/giving.ts,251,"apps/frontend/src/i18n/strings/giving.ts:251
apps/frontend/src/i18n/strings/giving.ts:251
apps/frontend/src/giving/GiftBag.tsx:80
apps/frontend/src/i18n/glossary.md"
giving.giftBag.taggedAndStamped,giving,keep,none,"{{pictured}}, tagged {{label}} {{name}}, stamped {{stamp}}",{{pictured}}、タグに「{{label}} {{name}}」、はんこに「{{stamp}}」,,,Adds a materially different refusal stamp to the image description. タグ and はんこ naturally distinguish the two physical marks; no exact external sentence precedent claimed.,editorial,medium,"The gift bag's picture named for assistive tech, with its tag's words and the rubber stamp on the tag, on a gift that can't be received",apps/frontend/src/i18n/strings/giving.ts,256,"apps/frontend/src/i18n/strings/giving.ts:256
apps/frontend/src/i18n/strings/giving.ts:256
apps/frontend/src/giving/GiftBag.tsx:82
apps/frontend/src/i18n/glossary.md"
giving.giftMessage.altText,giving,keep,none,{{name}} sent you a sticker,{{name}}さんからシールが届きました,,,"The LINE notification and chat-list preview need their own self-contained sender/action text. さん and 届きました are natural; ギフト/受け取り language follows LINE Gift, but this complete sentence is editorial.",product-glossary,high,The Gift Message sent through LINE: its preview in the recipient's chat list and LINE's notification,apps/frontend/src/i18n/strings/giving.ts,20,"apps/frontend/src/i18n/strings/giving.ts:20
apps/frontend/src/i18n/strings/giving.ts:20
apps/frontend/src/giving/giftMessage.ts:84
apps/frontend/src/i18n/glossary.md
https://linegift.line.me/about/"
giving.giftMessage.body,giving,rewrite,high,"A one-of-a-kind sticker, drawn in {{duration}}. It opens once.",{{duration}}でかいた、一点もののシールです。ひらけるのは一度だけです。,Drawn in {{duration}}. Only one person can receive this gift.,{{duration}}でかいたシールです。受け取れるのは1人だけです。,"One-of-a-kind is already printed in the same bubble. More importantly, opens once falsely equates preview/unpackaging with receiving; users can reopen before Accept. State the one-recipient rule instead. Custom sentence vetted against product behavior, not presented as a LINE quote.",editorial,high,"The Gift Message sent through LINE: the line under ""From @alice"", with the sticker's drawing time",apps/frontend/src/i18n/strings/giving.ts,24,"apps/frontend/src/i18n/strings/giving.ts:24
apps/frontend/src/i18n/strings/giving.ts:24
apps/api/src/gifts/receiving.ts:200
apps/frontend/src/i18n/glossary.md
https://linegift.line.me/faq/faq0008/"
giving.giftMessage.oneOfAKind,giving,keep,none,ONE OF A KIND,一点もの,,,"A short expressive badge, not a help paragraph. 一点もの is semantically appropriate for the unique sticker; retain here and remove its duplicate from body. No exact Japanese app control precedent found for this custom badge.",editorial,medium,"The Gift Message sent through LINE: the fine print after the sticker's number (""NO.0147 · ONE OF A KIND"")",apps/frontend/src/i18n/strings/giving.ts,22,"apps/frontend/src/i18n/strings/giving.ts:22
apps/frontend/src/i18n/strings/giving.ts:22
apps/frontend/src/giving/giftMessage.ts:106
apps/frontend/src/i18n/glossary.md"
giving.giftMessage.open,giving,keep,none,Open your gift,ギフトをひらく,,,"The button opens the gift preview before receiving, so glossary ひらく is more accurate here than 受け取る. LINE Gift’s receiving button supports the distinction, not this product’s exact custom label.",product-glossary,high,"The Gift Message sent through LINE: its button, which opens the gift in the app",apps/frontend/src/i18n/strings/giving.ts,29,"apps/frontend/src/i18n/strings/giving.ts:29
apps/frontend/src/i18n/strings/giving.ts:29
apps/frontend/src/giving/giftMessage.ts:77
apps/frontend/src/i18n/glossary.md
https://linegift.line.me/faq/faq0008/"
giving.give,giving,keep,none,Give {{no}},{{no}}を贈る,,,Specific sticker-number action; 贈る is glossary-approved and appears in LINE’s ギフトを贈る control.,source-backed,high,"Giving's first screen: the sheet's title (""Give No.0147""); and the give sheet's key once a sticker is picked",apps/frontend/src/i18n/strings/giving.ts,32,"apps/frontend/src/i18n/strings/giving.ts:32
apps/frontend/src/i18n/strings/giving.ts:32
apps/frontend/src/giving/Giving.tsx:200
apps/frontend/src/i18n/glossary.md
https://guide.line.me/ja/services/birthday.html"
giving.giveSheet.lead,giving,remove,medium,"Pick one of yours, then send it to {{name}} in a LINE chat.",あなたのシールを<wbr/>1枚選んで、<wbr/>LINEのトークで<wbr/>{{name}}さんに<wbr/>送りましょう。,,,The title already names the recipient and the grid plus Pick a sticker action explain selection. Explicitly approved for deletion on every screen size in the confirmed iPad-dialog brief. Translation is understandable but unnecessary in this layout.,editorial,high,The give sheet on someone else's sticker board: the line under its title,apps/frontend/src/i18n/strings/giving.ts,40,"apps/frontend/src/i18n/strings/giving.ts:40
apps/frontend/src/i18n/strings/giving.ts:40
apps/frontend/src/giving/GiveSheet.tsx:94
apps/frontend/src/i18n/glossary.md
docs/superpowers/specs/2026-10-08-ipad-dialogs-proposal.md:48
https://developers.line.biz/ja/docs/liff/developing-liff-apps/#share-target-picker"
giving.giveSheet.noPicker,giving,shorten,medium,"LINE’s friend picker isn’t available here, so gifts can’t be sent from this screen.",ここではLINEの友だち選択が使えないため、この画面からはギフトを送れません。,"LINE’s send-to screen is unavailable, so you can’t send a gift here.",LINEの送信先を選ぶ画面をひらけないため、ここではギフトを送れません。,"友だち選択 is a coined pseudo-control name and underdescribes the full picker, which includes groups and chats. LINE documentation calls this selection of a 送信先. Use a descriptive phrase and retain the failure consequence.",source-backed,high,"The give sheet on someone else's sticker board: an alert when LINE's friend picker can't open there, such as outside LINE",apps/frontend/src/i18n/strings/giving.ts,52,"apps/frontend/src/i18n/strings/giving.ts:52
apps/frontend/src/i18n/strings/giving.ts:52
apps/frontend/src/giving/GiveSheet.tsx:123
apps/frontend/src/i18n/glossary.md
https://developers.line.biz/ja/docs/liff/developing-liff-apps/#share-target-picker
https://developers.line.biz/ja/docs/line-login/using-line-url-scheme/"
giving.giveSheet.none,giving,shorten,low,You don’t have a sticker to give yet. Draw one on your board first.,贈れるシールが<wbr/>まだ<wbr/>ありません。<wbr/>まずは<wbr/>シールボードで<wbr/>1枚<wbr/>かいてみましょう。,No stickers to give yet. Draw one on your board first.,贈れるシールがまだありません。シールボードで1枚かいてみましょう。,The actionable empty state matters; only remove redundant personal/first/filler language. Japanese remains polite and keeps glossary かく rather than adopting LINE’s unrelated スタンプ terminology.,editorial,high,The give sheet on someone else's sticker board: in the grid's place when you have no sticker to give,apps/frontend/src/i18n/strings/giving.ts,47,"apps/frontend/src/i18n/strings/giving.ts:47
apps/frontend/src/i18n/strings/giving.ts:47
apps/frontend/src/giving/GiveSheet.tsx:102
apps/frontend/src/i18n/glossary.md"
giving.giveSheet.pick,giving,keep,none,Pick a sticker,シールを選ぶ,,,The disabled action explicitly says what is required to enable it. シールを選ぶ is the natural plain-form action and approved sticker vocabulary.,product-glossary,high,"The give sheet on someone else's sticker board: its key, disabled, until you pick a sticker",apps/frontend/src/i18n/strings/giving.ts,57,"apps/frontend/src/i18n/strings/giving.ts:57
apps/frontend/src/i18n/strings/giving.ts:57
apps/frontend/src/giving/GiveSheet.tsx:137
apps/frontend/src/i18n/glossary.md
https://guide.line.me/ja/services/birthday.html"
giving.giveSheet.title,giving,keep,none,Give {{name}} a sticker,{{name}}さんにシールを贈る,,,Establishes recipient and action before sticker choice. さん is consistent with the receiving flow; 贈る has direct Japanese LINE precedent.,source-backed,high,"The give sheet, opened by Give on someone else's sticker board: its title",apps/frontend/src/i18n/strings/giving.ts,38,"apps/frontend/src/i18n/strings/giving.ts:38
apps/frontend/src/i18n/strings/giving.ts:38
apps/frontend/src/giving/GiveSheet.tsx:71
apps/frontend/src/i18n/glossary.md
https://guide.line.me/ja/services/birthday.html"
giving.giveSheet.yourStickers,giving,keep,none,Your stickers,あなたのシール,,,Accessible grid name distinguishes the user’s available stickers from the other person’s board; it is not an additional visible heading.,product-glossary,high,"The give sheet on someone else's sticker board: the name of the grid of your stickers, for assistive tech",apps/frontend/src/i18n/strings/giving.ts,45,"apps/frontend/src/i18n/strings/giving.ts:45
apps/frontend/src/i18n/strings/giving.ts:45
apps/frontend/src/giving/GiveSheet.tsx:109
apps/frontend/src/i18n/glossary.md"
giving.inTheBag.couldntPack,giving,keep,none,{{no}} couldn’t be packed: {{reason}},{{no}}をギフト袋に入れられませんでした：{{reason}},,,Persistent error includes the affected sticker and cause. ギフト袋 preserves the visible operation; stripping its context would make diagnostic causes less understandable.,editorial,medium,"Giving's ""Not sent yet"" screen: an alert when Croquis couldn't pack the gift, with why",apps/frontend/src/i18n/strings/giving.ts,192,"apps/frontend/src/i18n/strings/giving.ts:192
apps/frontend/src/i18n/strings/giving.ts:192
apps/frontend/src/giving/giveFlow.ts:259
apps/frontend/src/i18n/glossary.md"
giving.inTheBag.couldntRecord,giving,rewrite,medium,Croquis couldn’t record that: {{reason}},クロッキーに記録できませんでした：{{reason}},Couldn’t save the sending status: {{reason}},送信状況を保存できませんでした：{{reason}},That / 記録 omits what failed. This branch records canceled or failed send outcomes; naming the sending status distinguishes a record failure from the Gift Message itself failing.,editorial,high,"Giving's ""Not sent yet"" screen: an alert when Croquis couldn't record a cancelled or failed send, with why",apps/frontend/src/i18n/strings/giving.ts,204,"apps/frontend/src/i18n/strings/giving.ts:204
apps/frontend/src/i18n/strings/giving.ts:204
apps/frontend/src/giving/Giving.tsx:319
apps/frontend/src/i18n/glossary.md"
giving.inTheBag.couldntTakeOut,giving,keep,none,{{no}} couldn’t be taken out: {{reason}},{{no}}を取り出せませんでした：{{reason}},,,"The sticker number, failed operation and cause are all necessary. 取り出す consistently names the take-back control.",editorial,medium,"Giving's ""Not sent yet"" screen: an alert when Take it out failed, with why",apps/frontend/src/i18n/strings/giving.ts,199,"apps/frontend/src/i18n/strings/giving.ts:199
apps/frontend/src/i18n/strings/giving.ts:199
apps/frontend/src/giving/giveFlow.ts:421
apps/frontend/src/i18n/glossary.md"
giving.inTheBag.lead,giving,rewrite,high,The bag closes when it’s sent. Pick your chat with them in LINE: whoever opens it first gets it.,送ると<wbr/>袋に<wbr/>封がされます。<wbr/>LINEで<wbr/>相手との<wbr/>トークを<wbr/>選んでください。<wbr/>最初に<wbr/>ひらいた人が<wbr/>受け取れます。,Choose your one-to-one chat with them in LINE. Only one person can receive the sticker.,LINEで相手との1対1のトークを選んでください。シールを受け取れるのは1人だけです。,"The bag-closing narration is visual duplication, while first to open gets it is factually wrong: ownership transfers on Accept. Preserve the relevant chat instruction and one-recipient rule.",editorial,high,"Giving, with the sticker in the open gift bag: the line under ""In the bag""",apps/frontend/src/i18n/strings/giving.ts,176,"apps/frontend/src/i18n/strings/giving.ts:176
apps/frontend/src/i18n/strings/giving.ts:176
apps/api/src/gifts/receiving.ts:266
apps/frontend/src/i18n/glossary.md
https://developers.line.biz/ja/docs/liff/developing-liff-apps/#share-target-picker
https://help2.line.me/line/smartphone?contentId=200000586&contentid=20000060&lang=ja
https://linegift.line.me/faq/faq0008/"
giving.inTheBag.notSent,giving,keep,none,Not sent yet,まだ送っていません,,,Names the recoverable unsent state clearly and briefly. Japanese distinguishes not-yet-sent from a terminal failure without blaming the user.,editorial,medium,"Giving, after LINE's friend picker closed without sending, or a step failed: the sheet's title over the open gift bag",apps/frontend/src/i18n/strings/giving.ts,181,"apps/frontend/src/i18n/strings/giving.ts:181
apps/frontend/src/i18n/strings/giving.ts:181
apps/frontend/src/giving/Giving.tsx:304
apps/frontend/src/i18n/glossary.md"
giving.inTheBag.notSentLead,giving,shorten,low,"It’s still in the open bag. Pick a chat again, or take it out.",封をしないまま、<wbr/>まだ<wbr/>袋の中に<wbr/>あります。<wbr/>もう一度<wbr/>トークを<wbr/>選ぶか、<wbr/>取り出してください。,"Choose a chat again, or take the sticker out.",もう一度トークを選ぶか、シールを取り出してください。,"The open bag is already shown, and the title gives sending status. Retain the two recovery actions and remove a full sentence narrating the illustration.",editorial,high,"Giving's ""Not sent yet"" screen: the line under its title",apps/frontend/src/i18n/strings/giving.ts,183,"apps/frontend/src/i18n/strings/giving.ts:183
apps/frontend/src/i18n/strings/giving.ts:183
apps/frontend/src/giving/Giving.tsx:316
apps/frontend/src/i18n/glossary.md
https://developers.line.biz/ja/docs/liff/developing-liff-apps/#share-target-picker"
giving.inTheBag.send,giving,keep,none,Send in LINE,LINEで送る,,,"The short retry action names LINE, avoiding ambiguity with saving or receiving. LINEで送る is natural and consistent with official LINE sending terminology.",product-glossary,high,"Giving, with the sticker in the open gift bag: the aqua key that opens LINE's friend picker (again)",apps/frontend/src/i18n/strings/giving.ts,188,"apps/frontend/src/i18n/strings/giving.ts:188
apps/frontend/src/i18n/strings/giving.ts:188
apps/frontend/src/giving/Giving.tsx:355
apps/frontend/src/i18n/glossary.md
https://guide.line.me/ja/communication/chat-friends.html"
giving.inTheBag.takeOut,giving,keep,none,Take it out,取り出す,,,Consistent physical operation used for both abandoning preparation and taking back a sent gift. Brief plain-form Japanese suits the quiet action.,product-glossary,high,"Giving, with the sticker in the open gift bag: the quiet link under Send in LINE that lifts it back out, back to the first screen",apps/frontend/src/i18n/strings/giving.ts,190,"apps/frontend/src/i18n/strings/giving.ts:190
apps/frontend/src/i18n/strings/giving.ts:190
apps/frontend/src/giving/Giving.tsx:292
apps/frontend/src/i18n/glossary.md"
giving.inTheBag.title,giving,keep,none,In the bag,ギフト袋に入れました,,,"The packed/open-bag state is useful and deliberate product voice. ギフト袋に入れました is a complete natural Japanese statement, not an awkward literal idiom.",product-glossary,high,"Giving, once the sticker drops into the open gift bag: the sheet's title while LINE's friend picker opens and is up",apps/frontend/src/i18n/strings/giving.ts,174,"apps/frontend/src/i18n/strings/giving.ts:174
apps/frontend/src/i18n/strings/giving.ts:174
apps/frontend/src/giving/Giving.tsx:305
apps/frontend/src/i18n/glossary.md"
giving.inTheBag.wasntSent,giving,keep,none,{{no}} wasn’t sent: {{reason}},{{no}}を送れませんでした：{{reason}},,,A persistent error requires the affected sticker number and cause. The Japanese correctly describes inability to send rather than successful receipt.,editorial,medium,"Giving's ""Not sent yet"" screen: an alert when LINE's friend picker failed to send the Gift Message, with why",apps/frontend/src/i18n/strings/giving.ts,197,"apps/frontend/src/i18n/strings/giving.ts:197
apps/frontend/src/i18n/strings/giving.ts:197
apps/frontend/src/giving/giveFlow.ts:319
apps/frontend/src/i18n/glossary.md
https://guide.line.me/ja/communication/chat-friends.html"
giving.maybeSent.itWentOut,giving,keep,none,It went out,送れました,,,Confirms the user’s observation; it does not send again. 送れました matches the question and is intentionally not a generic 送る action.,editorial,medium,"Giving's ""Did it go out?"" screen: the aqua key the giver taps when the Gift Message did go out in LINE",apps/frontend/src/i18n/strings/giving.ts,219,"apps/frontend/src/i18n/strings/giving.ts:219
apps/frontend/src/i18n/strings/giving.ts:219
apps/frontend/src/giving/Giving.tsx:289
apps/frontend/src/i18n/glossary.md"
giving.maybeSent.lead,giving,shorten,medium,"LINE didn’t say whether your gift message went out. If it did, tap It went out. If not, take the sticker out, then give it again.",ギフトメッセージを<wbr/>送れたかどうか、<wbr/>LINEから<wbr/>返事が<wbr/>ありませんでした。<wbr/>送れた場合は<wbr/>「送れました」を<wbr/>タップしてください。<wbr/>送れていない場合は、<wbr/>シールを<wbr/>取り出してから、<wbr/>もう一度<wbr/>贈ってください。,"Check your LINE chat. If the gift message is there, tap It went out. Otherwise, take the sticker out and give it again.",LINEのトークを確認してください。ギフトメッセージがあれば「送れました」をタップし、なければシールを取り出して、もう一度贈ってください。,The existing paragraph personifies a missing platform response but omits the concrete check. Keep both recovery branches and the exact confirmation label; remove the diagnostic preamble. Custom wording; LINE supplies トーク/送信 usage only.,editorial,high,"Giving's ""Did it go out?"" screen: the line under its title",apps/frontend/src/i18n/strings/giving.ts,214,"apps/frontend/src/i18n/strings/giving.ts:214
apps/frontend/src/i18n/strings/giving.ts:214
apps/frontend/src/giving/Giving.tsx:269
apps/frontend/src/i18n/glossary.md
https://guide.line.me/ja/communication/chat-friends.html"
giving.maybeSent.title,giving,keep,none,Did it go out?,送れましたか？,,,A direct question is appropriate because the app cannot know the outcome and asks the user to check. Japanese is conversational but clear.,editorial,medium,"Giving, when LINE's friend picker gave no answer on whether the Gift Message went out: the sheet's title over the open gift bag",apps/frontend/src/i18n/strings/giving.ts,212,"apps/frontend/src/i18n/strings/giving.ts:212
apps/frontend/src/i18n/strings/giving.ts:212
apps/frontend/src/giving/Giving.tsx:268
apps/frontend/src/i18n/glossary.md"
giving.meta,giving,keep,none,{{no}} · <duration/> · {{day}} · <name/>,{{no}}・<duration/>・{{day}}・<name/>,,,"Compact metadata identifies sticker, drawing time, date and giver; punctuation is adapted appropriately for Japanese. None is a prose instruction.",product-glossary,high,"Giving: the sticker's fine print over the sheet, its number, drawing time, seal day and the giver's handle",apps/frontend/src/i18n/strings/giving.ts,78,"apps/frontend/src/i18n/strings/giving.ts:78
apps/frontend/src/i18n/strings/giving.ts:78
apps/frontend/src/giving/Giving.tsx:385
apps/frontend/src/i18n/glossary.md"
giving.nsfw.blocked,giving,keep,none,"18+, can’t be given to them",18+のため、この人には贈れません,,,Necessary accessible reason why a grid item cannot be selected. The detailed setting explanation is separately available below the grid.,product-glossary,high,The give sheet on someone else's sticker board: said by assistive tech on an NSFW sticker that can't be picked because they haven't turned on Show 18+ stickers,apps/frontend/src/i18n/strings/giving.ts,62,"apps/frontend/src/i18n/strings/giving.ts:62
apps/frontend/src/i18n/strings/giving.ts:62
apps/frontend/src/giving/StickerPicker.tsx:30
apps/frontend/src/i18n/glossary.md"
giving.nsfw.notOptedIn,giving,shorten,low,"18+ stickers only go to people who turned on Show 18+ stickers, and <name/> hasn’t.",18+のシールは、<wbr/>「18+のシールを表示する」を<wbr/>オンにした人にだけ<wbr/>贈れます。<wbr/><name/>さんは<wbr/>オンにしていません。,"<name/> hasn’t turned on Show 18+ stickers, so they can’t receive 18+ stickers.",<name/>さんは「18+のシールを表示する」がオフのため、18+のシールを受け取れません。,"The existing text gives a general rule then repeats the recipient’s condition. One causal sentence retains the exact setting name and reason that selection is disabled. Product-specific policy, not an externally proven sentence.",product-glossary,high,"The give sheet on someone else's sticker board: fine print under the grid when some of your stickers are NSFW and <name/> hasn't turned on Show 18+ stickers; <name/> is their handle, which keeps its own case in the capitals",apps/frontend/src/i18n/strings/giving.ts,67,"apps/frontend/src/i18n/strings/giving.ts:67
apps/frontend/src/i18n/strings/giving.ts:67
apps/frontend/src/giving/GiveSheet.tsx:116
apps/frontend/src/i18n/glossary.md"
giving.nsfw.whoCanOpen,giving,keep,none,18+ sticker: only someone who turned on Show 18+ stickers can open this gift.,18+のシール：<wbr/>「18+のシールを表示する」を<wbr/>オンにした人だけが<wbr/>このギフトを<wbr/>ひらけます。,,,"The preview itself is refused when opt-in is off, so can open is accurate here. The exact switch name is necessary recovery context, not expendable explanation.",product-glossary,high,"Giving's first screen, for an NSFW sticker: fine print on who can open the gift",apps/frontend/src/i18n/strings/giving.ts,72,"apps/frontend/src/i18n/strings/giving.ts:72
apps/frontend/src/i18n/strings/giving.ts:72
apps/api/src/gifts/receiving.ts:96
apps/frontend/src/i18n/glossary.md"
giving.pendingGifts.andMore,giving,context,low,{{no}} and {{count}} more,{{no}}ほか{{count}}枚,,,"The compact newest-number-plus-count summary is grammatically sound; 枚 counts stickers correctly. The confirmed brief explicitly removes the entire pending-gifts badge and this catalog family. Retain these strings while the live control exists; their deletion belongs to the coordinated feature change, not an isolated copy edit. Parent review: keep these labels while the badge exists; a separate approved feature removal can remove its catalog family at the same time.",product-glossary,high,"The pending gifts badge on your own sticker board: the line under ""On their way"", the newest gift's number and how many more",apps/frontend/src/i18n/strings/giving.ts,314,"apps/frontend/src/i18n/strings/giving.ts:314
apps/frontend/src/i18n/strings/giving.ts:314
apps/frontend/src/giving/PendingGiftsNotificationBadge.tsx:32
apps/frontend/src/i18n/glossary.md
docs/superpowers/specs/2026-10-08-ipad-dialogs-proposal.md:35"
giving.pendingGifts.label.one,giving,context,low,Gifts on their way: {{no}},お届け中のギフト：{{no}},,,"An accessible single-gift name is necessary while this badge exists. The confirmed brief explicitly removes the entire pending-gifts badge and this catalog family. Retain these strings while the live control exists; their deletion belongs to the coordinated feature change, not an isolated copy edit. Parent review: keep these labels while the badge exists; a separate approved feature removal can remove its catalog family at the same time.",product-glossary,high,"The pending gifts badge on your own sticker board: its name for assistive tech, with one gift on its way",apps/frontend/src/i18n/strings/giving.ts,320,"apps/frontend/src/i18n/strings/giving.ts:320
apps/frontend/src/i18n/strings/giving.ts:320
apps/frontend/src/giving/PendingGiftsNotificationBadge.tsx:39
apps/frontend/src/i18n/glossary.md
docs/superpowers/specs/2026-10-08-ipad-dialogs-proposal.md:35"
giving.pendingGifts.label.oneTo,giving,context,low,Gifts on their way: {{no}} to {{name}},お届け中のギフト：{{name}}さんへの{{no}},,,"The accessible name correctly includes the pending gift’s recipient and number. The confirmed brief explicitly removes the entire pending-gifts badge and this catalog family. Retain these strings while the live control exists; their deletion belongs to the coordinated feature change, not an isolated copy edit. Parent review: keep these labels while the badge exists; a separate approved feature removal can remove its catalog family at the same time.",product-glossary,high,"The pending gifts badge on your own sticker board: its name for assistive tech, with one gift that waits for someone: the person picked in the app, or whoever first opened its link",apps/frontend/src/i18n/strings/giving.ts,322,"apps/frontend/src/i18n/strings/giving.ts:322
apps/frontend/src/i18n/strings/giving.ts:322
apps/frontend/src/giving/PendingGiftsNotificationBadge.tsx:39
apps/frontend/src/i18n/glossary.md
docs/superpowers/specs/2026-10-08-ipad-dialogs-proposal.md:35"
giving.pendingGifts.label.several,giving,context,low,{{count}} gifts on their way,お届け中のギフト：{{count}}件,,,"The accessible multiple-gift count is correct; 件 counts gift events. The confirmed brief explicitly removes the entire pending-gifts badge and this catalog family. Retain these strings while the live control exists; their deletion belongs to the coordinated feature change, not an isolated copy edit. Parent review: keep these labels while the badge exists; a separate approved feature removal can remove its catalog family at the same time.",product-glossary,high,"The pending gifts badge on your own sticker board: its name for assistive tech, with several gifts on their way",apps/frontend/src/i18n/strings/giving.ts,327,"apps/frontend/src/i18n/strings/giving.ts:327
apps/frontend/src/i18n/strings/giving.ts:327
apps/frontend/src/giving/PendingGiftsNotificationBadge.tsx:37
apps/frontend/src/i18n/glossary.md
docs/superpowers/specs/2026-10-08-ipad-dialogs-proposal.md:35"
giving.pendingGifts.onTheirWay_one,giving,context,low,On its way,,,,"The empty Japanese is intentional: Japanese resolves the _other form, not a missing translation. The confirmed brief explicitly removes the entire pending-gifts badge and this catalog family. Retain these strings while the live control exists; their deletion belongs to the coordinated feature change, not an isolated copy edit. Parent review: keep these labels while the badge exists; a separate approved feature removal can remove its catalog family at the same time.",product-glossary,high,"The pending gifts badge on your own sticker board: its fine print, with one gift sent and not yet received",apps/frontend/src/i18n/strings/giving.ts,310,"apps/frontend/src/i18n/strings/giving.ts:310
apps/frontend/src/i18n/strings/giving.ts:310
apps/frontend/src/giving/PendingGiftsNotificationBadge.tsx:28
apps/frontend/src/i18n/glossary.md
docs/superpowers/specs/2026-10-08-ipad-dialogs-proposal.md:35"
giving.pendingGifts.onTheirWay_other,giving,context,low,On their way,お届け中,,,"お届け中 is a deliberate physical-gift metaphor for awaiting receipt, not a mistaken literal translation. The confirmed brief explicitly removes the entire pending-gifts badge and this catalog family. Retain these strings while the live control exists; their deletion belongs to the coordinated feature change, not an isolated copy edit. Parent review: keep these labels while the badge exists; a separate approved feature removal can remove its catalog family at the same time.",product-glossary,high,"The pending gifts badge on your own sticker board: its fine print, with gifts sent and not yet received",apps/frontend/src/i18n/strings/giving.ts,312,"apps/frontend/src/i18n/strings/giving.ts:312
apps/frontend/src/i18n/strings/giving.ts:312
apps/frontend/src/giving/PendingGiftsNotificationBadge.tsx:28
apps/frontend/src/i18n/glossary.md
docs/superpowers/specs/2026-10-08-ipad-dialogs-proposal.md:35"
giving.pendingGifts.to,giving,context,low,to {{name}},{{name}}さんへ,,,"さんへ is natural for a recipient label and consistent with the tag. The confirmed brief explicitly removes the entire pending-gifts badge and this catalog family. Retain these strings while the live control exists; their deletion belongs to the coordinated feature change, not an isolated copy edit. Parent review: keep these labels while the badge exists; a separate approved feature removal can remove its catalog family at the same time.",product-glossary,high,"The pending gifts badge on your own sticker board: the line under ""On its way"" naming who one gift waits for: the person picked in the app, or whoever first opened its link",apps/frontend/src/i18n/strings/giving.ts,316,"apps/frontend/src/i18n/strings/giving.ts:316
apps/frontend/src/i18n/strings/giving.ts:316
apps/frontend/src/giving/PendingGiftsNotificationBadge.tsx:34
apps/frontend/src/i18n/glossary.md
docs/superpowers/specs/2026-10-08-ipad-dialogs-proposal.md:35"
giving.preparing.button,giving,keep,none,Preparing…,準備中…,,,Busy button retains focus and announces that preparation is in progress; a short 準備中 state is necessary rather than extra visible prose.,editorial,medium,Giving's “Preparing your gift” screen: the send key's label while the sticker is being prepared,apps/frontend/src/i18n/strings/giving.ts,130,"apps/frontend/src/i18n/strings/giving.ts:130
apps/frontend/src/i18n/strings/giving.ts:130
apps/frontend/src/giving/Giving.tsx:352
apps/frontend/src/i18n/glossary.md"
giving.preparing.lead,giving,shorten,medium,Getting your gift ready. LINE’s friend picker opens next; nothing is sent until you pick a chat.,ギフトを<wbr/>準備しています。<wbr/>次に<wbr/>LINEの<wbr/>友だち選択が<wbr/>ひらきます。<wbr/>トークを<wbr/>選ぶまで、<wbr/>何も<wbr/>送られません。,"Next, choose a recipient in LINE. Nothing is sent until you confirm there.",次にLINEで送信先を選びます。LINEで送信を確定するまで、ギフトは送られません。,Preparing your gift already appears as title and busy key. Remove the third preparation statement; keep the next step and sending reassurance. Merely selecting a chat is not the final send action in the picker. 送信先 matches LINE’s term without inventing a control name.,editorial,high,"Giving's “Preparing your gift” screen: the line under its title, saying LINE's friend picker opens next and nothing is sent yet",apps/frontend/src/i18n/strings/giving.ts,125,"apps/frontend/src/i18n/strings/giving.ts:125
apps/frontend/src/i18n/strings/giving.ts:125
apps/frontend/src/giving/Giving.tsx:312
apps/frontend/src/i18n/glossary.md
https://developers.line.biz/ja/docs/liff/developing-liff-apps/#share-target-picker
https://developers.line.biz/ja/docs/line-login/using-line-url-scheme/"
giving.preparing.slow.asking,giving,keep,none,This is taking longer than usual. Still waiting for Croquis to answer.,いつもより<wbr/>時間が<wbr/>かかっています。<wbr/>クロッキーからの<wbr/>応答を<wbr/>待っています。,,,Only appears after a long wait and identifies which service has not answered; removing it would hide meaningful progress. クロッキー is the approved Japanese app name. The sentence is editorial.,editorial,medium,"Giving's “Preparing your gift” screen, after about ten seconds: the line under its title, while Croquis hasn't answered",apps/frontend/src/i18n/strings/giving.ts,134,"apps/frontend/src/i18n/strings/giving.ts:134
apps/frontend/src/i18n/strings/giving.ts:134
apps/frontend/src/giving/Giving.tsx:308
apps/frontend/src/i18n/glossary.md"
giving.preparing.slow.earlier,giving,shorten,low,"This is taking longer than usual. Your sticker is still coming out of an earlier gift bag, then goes into this one.",いつもより<wbr/>時間が<wbr/>かかっています。<wbr/>シールを<wbr/>前の<wbr/>ギフト袋から<wbr/>取り出しているところで、<wbr/>そのあと<wbr/>この袋に<wbr/>入れます。,This is taking longer than usual. Taking the sticker out of its earlier gift bag first.,いつもより時間がかかっています。先に、前のギフト袋からシールを取り出しています。,"The wait needs a cause, but then goes into this one restates the current preparation task. Remove that trailing explanation while retaining why preparation is delayed.",editorial,high,"Giving's “Preparing your gift” screen, after about ten seconds: the line under its title, while the sticker comes out of an earlier gift bag first",apps/frontend/src/i18n/strings/giving.ts,139,"apps/frontend/src/i18n/strings/giving.ts:139
apps/frontend/src/i18n/strings/giving.ts:139
apps/frontend/src/giving/Giving.tsx:309
apps/frontend/src/i18n/glossary.md"
giving.preparing.slow.lead,giving,keep,none,{{waiting}} {{leave}},{{waiting}}<wbr/>{{leave}},,,A composition string combines cause and recovery once; its separator is language-specific. It adds no words and should not be mistaken for redundant copy.,product-glossary,high,"Giving's “Preparing your gift” screen, after about ten seconds: the line under its title, joining what it waits on to the sentence after it",apps/frontend/src/i18n/strings/giving.ts,154,"apps/frontend/src/i18n/strings/giving.ts:154
apps/frontend/src/i18n/strings/giving.ts:154
apps/frontend/src/giving/Giving.tsx:308
apps/frontend/src/i18n/glossary.md"
giving.preparing.slow.leave,giving,shorten,low,Nothing is sent until you pick a chat. You can take the sticker out to start over.,トークを<wbr/>選ぶまで、<wbr/>何も<wbr/>送られません。<wbr/>シールを<wbr/>取り出して、<wbr/>最初から<wbr/>やり直すことも<wbr/>できます。,Nothing has been sent. Take the sticker out to start over.,ギフトはまだ送られていません。やり直すには、シールを取り出してください。,Keep the safe exit from a stalled operation and the unsent reassurance. Drop the repeat explanation of choosing a chat; the picker is not yet open in these preparation states.,editorial,high,"Giving's “Preparing your gift” screen, after about ten seconds: the sentence after what it waits on, since Take it out is offered now",apps/frontend/src/i18n/strings/giving.ts,149,"apps/frontend/src/i18n/strings/giving.ts:149
apps/frontend/src/i18n/strings/giving.ts:149
apps/frontend/src/giving/Giving.tsx:310
apps/frontend/src/i18n/glossary.md"
giving.preparing.slow.moving,giving,keep,none,This is taking longer than usual. Your sticker is still going into the gift bag.,いつもより<wbr/>時間が<wbr/>かかっています。<wbr/>シールを<wbr/>ギフト袋に<wbr/>入れているところです。,,,"Long-wait text distinguishes pending deposit from an unresponsive request or earlier take-out. This progress reason is useful when preparation stalls. Japanese is natural product-specific prose, not a quoted precedent.",editorial,medium,"Giving's “Preparing your gift” screen, after about ten seconds: the line under its title, while the sticker goes into the gift bag",apps/frontend/src/i18n/strings/giving.ts,144,"apps/frontend/src/i18n/strings/giving.ts:144
apps/frontend/src/i18n/strings/giving.ts:144
apps/frontend/src/giving/Giving.tsx:309
apps/frontend/src/i18n/glossary.md"
giving.preparing.title,giving,keep,none,Preparing your gift,ギフトを準備中,,,One concise state heading. 準備中 is ordinary Japanese status phrasing and accurately names the overall task.,editorial,medium,"Giving, while the sticker goes into the gift bag before LINE's friend picker opens: the sheet's title",apps/frontend/src/i18n/strings/giving.ts,123,"apps/frontend/src/i18n/strings/giving.ts:123
apps/frontend/src/i18n/strings/giving.ts:123
apps/frontend/src/giving/Giving.tsx:300
apps/frontend/src/i18n/glossary.md"
giving.receivedNotice.caption,giving,keep,none,{{name}} · {{date}},{{name}}・{{date}},,,Date adds when receipt happened; the name anchors the silhouette/portrait composition. This has a distinct visual function from the heading.,product-glossary,high,"The giver's received notice: the caption beside the sticker's silhouette, the receiver and the day they received it",apps/frontend/src/i18n/strings/giving.ts,305,"apps/frontend/src/i18n/strings/giving.ts:305
apps/frontend/src/i18n/strings/giving.ts:305
apps/frontend/src/giving/GiftReceivedNotice.tsx:99
apps/frontend/src/i18n/glossary.md"
giving.receivedNotice.lead,giving,remove,medium,It’s on {{name}}’s sticker board now.,いまは{{name}}さんのシールボードにあります。,,,"The heading already confirms receipt, and the caption names the receiver. This extra sentence adds only a claim about current placement, which may be stale when a delayed notice is read or if the receiver kept it in the tray. The receipt event should not promise present board placement.",editorial,high,The giver's received notice: the line under its title,apps/frontend/src/i18n/strings/giving.ts,300,"apps/frontend/src/i18n/strings/giving.ts:300
apps/frontend/src/i18n/strings/giving.ts:300
apps/frontend/src/giving/GiftReceivedNotice.tsx:87
apps/frontend/src/i18n/glossary.md"
giving.receivedNotice.title,giving,keep,none,{{name}} received your sticker,{{name}}さんがあなたのシールを受け取りました,,,"This is the actual success event and should remain prominent. 受け取りました correctly describes receipt, unlike 開封済み. さん is consistent with the rest of the app.",product-glossary,high,"The giver's received notice, over the whole phone on their sticker board once someone received their gift: its title. The Gratitude heart follows it.",apps/frontend/src/i18n/strings/giving.ts,295,"apps/frontend/src/i18n/strings/giving.ts:295
apps/frontend/src/i18n/strings/giving.ts:295
apps/frontend/src/giving/GiftReceivedNotice.tsx:81
apps/frontend/src/i18n/glossary.md
https://linegift.line.me/faq/faq0008/"
giving.sent.couldntRecord,giving,rewrite,medium,"It went out in LINE, but Croquis couldn’t record it: {{reason}}",LINEでは送れましたが、クロッキーに記録できませんでした：{{reason}},"Sent in LINE, but the sending status couldn’t be saved: {{reason}}",LINEで送信できましたが、送信状況を保存できませんでした：{{reason}},Distinguish delivery from bookkeeping and name exactly what could not be recorded. Croquis adds little to this already in-app error.,editorial,high,"Giving's ""Closed and sent"" screen: an alert when the Gift Message went out but Croquis couldn't record it, with why",apps/frontend/src/i18n/strings/giving.ts,230,"apps/frontend/src/i18n/strings/giving.ts:230
apps/frontend/src/i18n/strings/giving.ts:230
apps/frontend/src/giving/Giving.tsx:252
apps/frontend/src/i18n/glossary.md
https://guide.line.me/ja/communication/chat-friends.html"
giving.sent.lead,giving,shorten,high,"It’s in your LINE chat now, and the gift message opens once. When they receive it, you’ll see who did.",ギフトメッセージを<wbr/>LINEの<wbr/>トークに<wbr/>送りました。<wbr/>ひらけるのは<wbr/>一度だけです。<wbr/>受け取られたら、<wbr/>誰が<wbr/>受け取ったかが<wbr/>わかります。,You’ll see who receives it.,受け取られたら、誰が受け取ったか確認できます。,"Closed and sent already confirms sending. Remove that duplicate and the false opens-once rule; retain the only new information, visibility of the eventual receiver.",editorial,high,"Giving's ""Closed and sent"" screen: the line under its title",apps/frontend/src/i18n/strings/giving.ts,225,"apps/frontend/src/i18n/strings/giving.ts:225
apps/frontend/src/i18n/strings/giving.ts:225
apps/frontend/src/giving/Giving.tsx:243
apps/frontend/src/i18n/glossary.md
https://linegift.line.me/faq/faq0008/"
giving.sent.title,giving,keep,none,Closed and sent,封をして送りました,,,The title closes the physical gift ceremony and confirms the send outcome. 封をして送りました uses correct bag vocabulary and is not needlessly technical.,product-glossary,high,"Giving, once the Gift Message went out through LINE: the title under the gift bag as it closes",apps/frontend/src/i18n/strings/giving.ts,223,"apps/frontend/src/i18n/strings/giving.ts:223
apps/frontend/src/i18n/strings/giving.ts:223
apps/frontend/src/giving/Giving.tsx:242
apps/frontend/src/i18n/glossary.md"
giving.sheet.leaves,giving,remove,medium,It comes off your board and into a gift bag.,シールは<wbr/>ボードから<wbr/>はがれて、<wbr/>ギフト袋に<wbr/>入ります。,,,Narrates the upcoming animation without helping choose an action. Explicitly approved for removal on every size in the confirmed brief.,editorial,high,"Giving's first screen: the note at the bottom, beside a sticker icon",apps/frontend/src/i18n/strings/giving.ts,92,"apps/frontend/src/i18n/strings/giving.ts:92
apps/frontend/src/i18n/strings/giving.ts:92
apps/frontend/src/giving/Giving.tsx:232
apps/frontend/src/i18n/glossary.md
docs/superpowers/specs/2026-10-08-ipad-dialogs-proposal.md:48"
giving.sheet.sendInChat,giving,keep,none,Send in a LINE chat,LINEのトークで送る,,,Specific action names the destination channel; LINEのトーク is LINE’s own language. The complete label is editorial but follows the actual friend-picker flow.,source-backed,high,Giving's first screen: the bold title of the aqua row that packs the sticker and opens LINE's friend picker,apps/frontend/src/i18n/strings/giving.ts,85,"apps/frontend/src/i18n/strings/giving.ts:85
apps/frontend/src/i18n/strings/giving.ts:85
apps/frontend/src/giving/Giving.tsx:222
apps/frontend/src/i18n/glossary.md
https://developers.line.biz/ja/docs/liff/developing-liff-apps/#share-target-picker
https://guide.line.me/ja/communication/chat-friends.html"
giving.sheet.sendInChatHint,giving,remove,high,Pick your chat with them. The first to open it gets it.,相手との<wbr/>トークを<wbr/>選んでください。<wbr/>最初に<wbr/>ひらいた人が<wbr/>受け取れます。,,,"Approved for removal in the confirmed brief; the button already explains sending in LINE. It also incorrectly says the first opener gets ownership, which only transfers on Accept. Any later security explanation must describe the actual one-recipient rule.",editorial,high,"Giving's first screen: the small line under ""Send in a LINE chat""",apps/frontend/src/i18n/strings/giving.ts,87,"apps/frontend/src/i18n/strings/giving.ts:87
apps/frontend/src/i18n/strings/giving.ts:87
apps/frontend/src/giving/Giving.tsx:225
apps/frontend/src/i18n/glossary.md
docs/superpowers/specs/2026-10-08-ipad-dialogs-proposal.md:48
apps/api/src/gifts/receiving.ts:266"
giving.stepHeard,giving,keep,none,{{title}}. {{lead}},{{title}}。{{lead}},,,"Only the live region composes the changing heading and lead for screen readers. Repetition relative to visible text is an accessibility requirement, not unnecessary prose.",product-glossary,high,"Giving, when the sheet moves to a new step: what screen readers hear, its title and then the line under it",apps/frontend/src/i18n/strings/giving.ts,158,"apps/frontend/src/i18n/strings/giving.ts:158
apps/frontend/src/i18n/strings/giving.ts:158
apps/frontend/src/giving/Giving.tsx:412
apps/frontend/src/i18n/glossary.md"
giving.tag.for,giving,keep,none,For,贈り先,,,"贈り先 is a clear paired recipient label and fits the physical tag. LINE’s historical gift flow also uses 贈り先, but keep based on product fit rather than claiming the whole tag has a current app precedent.",editorial,medium,"The gift tag's small label over the recipient's handle, on the gift bag in Giving when the giver picked the person from their sticker board (""For @bob"")",apps/frontend/src/i18n/strings/giving.ts,8,"apps/frontend/src/i18n/strings/giving.ts:8
apps/frontend/src/i18n/strings/giving.ts:8
apps/frontend/src/giving/GiftBag.tsx:172
apps/frontend/src/i18n/glossary.md
https://linegift.line.me/about/"
giving.tag.from,giving,keep,none,From,贈り主,,,贈り主 is precise and has direct official LINE Gift usage. Preserve the consistent sender label on both physical bag and Gift Message.,source-backed,high,"The gift tag's small label over the giver's handle, on the gift bag in Giving and in the gift a recipient opens, and before the handle in the Gift Message sent through LINE (""From @alice"")",apps/frontend/src/i18n/strings/giving.ts,6,"apps/frontend/src/i18n/strings/giving.ts:6
apps/frontend/src/i18n/strings/giving.ts:6
apps/frontend/src/giving/GiftBag.tsx:172
apps/frontend/src/i18n/glossary.md
https://linegift.line.me/blog/blog0003/"
giving.takingOut.button,giving,keep,none,Taking it out…,取り出し中…,,,Brief busy label is tied to a different asynchronous operation than Preparing; it is necessary for focus and progress.,product-glossary,high,Giving's “Taking it out” screen: the send key's label while the sticker comes out,apps/frontend/src/i18n/strings/giving.ts,169,"apps/frontend/src/i18n/strings/giving.ts:169
apps/frontend/src/i18n/strings/giving.ts:169
apps/frontend/src/giving/Giving.tsx:354
apps/frontend/src/i18n/glossary.md"
giving.takingOut.lead,giving,shorten,low,Your sticker is coming back out of the gift bag. This can take a minute or two.,シールを<wbr/>ギフト袋から<wbr/>取り出しています。<wbr/>数分<wbr/>かかることも<wbr/>あります。,This may take a little while.,少し時間がかかることがあります。,"The heading and animation already say taking it out. Retain the wait expectation once. The existing one-to-two-minute English versus 数分 Japanese is imprecise, and no measured duration guarantee was established in this audit.",editorial,medium,Giving's “Taking it out” screen: the line under its title,apps/frontend/src/i18n/strings/giving.ts,164,"apps/frontend/src/i18n/strings/giving.ts:164
apps/frontend/src/i18n/strings/giving.ts:164
apps/frontend/src/giving/Giving.tsx:314
apps/frontend/src/i18n/glossary.md"
giving.takingOut.title,giving,keep,none,Taking it out,取り出し中,,,Distinct state heading accurately matches the reverse gift-bag operation. The short noun phrase 取り出し中 is appropriate Japanese UI.,product-glossary,high,"Giving, while the sticker comes back out of the gift bag after Take it out: the sheet's title",apps/frontend/src/i18n/strings/giving.ts,162,"apps/frontend/src/i18n/strings/giving.ts:162
apps/frontend/src/i18n/strings/giving.ts:162
apps/frontend/src/giving/Giving.tsx:302
apps/frontend/src/i18n/glossary.md"
giving.transferProblem.no_link,giving,shorten,low,"This gift came without a link to send. Take the sticker out, then give it again.",このギフトには送るためのリンクがありませんでした。シールを取り出してから、もう一度贈ってください。,"This gift has no link. Take the sticker out, then give it again.",ギフトのリンクがありません。シールを取り出して、もう一度贈ってください。,"Remove came without / ありませんでした narrative while keeping the cause and exact recovery action. This is a custom error, not externally attested LINE wording.",editorial,high,"Giving's “Not sent yet” screen, in “couldn’t be packed”: the gift has no link to send; taking the sticker out and giving it again makes a new one",apps/frontend/src/i18n/strings/giving.ts,13,"apps/frontend/src/i18n/strings/giving.ts:13
apps/frontend/src/i18n/strings/giving.ts:13
apps/frontend/src/giving/giveFlow.ts:111
apps/frontend/src/i18n/glossary.md"
gratitude.announcements.heartLoose,gratitude,rewrite,medium,The heart is loose.,ハートがとれて、自由に動きだしました。,You can now earn hits by shaking your device. The heart is loose.,端末を振ってヒットを増やせるようになりました。ハートが動きだしました。,Describes a visual effect but does not tell the screen-reader user that shaking now counts; announce the newly available action.,product-glossary,high,"Gratitude Mini-game, screen readers only: said when shaking the phone starts counting as hits and the heart comes loose to bounce off the screen's edges, with reduced motion off",apps/frontend/src/i18n/strings/gratitude.ts,50,"apps/frontend/src/i18n/strings/gratitude.ts:50
/Users/adoll/projects/drawing-app/apps/frontend/src/i18n/strings/gratitude.ts:50
/Users/adoll/projects/drawing-app/apps/frontend/src/gratitude/miniGameEngine.ts:1019
/Users/adoll/projects/drawing-app/apps/frontend/src/i18n/glossary.md"
gratitude.announcements.keepTapping,gratitude,rewrite,low,Keep tapping before the bar runs out.,バーがなくなる前に、タップを続けてください。,Keep tapping before time runs out.,残り時間がなくなる前に、タップを続けてください。,Useful timer instruction after the first tap; Japanese バーがなくなる is understandable but 残り時間 makes the consequence explicit.,product-glossary,high,"Gratitude Mini-game, screen readers only: said as the first tap starts the timer bar",apps/frontend/src/i18n/strings/gratitude.ts,36,"apps/frontend/src/i18n/strings/gratitude.ts:36
/Users/adoll/projects/drawing-app/apps/frontend/src/i18n/strings/gratitude.ts:36
/Users/adoll/projects/drawing-app/apps/frontend/src/gratitude/miniGameEngine.ts:652
/Users/adoll/projects/drawing-app/apps/frontend/src/i18n/glossary.md"
gratitude.announcements.sent,gratitude,keep,none,Sent {{total}} gratitude to {{handle}}.,{{handle}}さんに{{total}}の感謝を送りました。,,,Correctly announces a confirmed send with recipient and quantity; natural 感謝を送りました construction.,product-glossary,high,"Gratitude Mini-game, screen readers only: said once the receipt is up and the server has the gratitude",apps/frontend/src/i18n/strings/gratitude.ts,52,"apps/frontend/src/i18n/strings/gratitude.ts:52
/Users/adoll/projects/drawing-app/apps/frontend/src/i18n/strings/gratitude.ts:52
/Users/adoll/projects/drawing-app/apps/frontend/src/gratitude/GratitudeMiniGame.tsx:312
/Users/adoll/projects/drawing-app/apps/frontend/src/i18n/glossary.md"
gratitude.announcements.shakeUnlocked,gratitude,rewrite,medium,Shake unlocked.,シェイクが解放されました。,You can now earn hits by shaking your device.,端末を振ってヒットを増やせるようになりました。,シェイクが解放されました is game jargon without a clear device action; tell the user they can now shake the device to earn hits.,product-glossary,high,"Gratitude Mini-game, screen readers only: said when shaking the phone starts counting as hits, with reduced motion on, where the heart stays put",apps/frontend/src/i18n/strings/gratitude.ts,48,"apps/frontend/src/i18n/strings/gratitude.ts:48
/Users/adoll/projects/drawing-app/apps/frontend/src/i18n/strings/gratitude.ts:48
/Users/adoll/projects/drawing-app/apps/frontend/src/gratitude/miniGameEngine.ts:1018
/Users/adoll/projects/drawing-app/apps/frontend/src/i18n/glossary.md"
gratitude.announcements.strokeUnlocked,gratitude,rewrite,medium,Stroke unlocked.,なでなでが解放されました。,You can now earn hits by stroking the heart back and forth.,ハートを往復するようになでて、ヒットを増やせるようになりました。,なでなで is cute but not enough instruction for the newly enabled back-and-forth gesture; announce that gesture explicitly.,product-glossary,high,"Gratitude Mini-game, screen readers only: said when fast back-and-forth strokes on the heart start counting as hits",apps/frontend/src/i18n/strings/gratitude.ts,46,"apps/frontend/src/i18n/strings/gratitude.ts:46
/Users/adoll/projects/drawing-app/apps/frontend/src/i18n/strings/gratitude.ts:46
/Users/adoll/projects/drawing-app/apps/frontend/src/gratitude/miniGameEngine.ts:898
/Users/adoll/projects/drawing-app/apps/frontend/src/i18n/glossary.md"
gratitude.announcements.total,gratitude,keep,none,"{{total}} gratitude, times {{multiplier}}",感謝{{total}}、{{multiplier}}倍,,,Compact live feedback communicates gratitude and multiplier; concise Japanese is appropriate at this frequency.,product-glossary,high,"Gratitude Mini-game, screen readers only: said on a hit at most every 1.6 seconds, the combo's gratitude so far and its multiplier",apps/frontend/src/i18n/strings/gratitude.ts,41,"apps/frontend/src/i18n/strings/gratitude.ts:41
/Users/adoll/projects/drawing-app/apps/frontend/src/i18n/strings/gratitude.ts:41
/Users/adoll/projects/drawing-app/apps/frontend/src/gratitude/miniGameEngine.ts:719
/Users/adoll/projects/drawing-app/apps/frontend/src/i18n/glossary.md"
gratitude.close,gratitude,keep,none,Close,閉じる,,,Correct accessible name for the X before play and after the ending.,product-glossary,high,"Gratitude Mini-game, top right, before the first tap or once the ending has played: screen readers' name for the X button that closes the game",apps/frontend/src/i18n/strings/gratitude.ts,11,"apps/frontend/src/i18n/strings/gratitude.ts:11
/Users/adoll/projects/drawing-app/apps/frontend/src/i18n/strings/gratitude.ts:11
/Users/adoll/projects/drawing-app/apps/frontend/src/gratitude/GratitudeMiniGame.tsx:361
/Users/adoll/projects/drawing-app/apps/frontend/src/i18n/glossary.md"
gratitude.endAndSend,gratitude,keep,none,End and send gratitude,ここで終えて感謝を送る,,,"During play the X ends and submits the combo, so this distinct accessible label is essential.",product-glossary,high,"Gratitude Mini-game, top right, once the combo is running: screen readers' name for the X button, which ends the combo, sends it and shows its receipt",apps/frontend/src/i18n/strings/gratitude.ts,13,"apps/frontend/src/i18n/strings/gratitude.ts:13
/Users/adoll/projects/drawing-app/apps/frontend/src/i18n/strings/gratitude.ts:13
/Users/adoll/projects/drawing-app/apps/frontend/src/gratitude/GratitudeMiniGame.tsx:361
/Users/adoll/projects/drawing-app/apps/frontend/src/i18n/glossary.md"
gratitude.failures.stopped,gratitude,shorten,low,"The game stopped before your first tap, so nothing was sent. Close it and send your gratitude again.",最初のタップの前にゲームが止まってしまい、感謝は送られていません。閉じてから、もう一度感謝を送ってください。,The game stopped. Nothing was sent. Close it and try again.,ゲームが止まり、感謝は送られていません。閉じてから、もう一度お試しください。,Gives the no-send consequence and retry route; can be substantially shorter without losing either.,product-glossary,high,"Gratitude Mini-game, when the game breaks before the first tap: an alert at the bottom of the screen",apps/frontend/src/i18n/strings/gratitude.ts,87,"apps/frontend/src/i18n/strings/gratitude.ts:87
/Users/adoll/projects/drawing-app/apps/frontend/src/i18n/strings/gratitude.ts:87
/Users/adoll/projects/drawing-app/apps/frontend/src/gratitude/GratitudeMiniGame.tsx:440
/Users/adoll/projects/drawing-app/apps/frontend/src/gratitude/GratitudeMiniGame.tsx:441
/Users/adoll/projects/drawing-app/apps/frontend/src/i18n/glossary.md"
gratitude.failures.stoppedInPlay,gratitude,keep,none,"The game stopped early, so this is your combo up to then.",ゲームが途中で止まったため、そこまでの感謝になっています。,,,Explains the shortened result after a runtime failure; preserve because the receipt otherwise looks like a normal finish.,product-glossary,high,"Gratitude Mini-game, when the game breaks mid-combo or in its ending and the receipt comes up at once: an alert at the bottom of the screen",apps/frontend/src/i18n/strings/gratitude.ts,92,"apps/frontend/src/i18n/strings/gratitude.ts:92
/Users/adoll/projects/drawing-app/apps/frontend/src/i18n/strings/gratitude.ts:92
/Users/adoll/projects/drawing-app/apps/frontend/src/gratitude/GratitudeMiniGame.tsx:440
/Users/adoll/projects/drawing-app/apps/frontend/src/i18n/glossary.md"
gratitude.from,gratitude,keep,none,From,贈り主,,,"贈り主 is a good role translation, clearer than a literal から above the giver's handle.",product-glossary,high,"Gratitude Mini-game, top: fine print over the giver's handle, beside their photo",apps/frontend/src/i18n/strings/gratitude.ts,9,"apps/frontend/src/i18n/strings/gratitude.ts:9
/Users/adoll/projects/drawing-app/apps/frontend/src/i18n/strings/gratitude.ts:9
/Users/adoll/projects/drawing-app/apps/frontend/src/gratitude/GratitudeMiniGame.tsx:348
/Users/adoll/projects/drawing-app/apps/frontend/src/i18n/glossary.md"
gratitude.heart,gratitude,keep,none,Send gratitude to {{handle}},{{handle}}さんに感謝を送る,,,The named recipient identifies the purpose of the heart button; approved gratitude vocabulary.,product-glossary,high,"Gratitude Mini-game: screen readers' name for the big heart's button, which you tap to play",apps/frontend/src/i18n/strings/gratitude.ts,15,"apps/frontend/src/i18n/strings/gratitude.ts:15
/Users/adoll/projects/drawing-app/apps/frontend/src/i18n/strings/gratitude.ts:15
/Users/adoll/projects/drawing-app/apps/frontend/src/gratitude/miniGameEngine.ts:334
/Users/adoll/projects/drawing-app/apps/frontend/src/i18n/glossary.md"
gratitude.hint,gratitude,keep,none,Tap the heart<br/>as fast as you can!,できるだけ速く<br/>ハートをタップ！,,,The one essential start instruction is short and natural; retain its deliberate line break.,product-glossary,high,"Gratitude Mini-game, before the first tap: the hint under the heart, on two lines, beating like a game's start button",apps/frontend/src/i18n/strings/gratitude.ts,17,"apps/frontend/src/i18n/strings/gratitude.ts:17
/Users/adoll/projects/drawing-app/apps/frontend/src/i18n/strings/gratitude.ts:17
/Users/adoll/projects/drawing-app/apps/frontend/src/gratitude/GratitudeMiniGame.tsx:373
/Users/adoll/projects/drawing-app/apps/frontend/src/i18n/glossary.md"
gratitude.hud.secondsAdded,gratitude,keep,none,'+{{seconds}}s,'+{{seconds}}秒,,,The plus sign and seconds unit accurately show the time extension; CSV escaping is not part of the UI string.,product-glossary,high,"Gratitude Mini-game, the timer bar at the top: a label that rises over the bar's end as a hit lands, the seconds the hit added",apps/frontend/src/i18n/strings/gratitude.ts,31,"apps/frontend/src/i18n/strings/gratitude.ts:31
/Users/adoll/projects/drawing-app/apps/frontend/src/i18n/strings/gratitude.ts:31
/Users/adoll/projects/drawing-app/apps/frontend/src/gratitude/comboHud.ts:275
/Users/adoll/projects/drawing-app/apps/frontend/src/i18n/glossary.md"
gratitude.hud.secondsUnit,gratitude,keep,none,s,秒,,,秒 is the correct compact Japanese time unit.,product-glossary,high,"Gratitude Mini-game, the timer bar at the top: the unit after the seconds left",apps/frontend/src/i18n/strings/gratitude.ts,29,"apps/frontend/src/i18n/strings/gratitude.ts:29
/Users/adoll/projects/drawing-app/apps/frontend/src/i18n/strings/gratitude.ts:29
/Users/adoll/projects/drawing-app/apps/frontend/src/gratitude/comboHud.ts:107
/Users/adoll/projects/drawing-app/apps/frontend/src/i18n/glossary.md"
gratitude.receipt.bestMultiplier,gratitude,keep,none,best ×{{multiplier}},最高×{{multiplier}},,,The tiny multiplier label is terse but understandable beside a multiplication sign; no sentence needed.,product-glossary,high,"Gratitude Mini-game, receipt card: fine print beside the hit counter, the combo's best multiplier",apps/frontend/src/i18n/strings/gratitude.ts,71,"apps/frontend/src/i18n/strings/gratitude.ts:71
/Users/adoll/projects/drawing-app/apps/frontend/src/i18n/strings/gratitude.ts:71
/Users/adoll/projects/drawing-app/apps/frontend/src/gratitude/GratitudeMiniGame.tsx:411
/Users/adoll/projects/drawing-app/apps/frontend/src/i18n/glossary.md"
gratitude.receipt.gratitudeTo,gratitude,keep,none,gratitude to {{handle}},{{handle}}さんへの<wbr/>感謝,,,The recipient line explains the large total; Japanese correctly puts the owner before 感謝.,product-glossary,high,"Gratitude Mini-game, receipt card: the line under the big gratitude total, naming the giver",apps/frontend/src/i18n/strings/gratitude.ts,69,"apps/frontend/src/i18n/strings/gratitude.ts:69
/Users/adoll/projects/drawing-app/apps/frontend/src/i18n/strings/gratitude.ts:69
/Users/adoll/projects/drawing-app/apps/frontend/src/gratitude/GratitudeMiniGame.tsx:405
/Users/adoll/projects/drawing-app/apps/frontend/src/i18n/glossary.md"
gratitude.receipt.kept,gratitude,rewrite,medium,Saved on this phone. It goes to {{handle}} when you’re back online.,この端末に保存しました。接続が戻ったら、{{handle}}さんに送ります。,Saved on this device. Open Croquis while online to send it to {{handle}}.,この端末に保存しました。接続がある状態でクロッキーをひらくと、{{handle}}さんに送信します。,"Important queued-send state, but regained connectivity does not alone guarantee a send if Croquis is closed.",product-glossary,high,"Gratitude Mini-game, receipt card, in a note under the combo when the gratitude couldn't reach the server, also said to screen readers",apps/frontend/src/i18n/strings/gratitude.ts,75,"apps/frontend/src/i18n/strings/gratitude.ts:75
/Users/adoll/projects/drawing-app/apps/frontend/src/i18n/strings/gratitude.ts:75
/Users/adoll/projects/drawing-app/apps/frontend/src/gratitude/GratitudeMiniGame.tsx:73
/Users/adoll/projects/drawing-app/apps/frontend/src/i18n/glossary.md
/Users/adoll/projects/drawing-app/apps/frontend/src/gratitude/gratitudeOutbox.ts:264"
gratitude.receipt.label,gratitude,keep,none,Gratitude sent,感謝を送りました,,,The successful receipt name is only used after a confirmed send; no premature success claim in ordinary gift flow.,product-glossary,high,"Gratitude Mini-game, once the ending has played and the server has the gratitude: screen readers' name for the receipt card",apps/frontend/src/i18n/strings/gratitude.ts,59,"apps/frontend/src/i18n/strings/gratitude.ts:59
/Users/adoll/projects/drawing-app/apps/frontend/src/i18n/strings/gratitude.ts:59
/Users/adoll/projects/drawing-app/apps/frontend/src/gratitude/GratitudeMiniGame.tsx:87
/Users/adoll/projects/drawing-app/apps/frontend/src/gratitude/GratitudeMiniGame.tsx:89
/Users/adoll/projects/drawing-app/apps/frontend/src/i18n/glossary.md"
gratitude.receipt.labelKept,gratitude,keep,none,Gratitude saved,感謝を保存しました,,,Saved receipt is distinctly named for assistive technology; retain the state distinction.,product-glossary,high,"Gratitude Mini-game, once the ending has played when the gratitude couldn't reach the server and waits on this phone: screen readers' name for the receipt card",apps/frontend/src/i18n/strings/gratitude.ts,63,"apps/frontend/src/i18n/strings/gratitude.ts:63
/Users/adoll/projects/drawing-app/apps/frontend/src/i18n/strings/gratitude.ts:63
/Users/adoll/projects/drawing-app/apps/frontend/src/gratitude/GratitudeMiniGame.tsx:89
/Users/adoll/projects/drawing-app/apps/frontend/src/i18n/glossary.md"
gratitude.receipt.labelLost,gratitude,keep,none,Gratitude not sent or saved,感謝を送れず、保存もできませんでした,,,Clear accessible statement that neither send nor local save succeeded.,product-glossary,high,"Gratitude Mini-game, once the ending has played when the gratitude couldn't reach the server and this phone couldn't save it: screen readers' name for the receipt card",apps/frontend/src/i18n/strings/gratitude.ts,65,"apps/frontend/src/i18n/strings/gratitude.ts:65
/Users/adoll/projects/drawing-app/apps/frontend/src/i18n/strings/gratitude.ts:65
/Users/adoll/projects/drawing-app/apps/frontend/src/gratitude/GratitudeMiniGame.tsx:91
/Users/adoll/projects/drawing-app/apps/frontend/src/i18n/glossary.md"
gratitude.receipt.labelRefused,gratitude,keep,none,Gratitude not sent,感謝を送れませんでした,,,Correctly avoids saying Saved when the server permanently refuses the gratitude.,product-glossary,high,"Gratitude Mini-game, once the ending has played when the server refused the gratitude: screen readers' name for the receipt card",apps/frontend/src/i18n/strings/gratitude.ts,67,"apps/frontend/src/i18n/strings/gratitude.ts:67
/Users/adoll/projects/drawing-app/apps/frontend/src/i18n/strings/gratitude.ts:67
/Users/adoll/projects/drawing-app/apps/frontend/src/gratitude/GratitudeMiniGame.tsx:93
/Users/adoll/projects/drawing-app/apps/frontend/src/i18n/glossary.md"
gratitude.receipt.labelSending,gratitude,keep,none,Sending gratitude,感謝を送っています,,,Useful accessible name while the send is still pending.,product-glossary,high,"Gratitude Mini-game, once the ending has played while the gratitude is still going to the server: screen readers' name for the receipt card",apps/frontend/src/i18n/strings/gratitude.ts,61,"apps/frontend/src/i18n/strings/gratitude.ts:61
/Users/adoll/projects/drawing-app/apps/frontend/src/i18n/strings/gratitude.ts:61
/Users/adoll/projects/drawing-app/apps/frontend/src/gratitude/GratitudeMiniGame.tsx:87
/Users/adoll/projects/drawing-app/apps/frontend/src/i18n/glossary.md"
gratitude.receipt.lost,gratitude,shorten,low,"This combo wasn’t sent, and this phone couldn’t save it. Close this and send your gratitude again.",今回の感謝は送られず、この端末にも保存できませんでした。閉じてから、もう一度感謝を送ってください。,Couldn’t send or save this gratitude. Close this and try again.,今回の感謝を送信・保存できませんでした。閉じてから、もう一度お試しください。,"States both failures and what to do, but repeats the same sentence structure as the stopped error; can be concise.",product-glossary,high,"Gratitude Mini-game, receipt card, in a note under the combo when the gratitude couldn't reach the server and this phone couldn't save it, also said to screen readers: sending it again is up to the person",apps/frontend/src/i18n/strings/gratitude.ts,80,"apps/frontend/src/i18n/strings/gratitude.ts:80
/Users/adoll/projects/drawing-app/apps/frontend/src/i18n/strings/gratitude.ts:80
/Users/adoll/projects/drawing-app/apps/frontend/src/gratitude/GratitudeMiniGame.tsx:75
/Users/adoll/projects/drawing-app/apps/frontend/src/i18n/glossary.md"
gratitude.receipt.sending,gratitude,shorten,low,Sending…,送っています…,,送信中…,Short pending-send state; 送信中 is a familiar more compact alternative.,product-glossary,high,"Gratitude Mini-game, receipt card, in a note under the combo while the gratitude is still going to the server",apps/frontend/src/i18n/strings/gratitude.ts,73,"apps/frontend/src/i18n/strings/gratitude.ts:73
/Users/adoll/projects/drawing-app/apps/frontend/src/i18n/strings/gratitude.ts:73
/Users/adoll/projects/drawing-app/apps/frontend/src/gratitude/GratitudeMiniGame.tsx:71
/Users/adoll/projects/drawing-app/apps/frontend/src/i18n/glossary.md"
gratitude.refusals.alreadyRecorded,gratitude,shorten,low,"Gratitude for this sticker is already with {{handle}}, so this combo wasn’t sent.",このシールへの感謝はすでに{{handle}}さんに届いているため、今回の感謝は送られませんでした。,Gratitude for this sticker has already reached {{handle}}. This combo wasn’t added.,このシールへの感謝は{{handle}}さんに送信済みです。今回の感謝は追加されませんでした。,Needs to explain that existing gratitude is safe and this new attempt was not added; a shorter two-part sentence works.,product-glossary,high,"Gratitude Mini-game, receipt card's note when the gift already has gratitude (gratitude_already_recorded)",apps/frontend/src/i18n/strings/gratitude.ts,100,"apps/frontend/src/i18n/strings/gratitude.ts:100
/Users/adoll/projects/drawing-app/apps/frontend/src/i18n/strings/gratitude.ts:100
/Users/adoll/projects/drawing-app/apps/frontend/src/gratitude/refusalNote.ts:16
/Users/adoll/projects/drawing-app/apps/frontend/src/i18n/glossary.md"
gratitude.refusals.notFound,gratitude,rewrite,low,"This gift isn’t here anymore, so this combo wasn’t sent.",このギフトが見つからないため、今回の感謝は送られませんでした。,This gift couldn’t be found. Your gratitude wasn’t sent.,,"Names the absent gift and consequence, but English is not here anymore overstates deletion when the code means not found.",product-glossary,high,"Gratitude Mini-game, receipt card's note when the gift isn't there (gift_not_found)",apps/frontend/src/i18n/strings/gratitude.ts,115,"apps/frontend/src/i18n/strings/gratitude.ts:115
/Users/adoll/projects/drawing-app/apps/frontend/src/i18n/strings/gratitude.ts:115
/Users/adoll/projects/drawing-app/apps/frontend/src/gratitude/refusalNote.ts:22
/Users/adoll/projects/drawing-app/apps/frontend/src/i18n/glossary.md"
gratitude.refusals.notReceived,gratitude,rewrite,high,"This sticker isn’t marked received yet, so this combo wasn’t sent. Try again once it’s on your board.",このシールはまだ受け取り済みになっていないため、今回の感謝は送られませんでした。ボードに貼られてから、もう一度送ってください。,"This sticker hasn’t been received yet. Receive it, then try sending gratitude again.",このシールはまだ受け取りが完了していません。受け取ってから、もう一度感謝を送ってください。,"The server checks receiving, not whether the sticker is placed on the board; current recovery points at the wrong user action.",product-glossary,high,"Gratitude Mini-game, receipt card's note when the server doesn't have the gift as received yet (gift_not_received), which a later combo can fix",apps/frontend/src/i18n/strings/gratitude.ts,110,"apps/frontend/src/i18n/strings/gratitude.ts:110
/Users/adoll/projects/drawing-app/apps/frontend/src/i18n/strings/gratitude.ts:110
/Users/adoll/projects/drawing-app/apps/frontend/src/gratitude/refusalNote.ts:20
/Users/adoll/projects/drawing-app/apps/frontend/src/i18n/glossary.md
/Users/adoll/projects/drawing-app/apps/frontend/src/gratitude/refusalNote.ts:22"
gratitude.refusals.notReceiver,gratitude,keep,none,"This sticker was received by someone else, so this combo wasn’t sent.",このシールを受け取ったのは別の人なので、今回の感謝は送られませんでした。,,,Names the actual ownership/recipient conflict and explains the unsent result; necessary.,product-glossary,high,"Gratitude Mini-game, receipt card's note when someone else received the gift (not_receiver)",apps/frontend/src/i18n/strings/gratitude.ts,105,"apps/frontend/src/i18n/strings/gratitude.ts:105
/Users/adoll/projects/drawing-app/apps/frontend/src/i18n/strings/gratitude.ts:105
/Users/adoll/projects/drawing-app/apps/frontend/src/gratitude/refusalNote.ts:18
/Users/adoll/projects/drawing-app/apps/frontend/src/i18n/glossary.md"
gratitude.refusals.other,gratitude,shorten,low,"Croquis didn’t accept your gratitude for {{handle}}, so this combo wasn’t sent.",クロッキーが{{handle}}さんへの感謝を受け付けなかったため、今回の感謝は送られませんでした。,Couldn’t send gratitude to {{handle}}.,{{handle}}さんに感謝を送れませんでした。,Unknown refusal needs a plain summary and preserved details; the current personified Croquis wording can be simpler.,product-glossary,high,"Gratitude Mini-game, receipt card's note for any other refusal, over its details for a report: the server's status, code and English words",apps/frontend/src/i18n/strings/gratitude.ts,125,"apps/frontend/src/i18n/strings/gratitude.ts:125
/Users/adoll/projects/drawing-app/apps/frontend/src/i18n/strings/gratitude.ts:125
/Users/adoll/projects/drawing-app/apps/frontend/src/gratitude/refusalNote.ts:28
/Users/adoll/projects/drawing-app/apps/frontend/src/i18n/glossary.md"
gratitude.refusals.unreadable,gratitude,rewrite,low,"Croquis couldn’t read your combo, so it wasn’t sent. Send your gratitude again.",クロッキーが今回の感謝を読み取れなかったため、送られませんでした。もう一度感謝を送ってください。,This combo couldn’t be recorded. Try sending gratitude again.,今回の感謝を記録できませんでした。もう一度感謝を送ってください。,A malformed combo can be retried as a new play; say recording failed rather than Croquis could not read gratitude.,product-glossary,high,"Gratitude Mini-game, receipt card's note, and the sticker detail's until dismissed, when the server couldn't read the combo (replay_invalid, invalid_request), which a new combo can get past",apps/frontend/src/i18n/strings/gratitude.ts,120,"apps/frontend/src/i18n/strings/gratitude.ts:120
/Users/adoll/projects/drawing-app/apps/frontend/src/i18n/strings/gratitude.ts:120
/Users/adoll/projects/drawing-app/apps/frontend/src/gratitude/refusalNote.ts:25
/Users/adoll/projects/drawing-app/apps/frontend/src/i18n/glossary.md"
gratitude.sigh,gratitude,keep,none,fuu…,ふぅ…,,,Intentional expressive lettering; Japanese ふぅ is idiomatic for the exhale animation.,product-glossary,high,"Gratitude Mini-game, as the combo ends: the sigh that drifts up over where the heart was, beside a wind icon",apps/frontend/src/i18n/strings/gratitude.ts,26,"apps/frontend/src/i18n/strings/gratitude.ts:26
/Users/adoll/projects/drawing-app/apps/frontend/src/i18n/strings/gratitude.ts:26
/Users/adoll/projects/drawing-app/apps/frontend/src/gratitude/GratitudeMiniGame.tsx:378
/Users/adoll/projects/drawing-app/apps/frontend/src/i18n/glossary.md"
gratitude.sticker,gratitude,keep,none,Sticker {{no}},シール{{no}},,,Necessary accessible identity for the sticker thumbnail; simple localized noun plus number.,product-glossary,high,"Gratitude Mini-game, top left: screen readers' name for the sticker the gratitude is for, with its number",apps/frontend/src/i18n/strings/gratitude.ts,7,"apps/frontend/src/i18n/strings/gratitude.ts:7
/Users/adoll/projects/drawing-app/apps/frontend/src/i18n/strings/gratitude.ts:7
/Users/adoll/projects/drawing-app/apps/frontend/src/gratitude/GratitudeMiniGame.tsx:330
/Users/adoll/projects/drawing-app/apps/frontend/src/i18n/glossary.md"
gratitude.tips.shake,gratitude,keep,none,Keep shaking!,そのまま振り続けて！,,,Clear encouragement during an attempted device shake; natural Japanese imperative in a game.,product-glossary,high,"Gratitude Mini-game, during a hard shake of the phone, before shaking counts as hits: a tip label with a vibrate icon, also said to screen readers",apps/frontend/src/i18n/strings/gratitude.ts,23,"apps/frontend/src/i18n/strings/gratitude.ts:23
/Users/adoll/projects/drawing-app/apps/frontend/src/i18n/strings/gratitude.ts:23
/Users/adoll/projects/drawing-app/apps/frontend/src/gratitude/GratitudeMiniGame.tsx:80
/Users/adoll/projects/drawing-app/apps/frontend/src/i18n/glossary.md"
gratitude.tips.stroke,gratitude,rewrite,low,"Stroke it back and forth, fast",行ったり来たり、すばやくなでて,"Stroke the heart back and forth, fast",ハートをすばやく、往復するようになでて,行ったり来たり is conversational but vague about the object and gesture; 左右になでる is clearer if horizontal is truly required.,product-glossary,high,"Gratitude Mini-game, after three drags across the heart that didn't start stroking: a tip label with a swipe icon, also said to screen readers",apps/frontend/src/i18n/strings/gratitude.ts,21,"apps/frontend/src/i18n/strings/gratitude.ts:21
/Users/adoll/projects/drawing-app/apps/frontend/src/i18n/strings/gratitude.ts:21
/Users/adoll/projects/drawing-app/apps/frontend/src/gratitude/GratitudeMiniGame.tsx:80
/Users/adoll/projects/drawing-app/apps/frontend/src/i18n/glossary.md"
gratitude.title,gratitude,keep,none,Send gratitude,感謝を送る,,,Approved action 感謝を送る names the entire screen and its purpose.,product-glossary,high,"Gratitude Mini-game, which covers the phone when you send gratitude for a received sticker: the page title in LINE's header while it's open, and screen readers' name for the game",apps/frontend/src/i18n/strings/gratitude.ts,5,"apps/frontend/src/i18n/strings/gratitude.ts:5
/Users/adoll/projects/drawing-app/apps/frontend/src/i18n/strings/gratitude.ts:5
/Users/adoll/projects/drawing-app/apps/frontend/src/gratitude/GratitudeMiniGame.tsx:279
/Users/adoll/projects/drawing-app/apps/frontend/src/gratitude/GratitudeMiniGame.tsx:322
/Users/adoll/projects/drawing-app/apps/frontend/src/i18n/glossary.md"
kyotoSeika.balloons.charred,kyotoSeika,keep,none,The die blew up. This subject stays.,サイコロが爆発しました。この題材で決まりです。,,,The behavior truly locks this subject after the die explodes; the spoken explanation is necessary because animation cannot convey that accessibly.,product-glossary,high,"Drawing screen, a sheet in Kyoto Seika Practice Mode before Begin: a die's name for screen readers once it blew up from rolling too often, and read out as it does; its balloon's subject can't change",apps/frontend/src/i18n/strings/kyotoSeika.ts,20,"apps/frontend/src/i18n/strings/kyotoSeika.ts:20
/Users/adoll/projects/drawing-app/apps/frontend/src/i18n/strings/kyotoSeika.ts:20
/Users/adoll/projects/drawing-app/apps/frontend/src/kyoto-seika/SubjectReroll.tsx:87
/Users/adoll/projects/drawing-app/apps/frontend/src/kyoto-seika/SubjectBalloons.tsx:333
/Users/adoll/projects/drawing-app/apps/frontend/src/i18n/glossary.md
https://www.kyoto-seika.ac.jp/pdf/2026/guide.pdf
https://www.kyoto-seika.ac.jp/admissions/exam/foreign-1a.html"
kyotoSeika.balloons.label,kyotoSeika,keep,none,Your subjects,題材,,,Approved 題材 names the pair concisely for screen readers.,product-glossary,high,"Drawing screen, a sheet in Kyoto Seika Practice Mode before Begin: the two thought balloons' group name for screen readers",apps/frontend/src/i18n/strings/kyotoSeika.ts,7,"apps/frontend/src/i18n/strings/kyotoSeika.ts:7
/Users/adoll/projects/drawing-app/apps/frontend/src/i18n/strings/kyotoSeika.ts:7
/Users/adoll/projects/drawing-app/apps/frontend/src/kyoto-seika/SubjectBalloons.tsx:371
/Users/adoll/projects/drawing-app/apps/frontend/src/i18n/glossary.md
https://www.kyoto-seika.ac.jp/pdf/2026/guide.pdf
https://www.kyoto-seika.ac.jp/admissions/exam/foreign-1a.html"
kyotoSeika.balloons.loadFailed,kyotoSeika,keep,none,Couldn’t load the subjects.,題材を読み込めませんでした。,,,Persistent subject-loading failure is necessary; the nearby retry action supplies recovery.,product-glossary,high,"Drawing screen, a sheet in Kyoto Seika Practice Mode: the line in place of the balloons when the subject list didn't load",apps/frontend/src/i18n/strings/kyotoSeika.ts,25,"apps/frontend/src/i18n/strings/kyotoSeika.ts:25
/Users/adoll/projects/drawing-app/apps/frontend/src/i18n/strings/kyotoSeika.ts:25
/Users/adoll/projects/drawing-app/apps/frontend/src/kyoto-seika/KyotoSeikaDeal.tsx:115
/Users/adoll/projects/drawing-app/apps/frontend/src/i18n/glossary.md
https://www.kyoto-seika.ac.jp/pdf/2026/guide.pdf
https://www.kyoto-seika.ac.jp/admissions/exam/foreign-1a.html"
kyotoSeika.balloons.reroll,kyotoSeika,keep,none,Reroll,振り直し,,,Approved 振り直し names the dice action and preserves the visible metaphor.,product-glossary,high,"Drawing screen, a sheet in Kyoto Seika Practice Mode before Begin: the hand lettering beside the inked die under each cloud, which deals that cloud another subject; screen readers hear the die's name instead",apps/frontend/src/i18n/strings/kyotoSeika.ts,14,"apps/frontend/src/i18n/strings/kyotoSeika.ts:14
/Users/adoll/projects/drawing-app/apps/frontend/src/i18n/strings/kyotoSeika.ts:14
/Users/adoll/projects/drawing-app/apps/frontend/src/kyoto-seika/SubjectReroll.tsx:95
/Users/adoll/projects/drawing-app/apps/frontend/src/i18n/glossary.md
https://www.kyoto-seika.ac.jp/pdf/2026/guide.pdf
https://www.kyoto-seika.ac.jp/admissions/exam/foreign-1a.html"
kyotoSeika.balloons.roll,kyotoSeika,context,medium,"Reroll: {{word}}, {{english}}",振り直し：{{word}}、{{english}},,,Japanese unnecessarily reads the English gloss after the Japanese subject; its reading should follow the Japanese-only canvas/detail behavior.,product-glossary,high,"Drawing screen, a sheet in Kyoto Seika Practice Mode before Begin: a cloud's reroll, named for screen readers by the lettering it shows and the subject it would replace, such as ""Reroll: 風, wind""",apps/frontend/src/i18n/strings/kyotoSeika.ts,9,"apps/frontend/src/i18n/strings/kyotoSeika.ts:9
/Users/adoll/projects/drawing-app/apps/frontend/src/i18n/strings/kyotoSeika.ts:9
/Users/adoll/projects/drawing-app/apps/frontend/src/kyoto-seika/SubjectReroll.tsx:88
/Users/adoll/projects/drawing-app/apps/frontend/src/kyoto-seika/SubjectReroll.tsx:124
/Users/adoll/projects/drawing-app/apps/frontend/src/i18n/glossary.md
/Users/adoll/projects/drawing-app/apps/frontend/src/kyoto-seika/SubjectReroll.tsx:88"
kyotoSeika.balloons.rollSound,kyotoSeika,keep,none,コロッ,コロッ,,,コロッ is intentional manga sound lettering in both locales; no translation gap.,product-glossary,high,"Drawing screen, a sheet in Kyoto Seika Practice Mode before Begin: the sound effect lettered beside a die as it lands, hidden from screen readers; Japanese in both languages, as a drawn manga sound effect",apps/frontend/src/i18n/strings/kyotoSeika.ts,16,"apps/frontend/src/i18n/strings/kyotoSeika.ts:16
/Users/adoll/projects/drawing-app/apps/frontend/src/i18n/strings/kyotoSeika.ts:16
/Users/adoll/projects/drawing-app/apps/frontend/src/kyoto-seika/SubjectReroll.tsx:124
/Users/adoll/projects/drawing-app/apps/frontend/src/i18n/glossary.md
https://www.kyoto-seika.ac.jp/pdf/2026/guide.pdf
https://www.kyoto-seika.ac.jp/admissions/exam/foreign-1a.html"
kyotoSeika.balloons.subject,kyotoSeika,context,medium,"{{word}}, {{english}}",{{word}}、{{english}},,,Japanese receives the English gloss on every reroll although other Japanese subject announcements omit it; this creates needless bilingual speech.,product-glossary,high,"Drawing screen, a sheet in Kyoto Seika Practice Mode: a subject as screen readers hear it, such as ""風, wind"": read out politely as a balloon is dealt it, and in English in the canvas's name once begun",apps/frontend/src/i18n/strings/kyotoSeika.ts,18,"apps/frontend/src/i18n/strings/kyotoSeika.ts:18
/Users/adoll/projects/drawing-app/apps/frontend/src/i18n/strings/kyotoSeika.ts:18
/Users/adoll/projects/drawing-app/apps/frontend/src/kyoto-seika/useCanvasName.ts:18
/Users/adoll/projects/drawing-app/apps/frontend/src/kyoto-seika/SubjectBalloons.tsx:330
/Users/adoll/projects/drawing-app/apps/frontend/src/i18n/glossary.md
/Users/adoll/projects/drawing-app/apps/frontend/src/kyoto-seika/SubjectBalloons.tsx:330"
kyotoSeika.begin.key,kyotoSeika,keep,none,Begin,はじめ,,,Approved はじめ preserves the proctor-like tone; do not replace with 開始 without vocabulary approval.,product-glossary,high,"Drawing screen, a sheet in Kyoto Seika Practice Mode before Begin: the yellow key at the sheet's foot, the proctor's word for starting the test",apps/frontend/src/i18n/strings/kyotoSeika.ts,30,"apps/frontend/src/i18n/strings/kyotoSeika.ts:30
/Users/adoll/projects/drawing-app/apps/frontend/src/i18n/strings/kyotoSeika.ts:30
/Users/adoll/projects/drawing-app/apps/frontend/src/kyoto-seika/BeginKey.tsx:54
/Users/adoll/projects/drawing-app/apps/frontend/src/i18n/glossary.md
https://www.kyoto-seika.ac.jp/pdf/2026/guide.pdf
https://www.kyoto-seika.ac.jp/admissions/exam/foreign-1a.html"
kyotoSeika.begin.label,kyotoSeika,rewrite,low,Begin: start the {{minutes}}-minute timer,はじめ：{{minutes}}分のタイマーをスタート,,はじめ：{{minutes}}分のタイマーを開始,Accessible name usefully explains the timed consequence of Begin; quotation marks would make the displayed label clearer.,product-glossary,high,"Drawing screen, a sheet in Kyoto Seika Practice Mode before Begin: the yellow key's name for screen readers; {{minutes}} is the clock's length",apps/frontend/src/i18n/strings/kyotoSeika.ts,32,"apps/frontend/src/i18n/strings/kyotoSeika.ts:32
/Users/adoll/projects/drawing-app/apps/frontend/src/i18n/strings/kyotoSeika.ts:32
/Users/adoll/projects/drawing-app/apps/frontend/src/kyoto-seika/BeginKey.tsx:48
/Users/adoll/projects/drawing-app/apps/frontend/src/i18n/glossary.md"
kyotoSeika.begin.task,kyotoSeika,keep,none,Draw both in one sticker,2つの題材を1枚にかく,,,"Combining two subjects is the actual task, and the short instruction is useful above Begin.",product-glossary,high,"Drawing screen, a sheet in Kyoto Seika Practice Mode before Begin: the quiet line between the two subjects' balloons and Begin, saying what the test asks of them",apps/frontend/src/i18n/strings/kyotoSeika.ts,37,"apps/frontend/src/i18n/strings/kyotoSeika.ts:37
/Users/adoll/projects/drawing-app/apps/frontend/src/i18n/strings/kyotoSeika.ts:37
/Users/adoll/projects/drawing-app/apps/frontend/src/kyoto-seika/BeginKey.tsx:43
/Users/adoll/projects/drawing-app/apps/frontend/src/i18n/glossary.md
https://www.kyoto-seika.ac.jp/pdf/2026/guide.pdf
https://www.kyoto-seika.ac.jp/admissions/exam/foreign-1a.html"
kyotoSeika.censor.why,kyotoSeika,keep,none,Redacted for grown-up reasons,大人の事情により伏せています,,,"A deliberate Japanese gag, not functional guidance; retain only as opt-in interaction, which the component already does.",editorial,high,Settings note: the label that peels on under the censor bar in Kyoto Seika Practice Mode's name when it's tapped,apps/frontend/src/i18n/strings/kyotoSeika.ts,65,"apps/frontend/src/i18n/strings/kyotoSeika.ts:65
/Users/adoll/projects/drawing-app/apps/frontend/src/i18n/strings/kyotoSeika.ts:65
/Users/adoll/projects/drawing-app/apps/frontend/src/kyoto-seika/CensorBar.tsx:31
/Users/adoll/projects/drawing-app/apps/frontend/src/i18n/glossary.md"
kyotoSeika.pair.spoken,kyotoSeika,keep,none,"Subjects: {{first}}, and {{second}}.",題材：{{first}}と{{second}}。,,,Approved 題材 and Japanese conjunction express the stored pair naturally.,product-glossary,high,"Sealed card, a sticker drawn in Kyoto Seika Practice Mode: what screen readers hear for the pair under Sealed; in English each subject comes with its English, such as ""風, wind""",apps/frontend/src/i18n/strings/kyotoSeika.ts,72,"apps/frontend/src/i18n/strings/kyotoSeika.ts:72
/Users/adoll/projects/drawing-app/apps/frontend/src/i18n/strings/kyotoSeika.ts:72
/Users/adoll/projects/drawing-app/apps/frontend/src/sticker-creation/sealing/SealedCard.tsx:142
/Users/adoll/projects/drawing-app/apps/frontend/src/i18n/glossary.md
https://www.kyoto-seika.ac.jp/pdf/2026/guide.pdf
https://www.kyoto-seika.ac.jp/admissions/exam/foreign-1a.html"
kyotoSeika.pair.subject,kyotoSeika,intentional-fallback,none,"{{word}}, {{english}}",,,,"Intentionally English-only helper; spokenSubject returns the Japanese word directly in Japanese, so there is no untranslated user path.",product-glossary,high,"Sticker detail's tag and the sealed card, a sticker drawn in Kyoto Seika Practice Mode: one subject of its pair as English screen readers hear it, such as ""風, wind""; Japanese says the word alone",apps/frontend/src/i18n/strings/kyotoSeika.ts,70,"apps/frontend/src/i18n/strings/kyotoSeika.ts:70
/Users/adoll/projects/drawing-app/apps/frontend/src/i18n/strings/kyotoSeika.ts:70
/Users/adoll/projects/drawing-app/apps/frontend/src/kyoto-seika/spokenSubject.ts:11
/Users/adoll/projects/drawing-app/apps/frontend/src/i18n/glossary.md"
kyotoSeika.print.canvas,kyotoSeika,keep,none,"Canvas, subjects {{first}}, and {{second}}",キャンバス、題材は{{first}}と{{second}},,,Combines accessible canvas identity with the current subjects; important after the balloons disappear.,product-glossary,high,"Drawing screen, a sheet in Kyoto Seika Practice Mode once begun: the canvas's name for screen readers, with the pair, since the faint corner print says nothing to them; in English each subject comes with its English, such as ""遊園地, amusement park"", and in Japanese it's the word alone",apps/frontend/src/i18n/strings/kyotoSeika.ts,57,"apps/frontend/src/i18n/strings/kyotoSeika.ts:57
/Users/adoll/projects/drawing-app/apps/frontend/src/i18n/strings/kyotoSeika.ts:57
/Users/adoll/projects/drawing-app/apps/frontend/src/kyoto-seika/useCanvasName.ts:19
/Users/adoll/projects/drawing-app/apps/frontend/src/i18n/glossary.md
https://www.kyoto-seika.ac.jp/pdf/2026/guide.pdf
https://www.kyoto-seika.ac.jp/admissions/exam/foreign-1a.html"
kyotoSeika.tag.label,kyotoSeika,keep,none,Entrance exam practice,入試練習,,,"Approved 入試練習 is a compact provenance tag, though the expanded accessible name should specify manga expression.",product-glossary,high,Sticker detail of a sticker drawn in Kyoto Seika Practice Mode: the ink label-tape tag beside Timelapse,apps/frontend/src/i18n/strings/kyotoSeika.ts,77,"apps/frontend/src/i18n/strings/kyotoSeika.ts:77
/Users/adoll/projects/drawing-app/apps/frontend/src/i18n/strings/kyotoSeika.ts:77
/Users/adoll/projects/drawing-app/apps/frontend/src/kyoto-seika/KyotoSeikaTag.tsx:21
/Users/adoll/projects/drawing-app/apps/frontend/src/i18n/glossary.md
https://www.kyoto-seika.ac.jp/pdf/2026/guide.pdf
https://www.kyoto-seika.ac.jp/admissions/exam/foreign-1a.html"
kyotoSeika.tag.spoken,kyotoSeika,context,medium,"Entrance exam practice. Subjects: {{first}}, and {{second}}.",入試練習。題材：{{first}}と{{second}}。,,,A generic entrance-exam description can imply a full exam simulation; the detail should identify the named exercise more precisely.,product-glossary,medium,"Sticker detail of a sticker drawn in Kyoto Seika Practice Mode: what screen readers hear for the tag and its pair; in English each subject comes with its English, such as ""風, wind""",apps/frontend/src/i18n/strings/kyotoSeika.ts,79,"apps/frontend/src/i18n/strings/kyotoSeika.ts:79
/Users/adoll/projects/drawing-app/apps/frontend/src/i18n/strings/kyotoSeika.ts:79
/Users/adoll/projects/drawing-app/apps/frontend/src/kyoto-seika/KyotoSeikaTag.tsx:25
/Users/adoll/projects/drawing-app/apps/frontend/src/i18n/glossary.md"
kyotoSeika.tease.again,kyotoSeika,rewrite,low,Eh? Again?,ええ、また？,,えっ、また？,ええ、また？ reads like yes/indeed with a comma; えっ、また？ better matches a startled reaction.,editorial,high,"Drawing screen, a sheet in Kyoto Seika Practice Mode before Begin: hand lettering beside a balloon whose die keeps rolling, its first tease; also read out",apps/frontend/src/i18n/strings/kyotoSeika.ts,42,"apps/frontend/src/i18n/strings/kyotoSeika.ts:42
/Users/adoll/projects/drawing-app/apps/frontend/src/i18n/strings/kyotoSeika.ts:42
/Users/adoll/projects/drawing-app/apps/frontend/src/kyoto-seika/SubjectBalloons.tsx:304"
kyotoSeika.tease.breakTheButton,kyotoSeika,keep,none,You’ll break the button!,ボタンが壊れちゃう！,,,"Idiomatic comic warning. The control is visually a die, but ボタン is a comprehensible joke rather than a functional label.",editorial,high,"Drawing screen, a sheet in Kyoto Seika Practice Mode before Begin: hand lettering beside a balloon whose die keeps rolling, its fifth tease; also read out",apps/frontend/src/i18n/strings/kyotoSeika.ts,50,"apps/frontend/src/i18n/strings/kyotoSeika.ts:50
/Users/adoll/projects/drawing-app/apps/frontend/src/i18n/strings/kyotoSeika.ts:50
/Users/adoll/projects/drawing-app/apps/frontend/src/kyoto-seika/SubjectBalloons.tsx:304
/Users/adoll/projects/drawing-app/apps/frontend/src/i18n/glossary.md"
kyotoSeika.tease.godTier,kyotoSeika,context,low,Holding out for god-tier?,次こそ神題材だとでも？,,,"神題材 is a deliberately playful coinage; no exact app precedent established, so retain only as brand voice rather than validated standard UI.",editorial,medium,"Drawing screen, a sheet in Kyoto Seika Practice Mode before Begin: hand lettering beside a balloon whose die keeps rolling, its fourth tease (""you think the next one's god-tier?""); also read out",apps/frontend/src/i18n/strings/kyotoSeika.ts,48,"apps/frontend/src/i18n/strings/kyotoSeika.ts:48
/Users/adoll/projects/drawing-app/apps/frontend/src/i18n/strings/kyotoSeika.ts:48
/Users/adoll/projects/drawing-app/apps/frontend/src/kyoto-seika/SubjectBalloons.tsx:304"
kyotoSeika.tease.goodOne,kyotoSeika,keep,none,Isn’t that a good one?,いい題材じゃない？,,,Natural teasing spoken Japanese; no translation correction needed.,editorial,high,"Drawing screen, a sheet in Kyoto Seika Practice Mode before Begin: hand lettering beside a balloon whose die keeps rolling, its third tease; also read out",apps/frontend/src/i18n/strings/kyotoSeika.ts,46,"apps/frontend/src/i18n/strings/kyotoSeika.ts:46
/Users/adoll/projects/drawing-app/apps/frontend/src/i18n/strings/kyotoSeika.ts:46
/Users/adoll/projects/drawing-app/apps/frontend/src/kyoto-seika/SubjectBalloons.tsx:304
/Users/adoll/projects/drawing-app/apps/frontend/src/i18n/glossary.md"
kyotoSeika.tease.stillDeciding,kyotoSeika,keep,none,Still deciding?,まだ決めてないの？,,,Natural but mildly accusatory teasing; appropriate only because this is optional repeated-reroll character copy.,editorial,high,"Drawing screen, a sheet in Kyoto Seika Practice Mode before Begin: hand lettering beside a balloon whose die keeps rolling, its second tease; also read out",apps/frontend/src/i18n/strings/kyotoSeika.ts,44,"apps/frontend/src/i18n/strings/kyotoSeika.ts:44
/Users/adoll/projects/drawing-app/apps/frontend/src/i18n/strings/kyotoSeika.ts:44
/Users/adoll/projects/drawing-app/apps/frontend/src/kyoto-seika/SubjectBalloons.tsx:304
/Users/adoll/projects/drawing-app/apps/frontend/src/i18n/glossary.md"
kyotoSeika.tease.warned,kyotoSeika,keep,none,Don’t say I didn’t warn you,もう知らないよ？,,,"もう知らないよ？ is an idiomatic adaptation of the warning, rather than an awkward literal translation.",editorial,high,"Drawing screen, a sheet in Kyoto Seika Practice Mode before Begin: hand lettering beside a balloon whose die keeps rolling, its last warning before the countdown to the bang; also read out",apps/frontend/src/i18n/strings/kyotoSeika.ts,52,"apps/frontend/src/i18n/strings/kyotoSeika.ts:52
/Users/adoll/projects/drawing-app/apps/frontend/src/i18n/strings/kyotoSeika.ts:52
/Users/adoll/projects/drawing-app/apps/frontend/src/kyoto-seika/SubjectBalloons.tsx:304
/Users/adoll/projects/drawing-app/apps/frontend/src/i18n/glossary.md"
line.gate.didntStart,line,rewrite,medium,LINE didn’t start,LINEが起動しませんでした,Couldn’t connect to LINE,LINEに接続できませんでした,"The failure is liff.init/profile startup in Croquis, not a failed launch of the installed LINE app. 起動 encourages an incorrect interpretation and unnecessary app restarting.",editorial,high,"LINE sign-in screen, when LINE (LIFF) fails to start or doesn't start in time: the heading",apps/frontend/src/i18n/strings/line.ts,20,"apps/frontend/src/i18n/strings/line.ts:20
apps/frontend/src/i18n/strings/line.ts:20
apps/frontend/src/line/LineGate.tsx:26
apps/frontend/src/i18n/glossary.md
https://developers.line.biz/ja/docs/liff/developing-liff-apps/#share-target-picker"
line.gate.didntStartLead,line,shorten,low,"Your sticker board opens once it does. Check your connection, then try again.",起動すると、<wbr/>シールボードが<wbr/>ひらきます。<wbr/>接続を<wbr/>確認して、<wbr/>もう一度<wbr/>お試しください。,"Check your connection, then try again.",通信状況を確認して、もう一度お試しください。,Your board opens once LINE starts is redundant and continues the inaccurate installed-app-launch metaphor. Keep the concrete retry instruction. Sentence is editorial; not a quoted LINE error.,editorial,high,"LINE sign-in screen, when LINE (LIFF) fails to start: the line under the heading, above Try again and LINE's reason in fine print",apps/frontend/src/i18n/strings/line.ts,22,"apps/frontend/src/i18n/strings/line.ts:22
apps/frontend/src/i18n/strings/line.ts:22
apps/frontend/src/line/LineGate.tsx:27
apps/frontend/src/i18n/glossary.md
https://developers.line.biz/ja/docs/liff/developing-liff-apps/#share-target-picker"
line.gate.lead,line,remove,low,It opens with your LINE account.,LINEアカウントで<wbr/>ひらきます。,,,Directly restates the immediately adjacent Log in with LINE button. Heading plus the official login label already communicate the route; removing this sentence loses no task information.,editorial,high,"LINE sign-in screen, in a browser outside LINE before LINE Login: the line under the heading",apps/frontend/src/i18n/strings/line.ts,16,"apps/frontend/src/i18n/strings/line.ts:16
apps/frontend/src/i18n/strings/line.ts:16
apps/frontend/src/line/LineGate.tsx:21
apps/frontend/src/i18n/glossary.md
https://developers.line.biz/ja/docs/line-login/login-button/"
line.gate.logIn,line,keep,none,Log in with LINE,LINEでログイン,,,Exact official LINE recommended button text in both languages: Log in with LINE / LINEでログイン. Keep unchanged.,source-backed,high,"LINE sign-in screen, in a browser outside LINE: the button that starts LINE Login",apps/frontend/src/i18n/strings/line.ts,18,"apps/frontend/src/i18n/strings/line.ts:18
apps/frontend/src/i18n/strings/line.ts:18
apps/frontend/src/line/LineGate.tsx:22
apps/frontend/src/i18n/glossary.md
https://developers.line.biz/ja/docs/line-login/login-button/"
line.gate.noAnswer,line,keep,none,LINE didn’t answer within {{seconds}} s,LINEが{{seconds}}秒以内に応答しませんでした,,,"Visible diagnostic detail preserves the measured timeout, while the main error gives recovery. 応答 correctly refers to a service response and is distinct from opening LINE itself.",editorial,medium,"LINE sign-in screen, when LINE (LIFF) doesn't start in time: LINE's reason in fine print under the key, with {{seconds}} the time it was given",apps/frontend/src/i18n/strings/line.ts,29,"apps/frontend/src/i18n/strings/line.ts:29
apps/frontend/src/i18n/strings/line.ts:29
apps/frontend/src/line/LineGate.tsx:30
apps/frontend/src/i18n/glossary.md"
line.gate.opening,line,context,low,Opening your sticker board…,シールボードをひらいています…,Opening Croquis…,クロッキーをひらいています…,"The same gate precedes direct gift links, drawing and other routes, not only the user’s board. Use the app name to avoid announcing a destination different from the requested page. Japanese app name follows the glossary.",product-glossary,high,"LINE sign-in screen, while LINE (LIFF) starts up as the app opens: the status line",apps/frontend/src/i18n/strings/line.ts,7,"apps/frontend/src/i18n/strings/line.ts:7
apps/frontend/src/i18n/strings/line.ts:7
apps/frontend/src/line/LineGate.tsx:17
apps/frontend/src/i18n/glossary.md"
line.gate.stillOpening,line,shorten,low,Still opening. It’s taking longer than usual.,まだひらいています。<wbr/>いつもより<wbr/>時間が<wbr/>かかっています。,This is taking longer than usual.,いつもより時間がかかっています。,"GateOpening renders this as an additional paragraph beneath Opening your sticker board, so Still opening / まだひらいています adds no information. Keep the long-wait notice.",editorial,high,"LINE sign-in screen, once LINE (LIFF) has taken about six seconds to start: the line that joins the status line to say the wait is long",apps/frontend/src/i18n/strings/line.ts,9,"apps/frontend/src/i18n/strings/line.ts:9
apps/frontend/src/i18n/strings/line.ts:9
apps/frontend/src/line/LineGate.tsx:18
apps/frontend/src/i18n/glossary.md"
line.gate.title,line,context,low,Your sticker board,あなたのシールボード,Croquis,クロッキー,"This logged-out gate protects all routes, including Gift Messages. A generic app heading is accurate wherever the person entered and follows the approved app name.",product-glossary,high,"LINE sign-in screen, in a browser outside LINE before LINE Login: the heading",apps/frontend/src/i18n/strings/line.ts,14,"apps/frontend/src/i18n/strings/line.ts:14
apps/frontend/src/i18n/strings/line.ts:14
apps/frontend/src/line/LineGate.tsx:21
apps/frontend/src/i18n/glossary.md"
line.gate.tryAgain,line,keep,none,Try again,もう一度,,,A short retry control reloads the failed startup. もう一度 matches the product glossary and the adjacent diagnostic supplies the operation.,product-glossary,high,"LINE sign-in screen, when LINE (LIFF) fails to start: the button that reloads the page",apps/frontend/src/i18n/strings/line.ts,27,"apps/frontend/src/i18n/strings/line.ts:27
apps/frontend/src/i18n/strings/line.ts:27
apps/frontend/src/line/LineGate.tsx:34
apps/frontend/src/i18n/glossary.md"
pages.privacy,pages,keep,none,/privacy.html,/ja/privacy.html,,,"A localized route value, not Japanese prose. Both linked files exist; parent audit covers their content.",product-glossary,high,"Receive gift dialog, Accept sheet: where the terms line's Privacy Policy link goes, opened in LINE's in-app browser",apps/frontend/src/i18n/strings/pages.ts,8,"apps/frontend/src/i18n/strings/pages.ts:8
apps/frontend/src/i18n/strings/pages.ts:8
apps/frontend/src/receiving/ReceiveGiftDialog.tsx:424
apps/frontend/src/i18n/glossary.md:1"
pages.sources,pages,keep,none,/sources.html,/ja/sources.html,,,"A localized route value, not Japanese prose. Both linked sources pages exist; parent audit covers their content.",product-glossary,high,"Settings note, Kyoto Seika Practice Mode: where the credit's Sources link goes, the subject list's sources and licenses",apps/frontend/src/i18n/strings/pages.ts,10,"apps/frontend/src/i18n/strings/pages.ts:10
apps/frontend/src/i18n/strings/pages.ts:10
apps/frontend/src/sticker-board/stat-board/SettingsNote.tsx:373
apps/frontend/src/i18n/glossary.md:1"
pages.terms,pages,keep,none,/terms.html,/ja/terms.html,,,"A localized route value, not Japanese prose. Both linked terms pages exist; parent audit covers their content.",product-glossary,high,"Receive gift dialog, Accept sheet: where the terms line's Terms link goes, opened in LINE's in-app browser",apps/frontend/src/i18n/strings/pages.ts,6,"apps/frontend/src/i18n/strings/pages.ts:6
apps/frontend/src/i18n/strings/pages.ts:6
apps/frontend/src/receiving/ReceiveGiftDialog.tsx:423
apps/frontend/src/i18n/glossary.md:1"
receiving.backToLine,receiving,keep,none,Back to LINE,LINEに戻る,,,Only shown when a LINE window can actually close; browser/board entries instead show the board action. Direction is correct and Japanese is concise.,established-UI,high,"Gift refusal screen, inside LINE's app: the button that closes LINE's window, or the quiet link under Try again",apps/frontend/src/i18n/strings/receiving.ts,167,"apps/frontend/src/i18n/strings/receiving.ts:167
apps/frontend/src/i18n/strings/receiving.ts:167
apps/frontend/src/receiving/ReceiveGiftDialog.tsx:190
apps/frontend/src/i18n/glossary.md
https://developers.line.biz/ja/docs/liff/developing-liff-apps/#share-target-picker"
receiving.gift.accept,receiving,keep,none,Accept,受け取る,,,受け取る directly names the ownership-receiving operation and has exact LINE Gift button precedent. The English Accept is brief and consistent with its error instructions.,source-backed,high,"Receive gift dialog, Accept sheet: the main key, which receives the sticker",apps/frontend/src/i18n/strings/receiving.ts,32,"apps/frontend/src/i18n/strings/receiving.ts:32
apps/frontend/src/i18n/strings/receiving.ts:32
apps/frontend/src/receiving/ReceiveGiftDialog.tsx:364
apps/frontend/src/i18n/glossary.md
https://linegift.line.me/faq/faq0008/"
receiving.gift.acceptSheet,receiving,keep,none,Accept this sticker,このシールを受け取る,,,Accessible sheet name needs its object even when the visible button says Accept. Japanese uses the same receive verb as LINE Gift and the product glossary.,product-glossary,high,"Receive gift dialog, once the pull tab snaps and the sticker rises: the Accept sheet's name for assistive tech, also read in its perforation's Close name",apps/frontend/src/i18n/strings/receiving.ts,18,"apps/frontend/src/i18n/strings/receiving.ts:18
apps/frontend/src/i18n/strings/receiving.ts:18
apps/frontend/src/receiving/ReceiveGiftDialog.tsx:364
apps/frontend/src/i18n/glossary.md
https://linegift.line.me/faq/faq0008/"
receiving.gift.accepting,receiving,keep,none,Accepting…,受け取り中…,,,"Busy label and live region announce an operation that can take time. 受け取り中 is the natural progress form of the exact receiving verb, not an externally quoted full label.",product-glossary,high,"Receive gift dialog, Accept sheet, after tapping Accept: the key's label while the sticker is being received",apps/frontend/src/i18n/strings/receiving.ts,34,"apps/frontend/src/i18n/strings/receiving.ts:34
apps/frontend/src/i18n/strings/receiving.ts:34
apps/frontend/src/receiving/ReceiveGiftDialog.tsx:410
apps/frontend/src/i18n/glossary.md
https://linegift.line.me/faq/faq0008/"
receiving.gift.finePrint,receiving,keep,none,{{no}} · <duration/> · {{day}} · by <artist/>,{{no}}・<duration/>・{{day}}・作者：<artist/>,,,"Compact identifying metadata and attribution. 作者 is the approved Original Artist word; unlike the giver headline, this identifies who drew it.",product-glossary,high,"Receive gift dialog, Accept sheet: the fine print under the first line, with the sticker's number, drawing time, seal day and Original Artist",apps/frontend/src/i18n/strings/receiving.ts,22,"apps/frontend/src/i18n/strings/receiving.ts:22
apps/frontend/src/i18n/strings/receiving.ts:22
apps/frontend/src/receiving/ReceiveGiftDialog.tsx:381
apps/frontend/src/i18n/glossary.md"
receiving.gift.forYou,receiving,keep,none,"This sticker is for you, <name/>.",<name/>さんへのシールです。,,,This line names the currently signed-in recipient before accepting. That identity check adds information beyond the giver heading; removing it entirely would conceal which account receives. Japanese is warm and natural custom copy.,editorial,medium,"Receive gift dialog, Accept sheet: the first line, naming the person opening the gift in bold",apps/frontend/src/i18n/strings/receiving.ts,20,"apps/frontend/src/i18n/strings/receiving.ts:20
apps/frontend/src/i18n/strings/receiving.ts:20
apps/frontend/src/receiving/ReceiveGiftDialog.tsx:372
apps/frontend/src/i18n/glossary.md"
receiving.gift.notNow,receiving,keep,none,Not now,あとで,,,The control postpones receipt without consuming it. あとで is clearer than a destructive キャンセル; this is an intentional postponement label.,editorial,medium,"Receive gift dialog, Accept sheet: the quiet link under Accept that closes the dialog without receiving",apps/frontend/src/i18n/strings/receiving.ts,36,"apps/frontend/src/i18n/strings/receiving.ts:36
apps/frontend/src/i18n/strings/receiving.ts:36
apps/frontend/src/receiving/ReceiveGiftDialog.tsx:413
apps/frontend/src/i18n/glossary.md"
receiving.gift.notReceived,receiving,keep,none,{{no}} wasn’t received. {{reason}} Tap Accept to try again.,{{no}}を受け取れませんでした。{{reason}}「受け取る」をタップして、もう一度お試しください。,,,"Affected sticker, error reason and retry action all matter. The quoted Japanese button label exactly matches the rendered action. Retain the useful recovery rather than shortening away the affected item.",product-glossary,high,"Receive gift dialog, Accept sheet, after tapping Accept fails: the alert above Accept, with the reason",apps/frontend/src/i18n/strings/receiving.ts,27,"apps/frontend/src/i18n/strings/receiving.ts:27
apps/frontend/src/i18n/strings/receiving.ts:27
apps/frontend/src/receiving/ReceiveGiftDialog.tsx:393
apps/frontend/src/i18n/glossary.md
https://linegift.line.me/faq/faq0008/"
receiving.gift.pullTabHint,receiving,shorten,low,"<b>Pull the tab to open it</b><span>or double-tap, or press and hold</span>",<b>つまみを<wbr/>引いて<wbr/>ひらいてください</b><span>ダブルタップや<wbr/>長押しでも<wbr/>ひらけます</span>,<b>Pull the tab to open</b><span>or double-tap or hold the bag</span>,<b>つまみを引いてひらく</b><span>袋をダブルタップしても、長押ししてもひらけます</span>,"Keep alternatives because this custom gesture is not discoverable from the tab alone. The existing secondary line omits the target; name the bag and shorten the first line. Apple’s Japanese support confirms ダブルタップ/長押し vocabulary, not this custom gift interaction.",editorial,high,"Receive gift dialog, closed bag: the two-line hint under the bag, the pull tab first, then the other ways to open it; it fades as the sticker rises",apps/frontend/src/i18n/strings/receiving.ts,13,"apps/frontend/src/i18n/strings/receiving.ts:13
apps/frontend/src/i18n/strings/receiving.ts:13
apps/frontend/src/receiving/ReceiveGiftDialog.tsx:358
apps/frontend/src/i18n/glossary.md
https://support.apple.com/ja-jp/111794"
receiving.gift.title,receiving,keep,none,{{name}} sent you a sticker,{{name}}さんからシールが届きました,,,Sender and gift arrival are the content of this screen; this visible heading is distinct from the document/dialog title used for navigation and accessibility. さんから…届きました is natural notification prose.,product-glossary,high,"Receive gift dialog, from the closed bag through Accept: the heading beside the giver's picture",apps/frontend/src/i18n/strings/receiving.ts,11,"apps/frontend/src/i18n/strings/receiving.ts:11
apps/frontend/src/i18n/strings/receiving.ts:11
apps/frontend/src/receiving/ReceiveGiftDialog.tsx:325
apps/frontend/src/i18n/glossary.md
https://linegift.line.me/about/"
receiving.giftsForYou.from,receiving,keep,none,from <name/>,<name/>さんから,,,Short sender line adds identity beneath the gift count/title. <name/> markup safely preserves the handle and さんから is natural Japanese.,product-glossary,high,"Gifts for you badge on your own sticker board: the line under the title, naming who sent the newest gift; <name/> is their handle, which keeps its own case in the capitals",apps/frontend/src/i18n/strings/receiving.ts,196,"apps/frontend/src/i18n/strings/receiving.ts:196
apps/frontend/src/i18n/strings/receiving.ts:196
apps/frontend/src/receiving/GiftsForYouBadge.tsx:57
apps/frontend/src/i18n/glossary.md"
receiving.giftsForYou.label_one,receiving,intentional-fallback,none,A gift for you from {{name}}. Open it,,,,Japanese uses the _other plural category; no Japanese singular is required. English correctly names the giver and opening action in this accessible label.,product-glossary,high,"Gifts for you badge on your own sticker board: its name for assistive tech, tapping it opens the newest gift",apps/frontend/src/i18n/strings/receiving.ts,198,"apps/frontend/src/i18n/strings/receiving.ts:198
apps/frontend/src/i18n/strings/receiving.ts:198
apps/frontend/src/receiving/GiftsForYouBadge.tsx:44
apps/frontend/src/i18n/glossary.md"
receiving.giftsForYou.label_other,receiving,keep,none,"{{count}} gifts for you. Open the newest, from {{name}}",ギフトが{{count}}件。{{name}}さんからの最新のギフトをひらく,,,"Accessible name includes count, newest-item behavior and sender; all are absent if only the visual heading is read. Japanese 最新 is a clear selection rule here.",editorial,medium,"Gifts for you badge on your own sticker board: its name for assistive tech with several gifts, tapping it opens the newest",apps/frontend/src/i18n/strings/receiving.ts,200,"apps/frontend/src/i18n/strings/receiving.ts:200
apps/frontend/src/i18n/strings/receiving.ts:200
apps/frontend/src/receiving/GiftsForYouBadge.tsx:44
apps/frontend/src/i18n/glossary.md"
receiving.giftsForYou.title_one,receiving,intentional-fallback,none,A gift for you,,,,"Japanese resolves _other for any count, per the glossary. An English singular is appropriate; do not fill this with a redundant Japanese translation.",product-glossary,high,"Gifts for you badge on your own sticker board: its first line, with one gift waiting",apps/frontend/src/i18n/strings/receiving.ts,192,"apps/frontend/src/i18n/strings/receiving.ts:192
apps/frontend/src/i18n/strings/receiving.ts:192
apps/frontend/src/receiving/GiftsForYouBadge.tsx:59
apps/frontend/src/i18n/glossary.md"
receiving.giftsForYou.title_other,receiving,keep,none,Gifts for you,届いたギフト,,,"届いたギフト refers to waiting gifts and avoids claiming they are already accepted. LINE Gift’s received-gift noun is related precedent only, not proof of this exact custom state label.",editorial,medium,"Gifts for you badge on your own sticker board: its first line, with gifts waiting, beside the dot badge that counts them",apps/frontend/src/i18n/strings/receiving.ts,194,"apps/frontend/src/i18n/strings/receiving.ts:194
apps/frontend/src/i18n/strings/receiving.ts:194
apps/frontend/src/receiving/GiftsForYouBadge.tsx:59
apps/frontend/src/i18n/glossary.md
https://linegift.line.me/faq/faq0008/"
receiving.previewFailed.title,receiving,keep,none,Couldn’t open the gift,ギフトをひらけませんでした,,,Names the user’s failed operation with the glossary verb ひらく; the line underneath gives the cause and a Try again action remains.,product-glossary,high,"Gift refusal screen, when loading the gift's preview failed: the title, above Try again",apps/frontend/src/i18n/strings/receiving.ts,154,"apps/frontend/src/i18n/strings/receiving.ts:154
apps/frontend/src/i18n/strings/receiving.ts:154
apps/frontend/src/receiving/refusals.ts:94
apps/frontend/src/i18n/glossary.md"
receiving.previewFailed.withoutRefusal,receiving,rewrite,medium,The gift’s preview refused it without saying why.,ギフトを受け取れない理由が、プレビューに含まれていませんでした。,The gift’s status couldn’t be confirmed. Try again.,ギフトを受け取れるか確認できませんでした。もう一度お試しください。,Preview refusing without saying why anthropomorphizes an internal response shape. Explain the user-visible uncertainty and recovery; retain the missing-refusal diagnostic in logs/details if implemented.,editorial,high,"Gift refusal screen, when the preview says the gift can't be received but gives no reason: the line under the title",apps/frontend/src/i18n/strings/receiving.ts,161,"apps/frontend/src/i18n/strings/receiving.ts:161
apps/frontend/src/i18n/strings/receiving.ts:161
apps/frontend/src/receiving/receiveFlow.ts:68
apps/frontend/src/i18n/glossary.md
https://linegift.line.me/faq/faq0008/"
receiving.previewFailed.withoutSticker,receiving,rewrite,medium,The gift’s preview came without its sticker.,ギフトのプレビューにシールが含まれていませんでした。,The sticker couldn’t be loaded. Try again.,シールを読み込めませんでした。もう一度お試しください。,Preview came without its sticker exposes internal response terminology. Name the missing user-visible content and retry; retain the original diagnostic separately.,editorial,high,"Gift refusal screen, when the preview says the gift can be received but has no sticker: the line under the title",apps/frontend/src/i18n/strings/receiving.ts,156,"apps/frontend/src/i18n/strings/receiving.ts:156
apps/frontend/src/i18n/strings/receiving.ts:156
apps/frontend/src/receiving/receiveFlow.ts:67
apps/frontend/src/i18n/glossary.md"
receiving.refusals.alreadyReceived.line,receiving,rewrite,high,"Each gift message opens once. If it was you, the sticker’s on your sticker board.",ギフトメッセージをひらけるのは一度だけです。あなたがひらいたなら、シールはシールボードにあります。,"This gift has already been received. If you received it, check your sticker board.",このギフトは受け取り済みです。受け取った場合は、マイボードを確認してください。,"Opening and receiving are distinct operations. Replace opens once and avoid promising the sticker is still on the board, since it may have moved. Keep receiver identity private.",editorial,high,"Gift refusal screen, when the gift was already received: the line under the title",apps/frontend/src/i18n/strings/receiving.ts,89,"apps/frontend/src/i18n/strings/receiving.ts:89
apps/frontend/src/i18n/strings/receiving.ts:89
apps/api/src/gifts/receiving.ts:137
apps/frontend/src/i18n/glossary.md
https://linegift.line.me/faq/faq0008/"
receiving.refusals.alreadyReceived.title,receiving,rewrite,medium,Already opened,開封済み,Already received,受け取り済み,The branch is already_received. Opening the preview or tearing the bag does not trigger it; align the heading with the actual state and stamp.,editorial,high,"Gift refusal screen, when the gift was already received: the title, over the open, empty bag",apps/frontend/src/i18n/strings/receiving.ts,87,"apps/frontend/src/i18n/strings/receiving.ts:87
apps/frontend/src/i18n/strings/receiving.ts:87
apps/frontend/src/receiving/refusals.ts:40
apps/frontend/src/i18n/glossary.md
https://linegift.line.me/faq/faq0008/"
receiving.refusals.giftNotFound.line,receiving,keep,none,Open it again from the gift message in your chat.,トークのギフトメッセージから、もう一度ひらいてください。,,,Gives a sensible recovery from an invalid copied link: return to the original Gift Message. トーク is LINE’s exact term and ひらく is the glossary spelling.,product-glossary,high,"Gift refusal screen, when the link's Gift Claim Token matches no gift: the line under the title",apps/frontend/src/i18n/strings/receiving.ts,145,"apps/frontend/src/i18n/strings/receiving.ts:145
apps/frontend/src/i18n/strings/receiving.ts:145
apps/frontend/src/receiving/refusals.ts:77
apps/frontend/src/i18n/glossary.md
https://guide.line.me/ja/communication/chat-friends.html"
receiving.refusals.giftNotFound.title,receiving,shorten,low,This link doesn’t open a gift,このリンクではギフトをひらけません,Gift not found,ギフトが見つかりません,"State the failure directly rather than personifying what a link does. The recovery line retains where to open the valid link. Japanese is an editorial error pattern, not a quote from LINE.",editorial,high,"Gift refusal screen, when the link's Gift Claim Token matches no gift: the title",apps/frontend/src/i18n/strings/receiving.ts,143,"apps/frontend/src/i18n/strings/receiving.ts:143
apps/frontend/src/i18n/strings/receiving.ts:143
apps/frontend/src/receiving/refusals.ts:76
apps/frontend/src/i18n/glossary.md"
receiving.refusals.giftReturned.line,receiving,rewrite,high,"Gifts wait a week. This one wasn’t opened in time, so it’s back on their sticker board.",ギフトの受け取り期限は1週間です。期限内にひらかれなかったので、シールは贈り主のシールボードに戻りました。,The one-week receiving period has ended.,1週間の受け取り期限が過ぎています。,"The shared expired/returned branch does not prove the return completed. Opening is not receiving, and the already-returned claim may be false before the scheduled return succeeds. Deadline language is sufficient and natural; LINE Gift also distinguishes receiving deadlines.",editorial,high,"Gift refusal screen, when the gift was returned or expired unopened: the line under the title",apps/frontend/src/i18n/strings/receiving.ts,127,"apps/frontend/src/i18n/strings/receiving.ts:127
apps/frontend/src/i18n/strings/receiving.ts:127
apps/api/src/gifts/expiry.ts:121
apps/frontend/src/i18n/glossary.md
https://linegift.line.me/about/
apps/api/src/gifts/receiving.ts:142"
receiving.refusals.giftReturned.title,receiving,context,high,This one went back to {{name}},このギフトは{{name}}さんに戻りました,This gift from {{name}} has expired,{{name}}さんからのギフトは期限切れです,"One shared heading handles expired and already returned; expiry is the fact common to both. Do not tell users it has gone back before return succeeds. If the product wants Returned, split the contexts.",editorial,high,"Gift refusal screen, when the gift was returned or expired unopened: the title",apps/frontend/src/i18n/strings/receiving.ts,120,"apps/frontend/src/i18n/strings/receiving.ts:120
apps/frontend/src/i18n/strings/receiving.ts:120
apps/frontend/src/receiving/refusals.ts:62
apps/frontend/src/i18n/glossary.md
https://linegift.line.me/about/"
receiving.refusals.giftReturned.title_unknownGiver,receiving,context,high,This one went back to the giver,このギフトは贈り主に戻りました,This gift has expired,このギフトは期限切れです,Unknown-giver variant has the same premature return claim. Use the status known in both expired/returned contexts and omit unnecessary the giver.,editorial,high,"Gift refusal screen, when the gift was returned or expired and the refusal came without the giver: the title",apps/frontend/src/i18n/strings/receiving.ts,122,"apps/frontend/src/i18n/strings/receiving.ts:122
apps/frontend/src/i18n/strings/receiving.ts:122
apps/frontend/src/receiving/refusals.ts:61
apps/frontend/src/i18n/glossary.md
https://linegift.line.me/about/"
receiving.refusals.groupChat.line,receiving,rewrite,high,"Gifts open only in the private chat they were sent to. If {{name}} sent it to you, open it there.",ギフトは、送られてきた1対1のトークでしかひらけません。{{name}}さんからあなたに届いたギフトなら、そのトークでひらいてください。,You can’t receive gifts from a group chat. Open the message in your one-to-one chat with {{name}}.,グループトークからは受け取れません。{{name}}さんとの1対1のトークでメッセージをひらいてください。,"Backend rejects group contexts; it does not restrict a token to its original chat. Give the practical private-chat recovery without claiming a security guarantee. Japanese LINE sources support グループトーク/1対1のトーク, but the sentence describes Croquis.",editorial,high,"Gift refusal screen, when the gift message was opened in a group chat: the line under the title",apps/frontend/src/i18n/strings/receiving.ts,74,"apps/frontend/src/i18n/strings/receiving.ts:74
apps/frontend/src/i18n/strings/receiving.ts:74
apps/api/src/gifts/receiving.ts:86
apps/frontend/src/i18n/glossary.md
https://developers.line.biz/ja/docs/liff/developing-liff-apps/#share-target-picker
https://help2.line.me/line/smartphone?contentId=200000586&contentid=20000060&lang=ja"
receiving.refusals.groupChat.line_unknownGiver,receiving,rewrite,high,"Gifts open only in the private chat they were sent to. If the giver sent it to you, open it there.",ギフトは、送られてきた1対1のトークでしかひらけません。贈り主からあなたに届いたギフトなら、そのトークでひらいてください。,You can’t receive gifts from a group chat. Open the message in your one-to-one chat with the giver.,グループトークからは受け取れません。贈り主との1対1のトークでメッセージをひらいてください。,Same unsupported original-chat restriction as the named variant. Preserve a useful recovery instruction and approved 贈り主 term without implying token recipient binding.,editorial,high,"Gift refusal screen, when the gift message was opened in a group chat and the refusal came without the giver: the line under the title",apps/frontend/src/i18n/strings/receiving.ts,79,"apps/frontend/src/i18n/strings/receiving.ts:79
apps/frontend/src/i18n/strings/receiving.ts:79
apps/api/src/gifts/receiving.ts:86
apps/frontend/src/i18n/glossary.md
https://developers.line.biz/ja/docs/liff/developing-liff-apps/#share-target-picker
https://help2.line.me/line/smartphone?contentId=200000586&contentid=20000060&lang=ja
https://linegift.line.me/blog/blog0003/"
receiving.refusals.groupChat.title,receiving,keep,none,Open this in your chat with {{name}},{{name}}さんとのトークでひらいてください,,,"As an instruction, opening the one-to-one chat with the giver is a valid recovery step. The overclaim is in the subordinate line, not this heading. Japanese is clear and polite.",product-glossary,high,"Gift refusal screen, when the gift message was opened in a group chat: the title",apps/frontend/src/i18n/strings/receiving.ts,64,"apps/frontend/src/i18n/strings/receiving.ts:64
apps/frontend/src/i18n/strings/receiving.ts:64
apps/frontend/src/receiving/refusals.ts:33
apps/frontend/src/i18n/glossary.md
https://help2.line.me/line/smartphone?contentId=200000586&contentid=20000060&lang=ja"
receiving.refusals.groupChat.title_unknownGiver,receiving,keep,none,Open this in your chat with the giver,贈り主とのトークでひらいてください,,,Same recovery as the named variant without inventing a sender identity. 贈り主 has direct LINE Gift precedent.,source-backed,high,"Gift refusal screen, when the gift message was opened in a group chat and the refusal came without the giver: the title",apps/frontend/src/i18n/strings/receiving.ts,69,"apps/frontend/src/i18n/strings/receiving.ts:69
apps/frontend/src/i18n/strings/receiving.ts:69
apps/frontend/src/receiving/refusals.ts:33
apps/frontend/src/i18n/glossary.md
https://linegift.line.me/blog/blog0003/
https://help2.line.me/line/smartphone?contentId=200000586&contentid=20000060&lang=ja"
receiving.refusals.notDeposited.line,receiving,keep,none,This gift is still on its way. Try again in a few seconds.,このギフトはまだお届け中です。数秒後にもう一度お試しください。,,,"The retry guidance is useful while the deposit is pending; 数秒後 is a retry interval, not a promise that delivery completes then. The gift metaphor remains consistent.",editorial,medium,"Gift refusal screen, when the gift hasn't reached the escrow yet: the line under the title",apps/frontend/src/i18n/strings/receiving.ts,136,"apps/frontend/src/i18n/strings/receiving.ts:136
apps/frontend/src/i18n/strings/receiving.ts:136
apps/frontend/src/receiving/refusals.ts:70
apps/frontend/src/i18n/glossary.md"
receiving.refusals.notDeposited.title,receiving,rewrite,low,Almost here,もうすぐ届きます,Gift still being prepared,ギフトを準備中,"Almost here / もうすぐ届きます promises imminent success without deposit progress evidence. Use the known pending state, leaving the line to offer a retry.",editorial,high,"Gift refusal screen, when the gift hasn't reached the escrow yet: the title, above Try again",apps/frontend/src/i18n/strings/receiving.ts,134,"apps/frontend/src/i18n/strings/receiving.ts:134
apps/frontend/src/i18n/strings/receiving.ts:134
apps/api/src/gifts/receiving.ts:145
apps/frontend/src/i18n/glossary.md"
receiving.refusals.nsfwNotOptedIn.line,receiving,shorten,low,"{{name}} sent an 18+ sticker. To open it, tap your name on My board and turn on Show 18+ stickers in Settings.",{{name}}さんが18+のシールを送りました。ひらくには、マイボードで自分の名前をタップし、設定の「18+のシールを表示する」をオンにしてください。,"To open {{name}}’s gift, tap your name on My board, then turn on Show 18+ stickers in Settings.",{{name}}さんのギフトをひらくには、マイボードで自分の名前をタップし、設定で「18+のシールを表示する」をオンにしてください。,The title and stamp already say 18+. Remove the repeated classification while keeping the giver and full route to the exact setting.,product-glossary,high,"Gift refusal screen, when the gift holds an NSFW sticker and you haven't turned on Show 18+ stickers: the line under the title; {{name}} is the giver",apps/frontend/src/i18n/strings/receiving.ts,52,"apps/frontend/src/i18n/strings/receiving.ts:52
apps/frontend/src/i18n/strings/receiving.ts:52
apps/frontend/src/receiving/refusals.ts:84
apps/frontend/src/i18n/glossary.md"
receiving.refusals.nsfwNotOptedIn.line_unknownGiver,receiving,shorten,low,"This is an 18+ sticker. To open it, tap your name on My board and turn on Show 18+ stickers in Settings.",18+のシールです。ひらくには、マイボードで自分の名前をタップし、設定の「18+のシールを表示する」をオンにしてください。,"To open it, tap your name on My board, then turn on Show 18+ stickers in Settings.",ひらくには、マイボードで自分の名前をタップし、設定で「18+のシールを表示する」をオンにしてください。,The title already identifies the content class. Preserve the route to opt-in and omit the redundant This is an 18+ sticker sentence.,product-glossary,high,"Gift refusal screen, for an NSFW sticker, when the refusal came without the giver: the line under the title",apps/frontend/src/i18n/strings/receiving.ts,57,"apps/frontend/src/i18n/strings/receiving.ts:57
apps/frontend/src/i18n/strings/receiving.ts:57
apps/frontend/src/receiving/refusals.ts:84
apps/frontend/src/i18n/glossary.md"
receiving.refusals.nsfwNotOptedIn.title,receiving,keep,none,This gift is 18+,このギフトは18+です,,,The content class is the reason the preview is blocked; concise and correct under the explicit product policy.,product-glossary,high,"Gift refusal screen, when the gift holds an NSFW sticker and you haven't turned on Show 18+ stickers: the title",apps/frontend/src/i18n/strings/receiving.ts,50,"apps/frontend/src/i18n/strings/receiving.ts:50
apps/frontend/src/i18n/strings/receiving.ts:50
apps/frontend/src/receiving/refusals.ts:83
apps/frontend/src/i18n/glossary.md"
receiving.refusals.ownGift.line,receiving,rewrite,high,Only the friend you sent it to can open it.,ひらけるのは、贈り先の友だちだけです。,You can’t receive your own gift.,自分が贈ったギフトは受け取れません。,"The backend refuses the giver, but any eligible token holder can receive; it does not know LINE picker recipients. Replace the unsupported only-the-friend guarantee with the actual restriction.",editorial,high,"Gift refusal screen, when the giver opens their own gift message: the line under the title",apps/frontend/src/i18n/strings/receiving.ts,98,"apps/frontend/src/i18n/strings/receiving.ts:98
apps/frontend/src/i18n/strings/receiving.ts:98
apps/api/src/gifts/receiving.ts:136
apps/frontend/src/i18n/glossary.md
https://linegift.line.me/faq/faq0008/"
receiving.refusals.ownGift.title,receiving,context,medium,This gift is on its way,このギフトはお届け中です,You’re the giver,あなたが贈り主です,own_gift is checked before sent/received/taken-out/expired status; it can appear even when no gift remains on its way. Identify the giver without asserting current delivery state.,editorial,high,"Gift refusal screen, when the giver opens their own gift message: the title",apps/frontend/src/i18n/strings/receiving.ts,96,"apps/frontend/src/i18n/strings/receiving.ts:96
apps/frontend/src/i18n/strings/receiving.ts:96
apps/api/src/gifts/receiving.ts:136
apps/frontend/src/i18n/glossary.md
https://linegift.line.me/blog/blog0003/"
receiving.refusals.takenBack.line,receiving,remove,low,It went back to their sticker board before anyone received it.,だれかが受け取る前に、シールは贈り主のシールボードに戻りました。,,,"The title already says the giver took it back, while the empty bag communicates removal. The extra sentence repeats the event and adds an unnecessary current-board placement claim.",editorial,high,"Gift refusal screen, when the giver took the gift back before anyone received it: the line under the title",apps/frontend/src/i18n/strings/receiving.ts,112,"apps/frontend/src/i18n/strings/receiving.ts:112
apps/frontend/src/i18n/strings/receiving.ts:112
apps/frontend/src/receiving/refusals.ts:55
apps/frontend/src/i18n/glossary.md"
receiving.refusals.takenBack.title,receiving,keep,none,{{name}} took this one back,{{name}}さんがこのギフトを取り消しました,,,Accurately names who canceled the gift before receipt. Japanese 取り消しました expresses the completed retraction naturally; this is product-specific status prose.,editorial,medium,"Gift refusal screen, when the giver took the gift back before anyone received it: the title",apps/frontend/src/i18n/strings/receiving.ts,105,"apps/frontend/src/i18n/strings/receiving.ts:105
apps/frontend/src/i18n/strings/receiving.ts:105
apps/frontend/src/receiving/refusals.ts:54
apps/frontend/src/i18n/glossary.md"
receiving.refusals.takenBack.title_unknownGiver,receiving,keep,none,The giver took this one back,贈り主がこのギフトを取り消しました,,,Provides a clear outcome without inventing a missing name. 贈り主 follows official LINE Gift usage.,product-glossary,high,"Gift refusal screen, when the giver took the gift back and the refusal came without the giver: the title",apps/frontend/src/i18n/strings/receiving.ts,107,"apps/frontend/src/i18n/strings/receiving.ts:107
apps/frontend/src/i18n/strings/receiving.ts:107
apps/frontend/src/receiving/refusals.ts:54
apps/frontend/src/i18n/glossary.md
https://linegift.line.me/blog/blog0003/"
receiving.sendGratitude.later,receiving,keep,none,Later,あとで,,,Necessary clear alternative to entering the Mini-game. あとで is consistent with the earlier defer-receiving control.,editorial,medium,"Send gratitude sheet: the quiet link under Send gratitude, which closes the sheet without sending gratitude",apps/frontend/src/i18n/strings/receiving.ts,187,"apps/frontend/src/i18n/strings/receiving.ts:187
apps/frontend/src/i18n/strings/receiving.ts:187
apps/frontend/src/receiving/SendGratitudeSheet.tsx:59
apps/frontend/src/i18n/glossary.md"
receiving.sendGratitude.line,receiving,shorten,low,"It’s on your board, from {{name}}. Gratitude never expires.",{{name}}さんからのシールが、シールボードに貼られました。感謝はいつでも送れます。,"You can send {{name}} gratitude later, too.",{{name}}さんへの感謝は、あとでも送れます。,"The board placement is already shown, and the title names the giver. Keep the useful no-pressure timing information. The English never expires sounds like a stored balance; Japanese currently expresses the intended availability more clearly.",product-glossary,high,"Send gratitude sheet, when the giver isn't the sticker's Original Artist: the line under the title",apps/frontend/src/i18n/strings/receiving.ts,175,"apps/frontend/src/i18n/strings/receiving.ts:175
apps/frontend/src/i18n/strings/receiving.ts:175
apps/frontend/src/receiving/SendGratitudeSheet.tsx:41
apps/frontend/src/i18n/glossary.md"
receiving.sendGratitude.lineFromOriginalArtist,receiving,shorten,low,"It’s on your board. <name/> drew it in <duration/>, and gratitude never expires.",シールボードに貼られました。<name/>さんが<duration/>でかいたシールです。感謝はいつでも送れます。,"<name/> drew it in <duration/>. You can send gratitude later, too.",<name/>さんが<duration/>でかいたシールです。感謝はあとでも送れます。,The creation time adds meaning and should stay; the already-visible board placement can go. Phrase availability of sending rather than suggesting the gratitude balance expires.,product-glossary,high,"Send gratitude sheet, when the giver is the sticker's Original Artist: the line under the title, with their drawing time",apps/frontend/src/i18n/strings/receiving.ts,180,"apps/frontend/src/i18n/strings/receiving.ts:180
apps/frontend/src/i18n/strings/receiving.ts:180
apps/frontend/src/receiving/SendGratitudeSheet.tsx:41
apps/frontend/src/i18n/glossary.md"
receiving.sendGratitude.send,receiving,keep,none,Send gratitude,感謝を送る,,,Exact approved phrase 感謝を送る for entering the Gratitude Mini-game. Generic Japanese gift-app precedent cannot override this product-specific concept.,product-glossary,high,Send gratitude sheet: the pink key that starts the Gratitude Mini-game for the giver,apps/frontend/src/i18n/strings/receiving.ts,185,"apps/frontend/src/i18n/strings/receiving.ts:185
apps/frontend/src/i18n/strings/receiving.ts:185
apps/frontend/src/receiving/SendGratitudeSheet.tsx:56
apps/frontend/src/i18n/glossary.md"
receiving.sendGratitude.title,receiving,keep,none,Send {{name}} gratitude?,{{name}}さんに感謝を送りますか？,,,Names the beneficiary and asks at the correct optional moment after receipt. Japanese is natural and consistent with the approved send-gratitude wording; no external sentence match claimed.,product-glossary,high,"Send gratitude sheet, over the sticker board once a received sticker has stuck to it: the title beside the giver's picture, also the sheet's name",apps/frontend/src/i18n/strings/receiving.ts,173,"apps/frontend/src/i18n/strings/receiving.ts:173
apps/frontend/src/i18n/strings/receiving.ts:173
apps/frontend/src/receiving/SendGratitudeSheet.tsx:31
apps/frontend/src/i18n/glossary.md"
receiving.termsLine,receiving,keep,none,Receiving it shows <name/> your LINE name and picture. You agree to the <terms>Terms</terms> and <privacy>Privacy Policy</privacy>.,受け取ると、<name/>さんにあなたのLINEの名前とプロフィール画像が表示され、<terms>利用規約</terms>と<privacy>プライバシーポリシー</privacy>に同意したことになります。,,,"Material identity-sharing and consent information belongs at Accept and must not be removed as repetition. Japanese correctly associates the action with terms and privacy, although its legal adequacy is not certified by this language audit. LINE precedent supports profile terminology only; this custom disclosure is editorial.",editorial,medium,"Receive gift dialog, Accept sheet: the small line at the bottom, naming the giver, with links to the Terms and Privacy Policy pages",apps/frontend/src/i18n/strings/receiving.ts,39,"apps/frontend/src/i18n/strings/receiving.ts:39
apps/frontend/src/i18n/strings/receiving.ts:39
apps/frontend/src/receiving/ReceiveGiftDialog.tsx:420
apps/frontend/src/i18n/glossary.md
https://developers.line.biz/ja/docs/liff/developing-liff-apps/#share-target-picker"
receiving.title,receiving,keep,none,A gift from {{name}},{{name}}さんからのギフト,,,Document title and dialog accessible name need a compact giver label separate from the visible arrival heading. Japanese さんからのギフト is natural.,product-glossary,high,"Receive gift dialog, once the gift's preview names the giver: LINE's header and the dialog's name for assistive tech",apps/frontend/src/i18n/strings/receiving.ts,5,"apps/frontend/src/i18n/strings/receiving.ts:5
apps/frontend/src/i18n/strings/receiving.ts:5
apps/frontend/src/receiving/ReceiveGiftDialog.tsx:161
apps/frontend/src/i18n/glossary.md
https://linegift.line.me/about/"
receiving.title_unknownGiver,receiving,keep,none,A gift,ギフト,,,A neutral gift title is appropriate while loading or when the sender is unavailable. It avoids inventing identity and is already minimal.,product-glossary,high,"Receive gift dialog, while the gift loads, when loading it failed, or on a refusal that came without the giver: LINE's header and the dialog's name for assistive tech",apps/frontend/src/i18n/strings/receiving.ts,7,"apps/frontend/src/i18n/strings/receiving.ts:7
apps/frontend/src/i18n/strings/receiving.ts:7
apps/frontend/src/receiving/ReceiveGiftDialog.tsx:167
apps/frontend/src/i18n/glossary.md"
receiving.tryAgain,receiving,keep,none,Try again,もう一度,,,Retry button reloads the preview; a short もう一度 is sufficient because the failure screen states what is being retried.,product-glossary,high,"Gift refusal screen, when the gift is still on its way or its preview failed: the button that loads the gift again",apps/frontend/src/i18n/strings/receiving.ts,169,"apps/frontend/src/i18n/strings/receiving.ts:169
apps/frontend/src/i18n/strings/receiving.ts:169
apps/frontend/src/receiving/ReceiveGiftDialog.tsx:469
apps/frontend/src/i18n/glossary.md"
shop.comingSoon,shop,keep,none,Coming soon,近日登場,,,近日登場 faithfully translates the approved Coming soon promise in the Shop vocabulary. Keep unless the product schedule changes; absence of a date alone is not a translation defect.,product-glossary,high,"The Shop: the one pill over the coming-soon shelves, saying nothing on them is on sale yet",apps/frontend/src/i18n/strings/shop.ts,35,"apps/frontend/src/i18n/strings/shop.ts:35
apps/frontend/src/i18n/strings/shop.ts:35
apps/frontend/src/shop/ShopScreen.tsx:41
apps/frontend/src/shop/ShopScreen.tsx:43
apps/frontend/src/i18n/glossary.md:1"
shop.paymentsOn,shop,keep,none,Payments on <logo/>,<logo/>で決済,,,"A short existing Sui credit, with accessible logo text; useful service attribution but it does not tell users that the balance and payment are JPYC.",product-glossary,high,"The Sui credit, under the checkout's Pay key and at the foot of the reserve tickets section; `<logo/>` is Sui's logo, which Japanese puts first",apps/frontend/src/i18n/strings/shop.ts,33,"apps/frontend/src/i18n/strings/shop.ts:33
apps/frontend/src/i18n/strings/shop.ts:33
https://www.paypay.ne.jp/opa/doc/v1.0/files/Web%20Payment%20%E7%94%BB%E9%9D%A2%E9%81%B7%E7%A7%BB.pdf
apps/frontend/src/shop/SuiCredit.tsx:15
apps/frontend/src/i18n/glossary.md:1"
shop.reserve.buy,shop,keep,none,Buy reserve tickets,有償チケットを買う,,,"The button enters checkout without charging immediately. 有償チケットを買う fits the product's plain-button tone; LINE's 購入する is precedent, not a requirement to change to formal diction.",source-backed,high,Reserve tickets section: the blue key that opens the reserve ticket checkout,apps/frontend/src/i18n/strings/shop.ts,30,"apps/frontend/src/i18n/strings/shop.ts:30
apps/frontend/src/i18n/strings/shop.ts:30
https://help.line.me/line/smartphone?contentId=20000182&lang=ja
apps/frontend/src/shop/ReserveTicketsHero.tsx:35"
shop.reserve.held,shop,keep,none,You have <count/>,所持数<count/>,,,所持数 is a concise inventory label and count component. Keep visible count separate from its complete accessible sentence.,product-glossary,high,"Reserve tickets section, over the Buy key: the ones you hold; `<count/>` is the reserve ticket mark and ×count",apps/frontend/src/i18n/strings/shop.ts,16,"apps/frontend/src/i18n/strings/shop.ts:16
apps/frontend/src/i18n/strings/shop.ts:16
https://faq.twisted-wonderland.aniplex.co.jp/faq/show/46?site_domain=default
apps/frontend/src/shop/ReserveTicketsHero.tsx:35
apps/frontend/src/i18n/glossary.md:1"
shop.reserve.heldProblem,shop,keep,none,Couldn’t load your tickets: {{reason}},チケットを読み込めませんでした：{{reason}},,,Necessary persistent failure with the real reason and retry action. Do not remove just because it is longer than a normal status.,established-UI,high,"Reserve tickets section, in the held tickets' place, when your tickets didn't load, so the Shop can't say how many you hold; `reason` is why, in the app's language, before a Try again link",apps/frontend/src/i18n/strings/shop.ts,25,"apps/frontend/src/i18n/strings/shop.ts:25
apps/frontend/src/i18n/strings/shop.ts:25
https://support.google.com/chrome/answer/95669?hl=ja
apps/frontend/src/shop/ReserveTicketsHero.tsx:35"
shop.reserve.heldSpoken_one,shop,intentional-fallback,none,You have {{count}} reserve ticket.,,,,English singular accessible counterpart to the visual icon/count. Japanese _other is intentional.,product-glossary,high,"Reserve tickets section: what the line above says, for screen readers, when you hold one",apps/frontend/src/i18n/strings/shop.ts,18,"apps/frontend/src/i18n/strings/shop.ts:18
apps/frontend/src/i18n/strings/shop.ts:18
apps/frontend/src/shop/ReserveTicketsHero.tsx:35
apps/frontend/src/i18n/glossary.md:1
apps/frontend/src/i18n/i18n.ts:37"
shop.reserve.heldSpoken_other,shop,keep,none,You have {{count}} reserve tickets.,有償チケットを{{count}}枚持っています。,,,枚 is the right counter and the sentence is heard instead of the visual count. It is not visible duplicate copy.,product-glossary,high,"Reserve tickets section: what the line above says, for screen readers",apps/frontend/src/i18n/strings/shop.ts,20,"apps/frontend/src/i18n/strings/shop.ts:20
apps/frontend/src/i18n/strings/shop.ts:20
https://faq.twisted-wonderland.aniplex.co.jp/faq/show/46?site_domain=default
apps/frontend/src/shop/ReserveTicketsHero.tsx:35
apps/frontend/src/i18n/glossary.md:1"
shop.reserve.lead,shop,keep,none,Keep drawing after your daily tickets run out.,無償チケットを<wbr/>使い切っても、<wbr/>かき続けられます。,,,This one sentence explains the reserve ticket's actual purpose when daily tickets run out. Approved free/paid terminology is preserved.,product-glossary,high,"Reserve tickets section: the one line under the headline, on what they're for",apps/frontend/src/i18n/strings/shop.ts,11,"apps/frontend/src/i18n/strings/shop.ts:11
apps/frontend/src/i18n/strings/shop.ts:11
https://faq.twisted-wonderland.aniplex.co.jp/faq/show/46?site_domain=default
apps/frontend/src/shop/ReserveTicketsHero.tsx:35
apps/frontend/src/i18n/glossary.md:1"
shop.reserve.title,shop,keep,none,Reserve tickets,有償チケット,,,Approved 有償チケット is backed by Japanese game free/paid currency precedent; do not silently rename to stock/reserve terminology.,product-glossary,high,"Reserve tickets section: its headline, under the fanned tickets",apps/frontend/src/i18n/strings/shop.ts,9,"apps/frontend/src/i18n/strings/shop.ts:9
apps/frontend/src/i18n/strings/shop.ts:9
https://faq.twisted-wonderland.aniplex.co.jp/faq/show/46?site_domain=default
apps/frontend/src/shop/ReserveTicketsHero.tsx:35
apps/frontend/src/i18n/glossary.md:1"
shop.shelves.backingFoils.items.gold,shop,keep,none,Gold,ゴールド,,,"ゴールド is a conventional color/material name, distinct from silver and rose gold; short noun fits a swatch. Exact comparable app material selector not located.",established-UI,medium,"Backing foils shelf: the gold foil swatch's name, coming soon",apps/frontend/src/i18n/strings/shop.ts,75,"apps/frontend/src/i18n/strings/shop.ts:75
apps/frontend/src/i18n/strings/shop.ts:75
apps/frontend/src/shop/ShopScreen.tsx:45"
shop.shelves.backingFoils.items.holo,shop,keep,none,Holo,ホロ,,,ホロ is the concise product material nickname beside a visible swatch; no meaning conflict. Exact comparable app material selector not located.,product-glossary,medium,"Backing foils shelf: the first swatch's name, the foil every sticker wears now",apps/frontend/src/i18n/strings/shop.ts,73,"apps/frontend/src/i18n/strings/shop.ts:73
apps/frontend/src/i18n/strings/shop.ts:73
apps/frontend/src/shop/ShopScreen.tsx:45
apps/frontend/src/i18n/glossary.md:1"
shop.shelves.backingFoils.items.roseGold,shop,keep,none,Rose gold,ローズゴールド,,,ローズゴールド is the established material/color name and distinguishes the warm gold swatch. Exact comparable app selector not located.,established-UI,medium,"Backing foils shelf: the rose gold foil swatch's name, coming soon",apps/frontend/src/i18n/strings/shop.ts,79,"apps/frontend/src/i18n/strings/shop.ts:79
apps/frontend/src/i18n/strings/shop.ts:79
apps/frontend/src/shop/ShopScreen.tsx:45"
shop.shelves.backingFoils.items.silver,shop,keep,none,Silver,シルバー,,,シルバー is an ordinary color/material name and a concise swatch label. Exact comparable app selector not located.,established-UI,medium,"Backing foils shelf: the silver foil swatch's name, coming soon",apps/frontend/src/i18n/strings/shop.ts,77,"apps/frontend/src/i18n/strings/shop.ts:77
apps/frontend/src/i18n/strings/shop.ts:77
apps/frontend/src/shop/ShopScreen.tsx:45"
shop.shelves.backingFoils.title,shop,keep,none,Backing foils,ホイル,,,ホイル is explicitly approved. A literal backing-foil phrase would conflict with the glossary; retain unless the engineer reconsiders the glossary.,product-glossary,high,Backing foils shelf: its name,apps/frontend/src/i18n/strings/shop.ts,70,"apps/frontend/src/i18n/strings/shop.ts:70
apps/frontend/src/i18n/strings/shop.ts:70
apps/frontend/src/shop/ShopScreen.tsx:45
apps/frontend/src/i18n/glossary.md:1"
shop.shelves.brushes.items.brush,shop,keep,none,Brush,ブラシ,,,ブラシ is the normal Japanese drawing-app tool category and correctly names the current general brush sample.,source-backed,high,"Brushes shelf: the first swatch's name, the brush the drawing screen has now",apps/frontend/src/i18n/strings/shop.ts,59,"apps/frontend/src/i18n/strings/shop.ts:59
apps/frontend/src/i18n/strings/shop.ts:59
https://ibispaint.com/newFeature.jsp
apps/frontend/src/shop/ShopScreen.tsx:45"
shop.shelves.brushes.items.fineliner,shop,keep,none,Fineliner,ミリペン,,,ibisPaint explicitly offers ミリペン; this is a real Japanese drawing-app term for this fine-line pen rather than a guessed transliteration.,source-backed,high,"Brushes shelf: the fineliner swatch's name, coming soon",apps/frontend/src/i18n/strings/shop.ts,63,"apps/frontend/src/i18n/strings/shop.ts:63
apps/frontend/src/i18n/strings/shop.ts:63
https://ibispaint.com/newFeature.jsp
apps/frontend/src/shop/ShopScreen.tsx:45"
shop.shelves.brushes.items.marker,shop,keep,none,Marker,マーカー,,,"ibisPaint uses マーカー categories, and the preview depicts the chisel-tip marker behavior. Keep.",source-backed,high,"Brushes shelf: the marker swatch's name, coming soon",apps/frontend/src/i18n/strings/shop.ts,61,"apps/frontend/src/i18n/strings/shop.ts:61
apps/frontend/src/i18n/strings/shop.ts:61
https://ibispaint.com/newFeature.jsp
apps/frontend/src/shop/ShopScreen.tsx:45"
shop.shelves.brushes.items.pixelPen,shop,keep,none,Pixel pen,ドットペン,,,MediBang Paint explicitly calls its pixel-art brush ドットペン; exact applicable app precedent supports this translation.,source-backed,high,"Brushes shelf: the pixel pen swatch's name, coming soon",apps/frontend/src/i18n/strings/shop.ts,65,"apps/frontend/src/i18n/strings/shop.ts:65
apps/frontend/src/i18n/strings/shop.ts:65
https://medibangpaint.com/use/2020/05/draw-pixel-art-practice/
apps/frontend/src/shop/ShopScreen.tsx:45"
shop.shelves.brushes.title,shop,keep,none,Brushes,ブラシ,,,ブラシ is the established drawing-app category and encompasses the previewed pen styles; no plural inflection needed in Japanese.,source-backed,high,Brushes shelf: its name,apps/frontend/src/i18n/strings/shop.ts,56,"apps/frontend/src/i18n/strings/shop.ts:56
apps/frontend/src/i18n/strings/shop.ts:56
https://ibispaint.com/newFeature.jsp
apps/frontend/src/shop/ShopScreen.tsx:45"
shop.shelves.laminates.items.glitter,shop,keep,none,Glitter,ラメ,,,ibisPaint uses ラメ for sparkly brush effects; Japanese effect terminology fits this glitter swatch better than forcing an English transliteration.,source-backed,high,"Laminates shelf: the glitter laminate swatch's name, coming soon",apps/frontend/src/i18n/strings/shop.ts,49,"apps/frontend/src/i18n/strings/shop.ts:49
apps/frontend/src/i18n/strings/shop.ts:49
https://ibispaint.com/newFeature.jsp
apps/frontend/src/shop/ShopScreen.tsx:45"
shop.shelves.laminates.items.gloss,shop,keep,none,Gloss,グロス,,,"グロス is a recognizable finish label paired with a gloss preview; no comparable Japanese app laminate selector verified, so retain as product nomenclature rather than claim external validation.",product-glossary,medium,"Laminates shelf: the first swatch's name, the laminate every sticker is sealed with now",apps/frontend/src/i18n/strings/shop.ts,45,"apps/frontend/src/i18n/strings/shop.ts:45
apps/frontend/src/i18n/strings/shop.ts:45
apps/frontend/src/shop/ShopScreen.tsx:45
apps/frontend/src/i18n/glossary.md:1"
shop.shelves.laminates.items.matte,shop,keep,none,Matte,マット,,,マット is a familiar finish name and accurately contrasts the matte preview with gloss. Exact comparable app laminate selector not verified.,product-glossary,medium,"Laminates shelf: the matte laminate swatch's name, coming soon",apps/frontend/src/i18n/strings/shop.ts,47,"apps/frontend/src/i18n/strings/shop.ts:47
apps/frontend/src/i18n/strings/shop.ts:47
apps/frontend/src/shop/ShopScreen.tsx:45
apps/frontend/src/i18n/glossary.md:1"
shop.shelves.laminates.items.prism,shop,keep,none,Prism,プリズム,,,"プリズム is the product's effect name; its visible preview supplies meaning. No external app equivalence was located, so this is a nomenclature decision.",product-glossary,medium,"Laminates shelf: the prism laminate swatch's name, coming soon",apps/frontend/src/i18n/strings/shop.ts,51,"apps/frontend/src/i18n/strings/shop.ts:51
apps/frontend/src/i18n/strings/shop.ts:51
apps/frontend/src/shop/ShopScreen.tsx:45
apps/frontend/src/i18n/glossary.md:1"
shop.shelves.laminates.title,shop,keep,none,Laminates,ラミネート,,,ラミネート is explicitly approved for the finish shelf; changing to another craft term would need glossary reconsideration.,product-glossary,high,Laminates shelf: its name,apps/frontend/src/i18n/strings/shop.ts,42,"apps/frontend/src/i18n/strings/shop.ts:42
apps/frontend/src/i18n/strings/shop.ts:42
apps/frontend/src/shop/ShopScreen.tsx:45
apps/frontend/src/i18n/glossary.md:1"
shop.title,shop,keep,none,Shop,ショップ,,,A page heading identifies the Shop after navigation. Do not remove the only h1 because the tab and browser header also carry its name.,product-glossary,high,The Shop tab: the page's title,apps/frontend/src/i18n/strings/shop.ts,5,"apps/frontend/src/i18n/strings/shop.ts:5
apps/frontend/src/i18n/strings/shop.ts:5
https://help.line.me/line/smartphone?contentId=20000182&lang=ja
apps/frontend/src/shop/ShopScreen.tsx:37
apps/frontend/src/i18n/glossary.md:1"
shop.yours,shop,context,medium,Yours,使用中,Standard,標準,"使用中 asserts the first foil is actually in use, but Kyoto Seika and NSFW stickers use different foils. The renderer always tags the first swatch, irrespective of the item/user state; qualify as standard equipment or fix the context.",editorial,medium,On the first swatch of each coming-soon shelf: the one you have now,apps/frontend/src/i18n/strings/shop.ts,37,"apps/frontend/src/i18n/strings/shop.ts:37
apps/frontend/src/i18n/strings/shop.ts:37
apps/frontend/src/shop/ComingSoonShelf.tsx:38
AGENTS.md:1"
stickerBoard.addresses.close,stickerBoard,keep,none,Close,閉じる,,,Necessary accessible name for the icon that closes the address dialog; 閉じる is direct and idiomatic.,established-UI,high,Address dialog: screen readers' name for the X button that puts the paper back on the cork,apps/frontend/src/i18n/strings/stickerBoard.ts,171,"apps/frontend/src/i18n/strings/stickerBoard.ts:171
/Users/adoll/projects/drawing-app/apps/frontend/src/i18n/strings/stickerBoard.ts:171
/Users/adoll/projects/drawing-app/apps/frontend/src/sticker-board/stat-board/AddressDialog.tsx:329
https://support.apple.com/ja-jp/102553
https://support.apple.com/ja-jp/102680"
stickerBoard.addresses.copy,stickerBoard,keep,none,Copy address,アドレスをコピー,,,Names the actual address-copy action; アドレスをコピー is concise and conventional.,established-UI,high,Address dialog: the Copy address button under the card,apps/frontend/src/i18n/strings/stickerBoard.ts,173,"apps/frontend/src/i18n/strings/stickerBoard.ts:173
/Users/adoll/projects/drawing-app/apps/frontend/src/i18n/strings/stickerBoard.ts:173
/Users/adoll/projects/drawing-app/apps/frontend/src/sticker-board/stat-board/AddressDialog.tsx:382
https://support.apple.com/ja-jp/102553
https://support.apple.com/ja-jp/102680"
stickerBoard.addresses.sui.caption,stickerBoard,keep,none,Sui address,Suiアドレス,,,The short caption identifies the network address; retain the approved Suiアドレス term.,established-UI,high,"Stat board, yours or someone else's: the caption on the Sui address's QR code paper",apps/frontend/src/i18n/strings/stickerBoard.ts,106,"apps/frontend/src/i18n/strings/stickerBoard.ts:106
/Users/adoll/projects/drawing-app/apps/frontend/src/i18n/strings/stickerBoard.ts:106
/Users/adoll/projects/drawing-app/apps/frontend/src/sticker-board/stat-board/AddressPapers.tsx:78
https://support.apple.com/ja-jp/102553
https://support.apple.com/ja-jp/102680"
stickerBoard.addresses.sui.copied,stickerBoard,keep,none,Sui address copied,Suiアドレスをコピーしました,,,"Confirms clipboard success, distinct from opening the QR code; concise Japanese completion form.",established-UI,high,Address dialog for the Sui address: the toast after Copy address copies it,apps/frontend/src/i18n/strings/stickerBoard.ts,125,"apps/frontend/src/i18n/strings/stickerBoard.ts:125
/Users/adoll/projects/drawing-app/apps/frontend/src/i18n/strings/stickerBoard.ts:125
/Users/adoll/projects/drawing-app/apps/frontend/src/sticker-board/stat-board/AddressDialog.tsx:299
https://support.apple.com/ja-jp/102553
https://support.apple.com/ja-jp/102680"
stickerBoard.addresses.sui.didntLoad,stickerBoard,keep,none,Sui address didn’t load,Suiアドレスを<wbr/>読み込めませんでした,,,Names the unavailable address next to a retry action; the Japanese failure form is natural.,editorial,high,"Stat board, yours or someone else's: on the Sui address paper when the address didn't load, over Try again",apps/frontend/src/i18n/strings/stickerBoard.ts,114,"apps/frontend/src/i18n/strings/stickerBoard.ts:114
/Users/adoll/projects/drawing-app/apps/frontend/src/i18n/strings/stickerBoard.ts:114
/Users/adoll/projects/drawing-app/apps/frontend/src/sticker-board/stat-board/AddressPapers.tsx:116"
stickerBoard.addresses.sui.gloss,stickerBoard,keep,none,Holds your stickers,シールの保管用,,,Explains an unfamiliar address paper without making the person open it; the short Japanese noun phrase works.,editorial,high,"Your stat board: fine print on the Sui address paper, under its caption, saying what the address is for",apps/frontend/src/i18n/strings/stickerBoard.ts,108,"apps/frontend/src/i18n/strings/stickerBoard.ts:108
/Users/adoll/projects/drawing-app/apps/frontend/src/i18n/strings/stickerBoard.ts:108
/Users/adoll/projects/drawing-app/apps/frontend/src/sticker-board/stat-board/AddressPapers.tsx:82"
stickerBoard.addresses.sui.loading,stickerBoard,keep,none,Getting your Sui address…,Suiアドレスを<wbr/>取得しています…,,,Useful status while the address is being obtained; 取得しています is more accurate than a static title.,editorial,high,Your stat board: on the Sui address paper while the address loads,apps/frontend/src/i18n/strings/stickerBoard.ts,112,"apps/frontend/src/i18n/strings/stickerBoard.ts:112
/Users/adoll/projects/drawing-app/apps/frontend/src/i18n/strings/stickerBoard.ts:112
/Users/adoll/projects/drawing-app/apps/frontend/src/sticker-board/stat-board/AddressPapers.tsx:118"
stickerBoard.addresses.sui.notCopied,stickerBoard,shorten,low,Couldn’t copy the Sui address. Touch and hold it to copy it yourself.,Suiアドレスをコピーできませんでした。アドレスを長押しして、ご自身でコピーしてください。,Couldn’t copy the address. Select it to copy it manually.,アドレスをコピーできませんでした。アドレスを選択してコピーしてください。,"The manual-copy recovery is useful, but ご自身で adds no information and long-press assumes touch.",editorial,high,"Address dialog for the Sui address: the line under Copy address when it can't copy the address, which stays until the next try",apps/frontend/src/i18n/strings/stickerBoard.ts,127,"apps/frontend/src/i18n/strings/stickerBoard.ts:127
/Users/adoll/projects/drawing-app/apps/frontend/src/i18n/strings/stickerBoard.ts:127
/Users/adoll/projects/drawing-app/apps/frontend/src/sticker-board/stat-board/AddressDialog.tsx:303"
stickerBoard.addresses.sui.note,stickerBoard,shorten,low,"Your stickers are kept at this address on Sui Testnet, and reserve tickets are paid from it.",あなたのシールは、<wbr/>Sui Testnetの<wbr/>このアドレスに<wbr/>保管されます。<wbr/>有償チケットも、<wbr/>このアドレスから<wbr/>支払います。,This Sui Testnet address holds your stickers and pays for reserve tickets.,Sui Testnet上でシールを保管し、有償チケットの代金を支払うアドレスです。,The dialog is the appropriate place for network/payment context; the Japanese is grammatical but long and the payment object can be clearer.,editorial,high,Address dialog for the Sui address: the note under the address,apps/frontend/src/i18n/strings/stickerBoard.ts,120,"apps/frontend/src/i18n/strings/stickerBoard.ts:120
/Users/adoll/projects/drawing-app/apps/frontend/src/i18n/strings/stickerBoard.ts:120
/Users/adoll/projects/drawing-app/apps/frontend/src/sticker-board/stat-board/AddressDialog.tsx:370"
stickerBoard.addresses.sui.open,stickerBoard,keep,none,Show your Sui address as a QR code,SuiアドレスをQRコードで表示,,,The accessible button name explains both address and QR action; not visible clutter.,established-UI,high,"Your stat board: screen readers' name for the Sui address paper, a button that holds its QR code up in the address dialog",apps/frontend/src/i18n/strings/stickerBoard.ts,110,"apps/frontend/src/i18n/strings/stickerBoard.ts:110
/Users/adoll/projects/drawing-app/apps/frontend/src/i18n/strings/stickerBoard.ts:110
/Users/adoll/projects/drawing-app/apps/frontend/src/sticker-board/stat-board/AddressPapers.tsx:100
https://support.apple.com/ja-jp/102553
https://support.apple.com/ja-jp/102680"
stickerBoard.addresses.sui.qrCode,stickerBoard,keep,none,QR code of your Sui address,SuiアドレスのQRコード,,,"Necessary image name, with network context; QRコード follows Japanese device UI usage.",established-UI,high,Address dialog for the Sui address: screen readers' name for the large QR code,apps/frontend/src/i18n/strings/stickerBoard.ts,118,"apps/frontend/src/i18n/strings/stickerBoard.ts:118
/Users/adoll/projects/drawing-app/apps/frontend/src/i18n/strings/stickerBoard.ts:118
/Users/adoll/projects/drawing-app/apps/frontend/src/sticker-board/stat-board/AddressDialog.tsx:340
https://support.apple.com/ja-jp/102553
https://support.apple.com/ja-jp/102680"
stickerBoard.addresses.sui.theirs.gloss,stickerBoard,keep,none,Holds their stickers,シールの保管用,,,Explains the other person's address paper; Japanese naturally omits an unnecessary pronoun.,editorial,high,"Someone else's stat board: fine print on the Sui address paper, under its caption, saying what the address is for",apps/frontend/src/i18n/strings/stickerBoard.ts,141,"apps/frontend/src/i18n/strings/stickerBoard.ts:141
/Users/adoll/projects/drawing-app/apps/frontend/src/i18n/strings/stickerBoard.ts:141
/Users/adoll/projects/drawing-app/apps/frontend/src/sticker-board/stat-board/AddressPapers.tsx:83"
stickerBoard.addresses.sui.theirs.loading,stickerBoard,keep,none,Getting their Sui address…,Suiアドレスを<wbr/>取得しています…,,,Japanese can omit their; the surrounding board supplies whose address is loading.,editorial,high,Someone else's stat board: on the Sui address paper while the address loads,apps/frontend/src/i18n/strings/stickerBoard.ts,148,"apps/frontend/src/i18n/strings/stickerBoard.ts:148
/Users/adoll/projects/drawing-app/apps/frontend/src/i18n/strings/stickerBoard.ts:148
/Users/adoll/projects/drawing-app/apps/frontend/src/sticker-board/stat-board/AddressPapers.tsx:119"
stickerBoard.addresses.sui.theirs.note,stickerBoard,keep,none,{{name}}’s stickers are kept at this address on Sui Testnet.,{{name}}さんのシールは、<wbr/>Sui Testnetの<wbr/>このアドレスに<wbr/>保管されます。,,,Owner and network distinguish this paper from the viewer's; retain the useful context in the expanded dialog.,editorial,high,Address dialog for someone else's Sui address: the note under the address,apps/frontend/src/i18n/strings/stickerBoard.ts,157,"apps/frontend/src/i18n/strings/stickerBoard.ts:157
/Users/adoll/projects/drawing-app/apps/frontend/src/i18n/strings/stickerBoard.ts:157
/Users/adoll/projects/drawing-app/apps/frontend/src/sticker-board/stat-board/AddressDialog.tsx:371"
stickerBoard.addresses.sui.theirs.open,stickerBoard,keep,none,Show {{name}}’s Sui address as a QR code,{{name}}さんのSuiアドレスをQRコードで表示,,,Accessible action includes the owner and destination format; no redundant visible sentence.,established-UI,high,"Someone else's stat board: screen readers' name for the Sui address paper, a button that holds its QR code up in the address dialog",apps/frontend/src/i18n/strings/stickerBoard.ts,143,"apps/frontend/src/i18n/strings/stickerBoard.ts:143
/Users/adoll/projects/drawing-app/apps/frontend/src/i18n/strings/stickerBoard.ts:143
/Users/adoll/projects/drawing-app/apps/frontend/src/sticker-board/stat-board/AddressPapers.tsx:101
https://support.apple.com/ja-jp/102553
https://support.apple.com/ja-jp/102680"
stickerBoard.addresses.sui.theirs.qrCode,stickerBoard,keep,none,QR code of {{name}}’s Sui address,{{name}}さんのSuiアドレスのQRコード,,,The owner's name makes the QR image unambiguous to assistive technology.,established-UI,high,Address dialog for someone else's Sui address: screen readers' name for the large QR code,apps/frontend/src/i18n/strings/stickerBoard.ts,152,"apps/frontend/src/i18n/strings/stickerBoard.ts:152
/Users/adoll/projects/drawing-app/apps/frontend/src/i18n/strings/stickerBoard.ts:152
/Users/adoll/projects/drawing-app/apps/frontend/src/sticker-board/stat-board/AddressDialog.tsx:341
https://support.apple.com/ja-jp/102553
https://support.apple.com/ja-jp/102680"
stickerBoard.addresses.sui.theirs.title,stickerBoard,keep,none,{{name}}’s Sui address,{{name}}さんのSuiアドレス,,,Clear possessive heading; さん is consistent with the catalog's treatment of names.,established-UI,high,"Address dialog for someone else's Sui address: its heading, under the large QR code",apps/frontend/src/i18n/strings/stickerBoard.ts,150,"apps/frontend/src/i18n/strings/stickerBoard.ts:150
/Users/adoll/projects/drawing-app/apps/frontend/src/i18n/strings/stickerBoard.ts:150
/Users/adoll/projects/drawing-app/apps/frontend/src/sticker-board/stat-board/AddressDialog.tsx:348
https://support.apple.com/ja-jp/102553
https://support.apple.com/ja-jp/102680"
stickerBoard.addresses.sui.theirs.viewOnExplorerLabel,stickerBoard,keep,none,View on Suiscan: {{name}}’s Sui address,{{name}}さんのSuiアドレスをSuiscanで見る,,,Accessible link purpose identifies the external site and whose address it opens.,established-UI,high,Address dialog for someone else's Sui address: screen readers' name for the Suiscan link,apps/frontend/src/i18n/strings/stickerBoard.ts,162,"apps/frontend/src/i18n/strings/stickerBoard.ts:162
/Users/adoll/projects/drawing-app/apps/frontend/src/i18n/strings/stickerBoard.ts:162
/Users/adoll/projects/drawing-app/apps/frontend/src/sticker-board/stat-board/AddressDialog.tsx:397
https://support.apple.com/ja-jp/102553
https://support.apple.com/ja-jp/102680"
stickerBoard.addresses.sui.title,stickerBoard,keep,none,Your Sui address,あなたのSuiアドレス,,,"Clear heading, although あなたの is optional; retaining it helps distinguish own and other address dialogs.",established-UI,high,"Address dialog for the Sui address: its heading, under the large QR code",apps/frontend/src/i18n/strings/stickerBoard.ts,116,"apps/frontend/src/i18n/strings/stickerBoard.ts:116
/Users/adoll/projects/drawing-app/apps/frontend/src/i18n/strings/stickerBoard.ts:116
/Users/adoll/projects/drawing-app/apps/frontend/src/sticker-board/stat-board/AddressDialog.tsx:347
https://support.apple.com/ja-jp/102553
https://support.apple.com/ja-jp/102680"
stickerBoard.addresses.sui.viewOnExplorer,stickerBoard,keep,none,View on Suiscan,Suiscanで見る,,,Concise external-site link; 見る is appropriate for a read-only address page.,established-UI,high,Address dialog for the Sui address: the link under Copy address that opens the address on Suiscan,apps/frontend/src/i18n/strings/stickerBoard.ts,132,"apps/frontend/src/i18n/strings/stickerBoard.ts:132
/Users/adoll/projects/drawing-app/apps/frontend/src/i18n/strings/stickerBoard.ts:132
/Users/adoll/projects/drawing-app/apps/frontend/src/sticker-board/stat-board/AddressDialog.tsx:396
/Users/adoll/projects/drawing-app/apps/frontend/src/sticker-board/stat-board/AddressDialog.tsx:404
https://support.apple.com/ja-jp/102553
https://support.apple.com/ja-jp/102680"
stickerBoard.addresses.sui.viewOnExplorerLabel,stickerBoard,keep,none,View on Suiscan: your Sui address,SuiアドレスをSuiscanで見る,,,Names the address opened by a proper-name link; meaningful to screen readers.,established-UI,high,Address dialog for the Sui address: screen readers' name for the Suiscan link,apps/frontend/src/i18n/strings/stickerBoard.ts,134,"apps/frontend/src/i18n/strings/stickerBoard.ts:134
/Users/adoll/projects/drawing-app/apps/frontend/src/i18n/strings/stickerBoard.ts:134
/Users/adoll/projects/drawing-app/apps/frontend/src/sticker-board/stat-board/AddressDialog.tsx:396
https://support.apple.com/ja-jp/102553
https://support.apple.com/ja-jp/102680"
stickerBoard.addresses.tryAgain,stickerBoard,keep,none,Try again,もう一度,,,Useful retry action directly beneath a named failure; もう一度 is natural without repeating the object.,established-UI,high,"Stat board, yours or someone else's: the link on the Sui address paper when its address didn't load",apps/frontend/src/i18n/strings/stickerBoard.ts,169,"apps/frontend/src/i18n/strings/stickerBoard.ts:169
/Users/adoll/projects/drawing-app/apps/frontend/src/i18n/strings/stickerBoard.ts:169
/Users/adoll/projects/drawing-app/apps/frontend/src/sticker-board/stat-board/AddressPapers.tsx:123
https://support.apple.com/ja-jp/102553
https://support.apple.com/ja-jp/102680"
stickerBoard.artistBoard.backToExplore,stickerBoard,keep,none,Back to Explore,さがすに戻る,,,Accessible destination matches the approved さがす tab label; retain for the icon.,product-glossary,high,"Someone else's sticker board: screen readers' name for the back chip at the top, which returns to Explore",apps/frontend/src/i18n/strings/stickerBoard.ts,884,"apps/frontend/src/i18n/strings/stickerBoard.ts:884
/Users/adoll/projects/drawing-app/apps/frontend/src/i18n/strings/stickerBoard.ts:884
/Users/adoll/projects/drawing-app/apps/frontend/src/sticker-board/ArtistBoard.tsx:311
/Users/adoll/projects/drawing-app/apps/frontend/src/i18n/glossary.md"
stickerBoard.artistBoard.blank,stickerBoard,rewrite,low,{{name}} hasn’t stuck anything up yet.,{{name}}さんはまだ何も貼っていません。,,{{name}}さんはまだシールを貼っていません。,"A legitimate empty state, but naming the absent object is clearer than 何も.",product-glossary,high,Someone else's empty sticker board: the note in the dashed spot,apps/frontend/src/i18n/strings/stickerBoard.ts,874,"apps/frontend/src/i18n/strings/stickerBoard.ts:874
/Users/adoll/projects/drawing-app/apps/frontend/src/i18n/strings/stickerBoard.ts:874
/Users/adoll/projects/drawing-app/apps/frontend/src/sticker-board/ArtistBoard.tsx:353
/Users/adoll/projects/drawing-app/apps/frontend/src/i18n/glossary.md"
stickerBoard.artistBoard.close,stickerBoard,keep,none,Close,閉じる,,,Short dismiss action for the sticker view; conventional Japanese.,product-glossary,high,"Someone else's sticker board, a sticker opened large: the Close link under it",apps/frontend/src/i18n/strings/stickerBoard.ts,892,"apps/frontend/src/i18n/strings/stickerBoard.ts:892
/Users/adoll/projects/drawing-app/apps/frontend/src/i18n/strings/stickerBoard.ts:892
/Users/adoll/projects/drawing-app/apps/frontend/src/sticker-board/ArtistBoard.tsx:116
/Users/adoll/projects/drawing-app/apps/frontend/src/i18n/glossary.md"
stickerBoard.artistBoard.didntLoad,stickerBoard,keep,none,Couldn’t load {{name}}’s board: {{reason}},{{name}}さんのシールボードを読み込めませんでした：{{reason}},,,Identifies the affected person's board and preserves the actionable reason.,product-glossary,high,"Someone else's sticker board, when it fails to load: the alert above Try again",apps/frontend/src/i18n/strings/stickerBoard.ts,879,"apps/frontend/src/i18n/strings/stickerBoard.ts:879
/Users/adoll/projects/drawing-app/apps/frontend/src/i18n/strings/stickerBoard.ts:879
/Users/adoll/projects/drawing-app/apps/frontend/src/sticker-board/ArtistBoard.tsx:360
/Users/adoll/projects/drawing-app/apps/frontend/src/i18n/glossary.md"
stickerBoard.artistBoard.drawnIn,stickerBoard,keep,none,Drawn in <duration/> · <artist/>,制作時間<duration/>・<artist/>,,,Compact metadata; 制作時間 is natural and avoids awkward literal passive Japanese.,product-glossary,high,"Someone else's sticker board, a sticker opened large: the fine print under its number; <duration/> is how long it took to draw, <artist/> its Original Artist",apps/frontend/src/i18n/strings/stickerBoard.ts,890,"apps/frontend/src/i18n/strings/stickerBoard.ts:890
/Users/adoll/projects/drawing-app/apps/frontend/src/i18n/strings/stickerBoard.ts:890
/Users/adoll/projects/drawing-app/apps/frontend/src/sticker-board/ArtistBoard.tsx:107
/Users/adoll/projects/drawing-app/apps/frontend/src/i18n/glossary.md"
stickerBoard.artistBoard.explore,stickerBoard,keep,none,Explore,さがす,,,Approved navigation label; the visible short form and longer accessible name serve different uses.,product-glossary,high,Someone else's sticker board: the back chip at the top that returns to Explore,apps/frontend/src/i18n/strings/stickerBoard.ts,886,"apps/frontend/src/i18n/strings/stickerBoard.ts:886
/Users/adoll/projects/drawing-app/apps/frontend/src/i18n/strings/stickerBoard.ts:886
/Users/adoll/projects/drawing-app/apps/frontend/src/sticker-board/ArtistBoard.tsx:314
/Users/adoll/projects/drawing-app/apps/frontend/src/i18n/glossary.md"
stickerBoard.artistBoard.focusHint,stickerBoard,keep,none,Enter selects it. Arrow keys go to the other stickers.,Enterキーで選択します。矢印キーでほかのシールに移動します。,,,The keyboard explanation is visually hidden and describes otherwise invisible selection/navigation behavior; retain.,product-glossary,high,Someone else's sticker board: read out by screen readers when keyboard focus lands on a sticker,apps/frontend/src/i18n/strings/stickerBoard.ts,864,"apps/frontend/src/i18n/strings/stickerBoard.ts:864
/Users/adoll/projects/drawing-app/apps/frontend/src/i18n/strings/stickerBoard.ts:864
/Users/adoll/projects/drawing-app/apps/frontend/src/sticker-board/ArtistBoard.tsx:344
/Users/adoll/projects/drawing-app/apps/frontend/src/i18n/glossary.md"
stickerBoard.artistBoard.give,stickerBoard,keep,none,Give,贈る,,,Approved 贈る verb describes the gift action on another person's board.,product-glossary,high,"Someone else's sticker board: the Give key in Draw's place, which gives them one of your stickers",apps/frontend/src/i18n/strings/stickerBoard.ts,888,"apps/frontend/src/i18n/strings/stickerBoard.ts:888
/Users/adoll/projects/drawing-app/apps/frontend/src/i18n/strings/stickerBoard.ts:888
/Users/adoll/projects/drawing-app/apps/frontend/src/sticker-board/ArtistBoard.tsx:329
/Users/adoll/projects/drawing-app/apps/frontend/src/i18n/glossary.md"
stickerBoard.artistBoard.selectedHint,stickerBoard,shorten,low,"Selected. Tab reaches its toolbar, where you can view it. Escape lets go of it.",選択中です。Tabキーでツールバーに移動すると、シールを見ることができます。Escapeキーで選択を解除します。,Selected. Tab opens the toolbar. Escape deselects it.,選択中です。Tabキーでツールバーへ、Escapeキーで選択を解除します。,"Necessary keyboard help, but the Japanese could omit the indirect 見ることができます clause.",product-glossary,high,"Someone else's sticker board: read out by screen readers for the selected sticker, whose toolbar holds View",apps/frontend/src/i18n/strings/stickerBoard.ts,869,"apps/frontend/src/i18n/strings/stickerBoard.ts:869
/Users/adoll/projects/drawing-app/apps/frontend/src/i18n/strings/stickerBoard.ts:869
/Users/adoll/projects/drawing-app/apps/frontend/src/sticker-board/ArtistBoard.tsx:347
/Users/adoll/projects/drawing-app/apps/frontend/src/i18n/glossary.md"
stickerBoard.artistBoard.statsDidntLoad,stickerBoard,keep,none,Their stats didn’t load: {{reason}},記録を読み込めませんでした：{{reason}},,,The board already identifies the owner; Japanese may omit their without losing meaning.,product-glossary,high,"Someone else's stat board, Gratitude receipt: in place of its rows when their User Stats fail to load, with the reason",apps/frontend/src/i18n/strings/stickerBoard.ts,859,"apps/frontend/src/i18n/strings/stickerBoard.ts:859
/Users/adoll/projects/drawing-app/apps/frontend/src/i18n/strings/stickerBoard.ts:859
/Users/adoll/projects/drawing-app/apps/frontend/src/sticker-board/stat-board/StatCork.tsx:228
/Users/adoll/projects/drawing-app/apps/frontend/src/i18n/glossary.md"
stickerBoard.artistBoard.theirStats,stickerBoard,keep,none,{{name}}: their stats,{{name}}さんの記録,,,The person's name and approved 記録 distinguish this accessible flip control.,product-glossary,high,"Someone else's sticker board: screen readers' name for the button with their photo and name, which turns the board over to their stat board",apps/frontend/src/i18n/strings/stickerBoard.ts,857,"apps/frontend/src/i18n/strings/stickerBoard.ts:857
/Users/adoll/projects/drawing-app/apps/frontend/src/i18n/strings/stickerBoard.ts:857
/Users/adoll/projects/drawing-app/apps/frontend/src/sticker-board/ArtistBoard.tsx:300
/Users/adoll/projects/drawing-app/apps/frontend/src/i18n/glossary.md"
stickerBoard.artistBoard.title,stickerBoard,keep,none,{{name}}’s sticker board,{{name}}さんのシールボード,,,Approved シールボード term identifies the selected person's board.,product-glossary,high,"Someone else's sticker board, opened from Explore: LINE's header, and screen readers' name for the board",apps/frontend/src/i18n/strings/stickerBoard.ts,855,"apps/frontend/src/i18n/strings/stickerBoard.ts:855
/Users/adoll/projects/drawing-app/apps/frontend/src/i18n/strings/stickerBoard.ts:855
/Users/adoll/projects/drawing-app/apps/frontend/src/sticker-board/ArtistBoard.tsx:133
/Users/adoll/projects/drawing-app/apps/frontend/src/i18n/glossary.md"
stickerBoard.board.blank,stickerBoard,keep,none,Stickers you make or receive land here.,つくったシールや<wbr/>受け取ったシールは、<wbr/>ここに貼られます。,,,Explains what populates a new board. Keep only while it has no stickers; the rendering already follows that rule.,product-glossary,high,Your empty sticker board: the note in the dashed spot where the first sticker lands,apps/frontend/src/i18n/strings/stickerBoard.ts,408,"apps/frontend/src/i18n/strings/stickerBoard.ts:408
/Users/adoll/projects/drawing-app/apps/frontend/src/i18n/strings/stickerBoard.ts:408
/Users/adoll/projects/drawing-app/apps/frontend/src/sticker-board/StickerBoard.tsx:816
/Users/adoll/projects/drawing-app/apps/frontend/src/sticker-board/StickerBoard.tsx:817
/Users/adoll/projects/drawing-app/apps/frontend/src/i18n/glossary.md"
stickerBoard.board.blankWithTray,stickerBoard,shorten,low,Your stickers are in the tray. Pull the zipper to stick one on.,シールは<wbr/>シールトレイの中です。<wbr/>ファスナーを引いて、<wbr/>貼ってみましょう。,Pull the zipper to choose a sticker from your tray.,ファスナーを引いて、トレイからシールを選べます。,"Different from a genuinely empty collection: useful direction to the zipper, but the invitation can be shorter.",product-glossary,high,"Your sticker board with no sticker on it but some in the sticker tray: the note in the dashed spot, pointing to the Zipper",apps/frontend/src/i18n/strings/stickerBoard.ts,403,"apps/frontend/src/i18n/strings/stickerBoard.ts:403
/Users/adoll/projects/drawing-app/apps/frontend/src/i18n/strings/stickerBoard.ts:403
/Users/adoll/projects/drawing-app/apps/frontend/src/sticker-board/StickerBoard.tsx:816
/Users/adoll/projects/drawing-app/apps/frontend/src/i18n/glossary.md"
stickerBoard.board.didntLoad,stickerBoard,keep,none,Your stickers didn’t load: {{reason}},シールを読み込めませんでした：{{reason}},,,Necessary persistent loading failure with reason; natural Japanese.,product-glossary,high,"Your sticker board, when your stickers fail to load: the alert in the dashed spot, before Try again; {{reason}} is why",apps/frontend/src/i18n/strings/stickerBoard.ts,415,"apps/frontend/src/i18n/strings/stickerBoard.ts:415
/Users/adoll/projects/drawing-app/apps/frontend/src/i18n/strings/stickerBoard.ts:415
/Users/adoll/projects/drawing-app/apps/frontend/src/sticker-board/StickerBoard.tsx:902
/Users/adoll/projects/drawing-app/apps/frontend/src/i18n/glossary.md"
stickerBoard.board.draw,stickerBoard,keep,none,Draw,かく,,,Approved short primary action かく; no extra label needed.,product-glossary,high,Your sticker board: the Draw key's visible label; your tickets tuck behind the key's right end,apps/frontend/src/i18n/strings/stickerBoard.ts,380,"apps/frontend/src/i18n/strings/stickerBoard.ts:380
/Users/adoll/projects/drawing-app/apps/frontend/src/i18n/strings/stickerBoard.ts:380
/Users/adoll/projects/drawing-app/apps/frontend/src/sticker-board/StickerBoard.tsx:780
/Users/adoll/projects/drawing-app/apps/frontend/src/sticker-board/StickerBoard.tsx:783
/Users/adoll/projects/drawing-app/apps/frontend/src/i18n/glossary.md"
stickerBoard.board.drawLabel,stickerBoard,keep,none,Draw a new sticker,新しいシールをかく,,,The accessible label supplies the object omitted from the compact visible Draw button.,product-glossary,high,Your sticker board: screen readers' name for the Draw key while your tickets haven't loaded,apps/frontend/src/i18n/strings/stickerBoard.ts,382,"apps/frontend/src/i18n/strings/stickerBoard.ts:382
/Users/adoll/projects/drawing-app/apps/frontend/src/i18n/strings/stickerBoard.ts:382
/Users/adoll/projects/drawing-app/apps/frontend/src/sticker-board/StickerBoard.tsx:780
/Users/adoll/projects/drawing-app/apps/frontend/src/sticker-board/StickerBoard.tsx:783
/Users/adoll/projects/drawing-app/apps/frontend/src/i18n/glossary.md"
stickerBoard.board.drawLabelWithTickets,stickerBoard,keep,none,Draw a new sticker: {{tickets}},新しいシールをかく：{{tickets}},,,Adds available-ticket information for screen readers; it is not an extra visible caption.,product-glossary,high,"Your sticker board: screen readers' name for the Draw key; {{tickets}} names the tickets the next drawing can use, such as ""2 daily tickets left"" or ""no tickets until 12:00 AM""",apps/frontend/src/i18n/strings/stickerBoard.ts,384,"apps/frontend/src/i18n/strings/stickerBoard.ts:384
/Users/adoll/projects/drawing-app/apps/frontend/src/i18n/strings/stickerBoard.ts:384
/Users/adoll/projects/drawing-app/apps/frontend/src/sticker-board/StickerBoard.tsx:780
/Users/adoll/projects/drawing-app/apps/frontend/src/i18n/glossary.md"
stickerBoard.board.firstSticker,stickerBoard,keep,none,Make your first sticker,はじめてのシールをつくろう,,,The empty-board invitation has a distinct purpose from a control label; Japanese naturally uses つくろう.,product-glossary,high,Your sticker board with no stickers yet: the nudge beside the Draw key (hidden from screen readers),apps/frontend/src/i18n/strings/stickerBoard.ts,389,"apps/frontend/src/i18n/strings/stickerBoard.ts:389
/Users/adoll/projects/drawing-app/apps/frontend/src/i18n/strings/stickerBoard.ts:389
/Users/adoll/projects/drawing-app/apps/frontend/src/sticker-board/StickerBoard.tsx:793
/Users/adoll/projects/drawing-app/apps/frontend/src/i18n/glossary.md"
stickerBoard.board.focusHint,stickerBoard,keep,none,Enter selects it. Arrow keys go to the other stickers.,Enterキーで選択します。矢印キーでほかのシールに移動します。,,,Visually hidden keyboard navigation instructions are functional help and should not be removed as copy clutter.,product-glossary,high,Your sticker board: read out by screen readers when keyboard focus lands on a sticker,apps/frontend/src/i18n/strings/stickerBoard.ts,393,"apps/frontend/src/i18n/strings/stickerBoard.ts:393
/Users/adoll/projects/drawing-app/apps/frontend/src/i18n/strings/stickerBoard.ts:393
/Users/adoll/projects/drawing-app/apps/frontend/src/sticker-board/StickerBoard.tsx:805
/Users/adoll/projects/drawing-app/apps/frontend/src/i18n/glossary.md"
stickerBoard.board.gratitudeCheckFailed,stickerBoard,shorten,medium,Couldn’t check whether gratitude is waiting to be sent for your newest sticker: {{reason}},いちばん新しいシールに感謝を送れるか確認できませんでした：{{reason}},Couldn’t check whether you can send gratitude for your newest sticker: {{reason}},,The English is needlessly indirect; the Japanese is already clearer about checking whether gratitude can be sent.,product-glossary,high,"Your sticker board: the alert, over Try again, when checking whether gratitude is waiting to be sent for the sticker that just arrived failed; {{reason}} why",apps/frontend/src/i18n/strings/stickerBoard.ts,420,"apps/frontend/src/i18n/strings/stickerBoard.ts:420
/Users/adoll/projects/drawing-app/apps/frontend/src/i18n/strings/stickerBoard.ts:420
/Users/adoll/projects/drawing-app/apps/frontend/src/sticker-board/StickerBoard.tsx:950
/Users/adoll/projects/drawing-app/apps/frontend/src/i18n/glossary.md"
stickerBoard.board.label,stickerBoard,keep,none,Sticker board,シールボード,,,Required accessible region name using approved vocabulary.,product-glossary,high,Your sticker board: screen readers' name for the region that holds your stickers,apps/frontend/src/i18n/strings/stickerBoard.ts,391,"apps/frontend/src/i18n/strings/stickerBoard.ts:391
/Users/adoll/projects/drawing-app/apps/frontend/src/i18n/strings/stickerBoard.ts:391
/Users/adoll/projects/drawing-app/apps/frontend/src/sticker-board/StickerBoard.tsx:801
/Users/adoll/projects/drawing-app/apps/frontend/src/i18n/glossary.md"
stickerBoard.board.loading,stickerBoard,keep,none,Loading your stickers,シールを読み込んでいます,,,Necessary loading state and appropriate 読み込んでいます form.,product-glossary,high,Your sticker board while its stickers load: read out to screen readers as faint placeholder stickers show,apps/frontend/src/i18n/strings/stickerBoard.ts,413,"apps/frontend/src/i18n/strings/stickerBoard.ts:413
/Users/adoll/projects/drawing-app/apps/frontend/src/i18n/strings/stickerBoard.ts:413
/Users/adoll/projects/drawing-app/apps/frontend/src/sticker-board/BoardLoading.tsx:18
/Users/adoll/projects/drawing-app/apps/frontend/src/i18n/glossary.md"
stickerBoard.board.selectedHint,stickerBoard,keep,none,"Selected. Enter opens it, and Tab reaches its toolbar. Arrow keys move it, [ and ] turn it, minus and plus resize it, Delete takes it off the board, and Escape lets go of it.",選択中です。Enterキーでひらき、Tabキーでツールバーに移動します。矢印キーで動かし、[キーと]キーで回し、マイナスキーとプラスキーで大きさを変え、Deleteキーでボードからはがし、Escapeキーで選択を解除します。,,,Long but functional hidden keyboard instructions; preserve every actual shortcut rather than deleting for length.,product-glossary,high,"Your sticker board: read out by screen readers for the selected sticker, listing its keyboard controls",apps/frontend/src/i18n/strings/stickerBoard.ts,398,"apps/frontend/src/i18n/strings/stickerBoard.ts:398
/Users/adoll/projects/drawing-app/apps/frontend/src/i18n/strings/stickerBoard.ts:398
/Users/adoll/projects/drawing-app/apps/frontend/src/sticker-board/StickerBoard.tsx:808
/Users/adoll/projects/drawing-app/apps/frontend/src/i18n/glossary.md"
stickerBoard.board.ticketsDidntLoad,stickerBoard,keep,none,Couldn’t load your tickets: {{reason}},チケットを読み込めませんでした：{{reason}},,,Names the failed ticket fetch and retains its reason; useful next to the drawing action.,product-glossary,high,"Your sticker board, over the Draw key: the alert when your tickets didn't load, so nothing sits behind Draw, before Try again; Draw asks for them again too; {{reason}} is why",apps/frontend/src/i18n/strings/stickerBoard.ts,425,"apps/frontend/src/i18n/strings/stickerBoard.ts:425
/Users/adoll/projects/drawing-app/apps/frontend/src/i18n/strings/stickerBoard.ts:425
/Users/adoll/projects/drawing-app/apps/frontend/src/sticker-board/StickerBoard.tsx:911
/Users/adoll/projects/drawing-app/apps/frontend/src/i18n/glossary.md"
stickerBoard.board.unsaved_one,stickerBoard,intentional-fallback,none,Couldn’t save where {{stickers}} sits: {{reasons}},,,,"English singular agreement is needed; Japanese deliberately uses the other form, per the locale's plural rules.",product-glossary,high,"Your sticker board: the alert when one moved sticker's new position didn't save; {{stickers}} is its number, {{reasons}} why",apps/frontend/src/i18n/strings/stickerBoard.ts,430,"apps/frontend/src/i18n/strings/stickerBoard.ts:430
/Users/adoll/projects/drawing-app/apps/frontend/src/i18n/strings/stickerBoard.ts:430
/Users/adoll/projects/drawing-app/apps/frontend/src/sticker-board/StickerBoard.tsx:921
/Users/adoll/projects/drawing-app/apps/frontend/src/i18n/glossary.md"
stickerBoard.board.unsaved_other,stickerBoard,keep,none,Couldn’t save where {{stickers}} sit: {{reasons}},{{stickers}}の位置を保存できませんでした：{{reasons}},,,Accurately identifies the stickers whose positions failed to save and retains the reasons.,product-glossary,high,"Your sticker board: the alert when moved stickers' new positions didn't save; {{stickers}} lists their numbers, {{reasons}} why",apps/frontend/src/i18n/strings/stickerBoard.ts,432,"apps/frontend/src/i18n/strings/stickerBoard.ts:432
/Users/adoll/projects/drawing-app/apps/frontend/src/i18n/strings/stickerBoard.ts:432
/Users/adoll/projects/drawing-app/apps/frontend/src/sticker-board/StickerBoard.tsx:921
/Users/adoll/projects/drawing-app/apps/frontend/src/i18n/glossary.md"
stickerBoard.board.yourStats,stickerBoard,keep,none,{{name}}: your stats,{{name}}：あなたの記録,,,The accessible flip action identifies the owner; あなたの記録 is understandable and glossary-consistent.,product-glossary,high,"Your sticker board, top left: screen readers' name for the button with your photo and name, which turns the board over to your stat board",apps/frontend/src/i18n/strings/stickerBoard.ts,378,"apps/frontend/src/i18n/strings/stickerBoard.ts:378
/Users/adoll/projects/drawing-app/apps/frontend/src/i18n/strings/stickerBoard.ts:378
/Users/adoll/projects/drawing-app/apps/frontend/src/sticker-board/StickerBoard.tsx:756
/Users/adoll/projects/drawing-app/apps/frontend/src/i18n/glossary.md"
stickerBoard.detail.by,stickerBoard,keep,none,by <artist/> ·,作者：<artist/>・,,,Compact creator byline for the viewer's own sticker; 作者 is the approved Original Artist term.,product-glossary,high,"Sticker detail, a sticker the board's owner drew: the fine print naming its Original Artist, first on the line and ending in the separator before the drawing time; <artist/> is their handle, which keeps its own case in the capitals",apps/frontend/src/i18n/strings/stickerBoard.ts,661,"apps/frontend/src/i18n/strings/stickerBoard.ts:661
/Users/adoll/projects/drawing-app/apps/frontend/src/i18n/strings/stickerBoard.ts:661
/Users/adoll/projects/drawing-app/apps/frontend/src/sticker-board/StickerDetail.tsx:478
/Users/adoll/projects/drawing-app/apps/frontend/src/i18n/glossary.md"
stickerBoard.detail.checkFailed,stickerBoard,shorten,low,"Couldn’t load where it’s been, or whether you’ve sent gratitude for it: {{reason}}",来歴と、感謝を送ったかどうかを読み込めませんでした：{{reason}},Couldn’t load this sticker’s Transfer Trail or gratitude status: {{reason}},来歴と感謝の送信状況を読み込めませんでした：{{reason}},"Both failed detail functions matter because the gratitude action is suppressed, but English can name them directly.",product-glossary,high,"Sticker detail: the alert when its Transfer Trail and gratitude check fail to load, before Try again",apps/frontend/src/i18n/strings/stickerBoard.ts,680,"apps/frontend/src/i18n/strings/stickerBoard.ts:680
/Users/adoll/projects/drawing-app/apps/frontend/src/i18n/strings/stickerBoard.ts:680
/Users/adoll/projects/drawing-app/apps/frontend/src/sticker-board/StickerDetail.tsx:528
/Users/adoll/projects/drawing-app/apps/frontend/src/i18n/glossary.md"
stickerBoard.detail.count,stickerBoard,keep,none,{{position}} / {{setSize}},{{position}} / {{setSize}},,,Compact visual position counter; numbers and separator need no linguistic translation.,product-glossary,high,"Sticker detail: the page count between the arrows, such as ""3 / 6"" (hidden from screen readers)",apps/frontend/src/i18n/strings/stickerBoard.ts,652,"apps/frontend/src/i18n/strings/stickerBoard.ts:652
/Users/adoll/projects/drawing-app/apps/frontend/src/i18n/strings/stickerBoard.ts:652
/Users/adoll/projects/drawing-app/apps/frontend/src/sticker-board/StickerDetail.tsx:435
/Users/adoll/projects/drawing-app/apps/frontend/src/sticker-board/StickerDetail.tsx:441
/Users/adoll/projects/drawing-app/apps/frontend/src/i18n/glossary.md"
stickerBoard.detail.countSpoken,stickerBoard,keep,none,"{{no}}, {{position}} of {{setSize}}",{{no}}、{{setSize}}枚中{{position}}枚目,,,Japanese correctly reverses the total/current ordering and supplies 枚 for a spoken position.,product-glossary,high,"Sticker detail: what screen readers announce after paging, naming the sticker and its place",apps/frontend/src/i18n/strings/stickerBoard.ts,654,"apps/frontend/src/i18n/strings/stickerBoard.ts:654
/Users/adoll/projects/drawing-app/apps/frontend/src/i18n/strings/stickerBoard.ts:654
/Users/adoll/projects/drawing-app/apps/frontend/src/sticker-board/StickerDetail.tsx:441
/Users/adoll/projects/drawing-app/apps/frontend/src/i18n/glossary.md"
stickerBoard.detail.dismiss,stickerBoard,rewrite,medium,Dismiss,閉じる,Dismiss message,メッセージを閉じる,"The action dismisses the error, not the sticker dialog; 閉じる alone can misidentify what will close.",product-glossary,high,"Sticker detail, beside the alert that says the server refused gratitude you sent for it (the reasons are the Gratitude Mini-game receipt's): the link that clears the alert",apps/frontend/src/i18n/strings/stickerBoard.ts,685,"apps/frontend/src/i18n/strings/stickerBoard.ts:685
/Users/adoll/projects/drawing-app/apps/frontend/src/i18n/strings/stickerBoard.ts:685
/Users/adoll/projects/drawing-app/apps/frontend/src/sticker-board/StickerDetail.tsx:539
/Users/adoll/projects/drawing-app/apps/frontend/src/i18n/glossary.md"
stickerBoard.detail.drawnIn,stickerBoard,keep,none,drawn in <duration/>,制作時間<duration/>,,,Concise production-time metadata; 制作時間 is idiomatic for an artwork.,product-glossary,high,"Sticker detail: the fine print with how long it took to draw, such as ""4m 52s"", after the artist or first on the line when the artist chip names them",apps/frontend/src/i18n/strings/stickerBoard.ts,663,"apps/frontend/src/i18n/strings/stickerBoard.ts:663
/Users/adoll/projects/drawing-app/apps/frontend/src/i18n/strings/stickerBoard.ts:663
/Users/adoll/projects/drawing-app/apps/frontend/src/sticker-board/StickerDetail.tsx:488
/Users/adoll/projects/drawing-app/apps/frontend/src/i18n/glossary.md"
stickerBoard.detail.give,stickerBoard,keep,none,Give,贈る,,,Approved short gift verb; the sticker being given is already visible.,product-glossary,high,"Sticker detail, a sticker you hold: the Give key, or the smaller Give button under Send gratitude",apps/frontend/src/i18n/strings/stickerBoard.ts,678,"apps/frontend/src/i18n/strings/stickerBoard.ts:678
/Users/adoll/projects/drawing-app/apps/frontend/src/i18n/strings/stickerBoard.ts:678
/Users/adoll/projects/drawing-app/apps/frontend/src/sticker-board/StickerDetail.tsx:580
/Users/adoll/projects/drawing-app/apps/frontend/src/sticker-board/StickerDetail.tsx:588
/Users/adoll/projects/drawing-app/apps/frontend/src/i18n/glossary.md"
stickerBoard.detail.label,stickerBoard,keep,none,Sticker,シール,,,"Necessary accessible sticker name, consistent with the glossary.",product-glossary,high,Sticker detail: screen readers' name for the screen when it has no sticker to show,apps/frontend/src/i18n/strings/stickerBoard.ts,642,"apps/frontend/src/i18n/strings/stickerBoard.ts:642
/Users/adoll/projects/drawing-app/apps/frontend/src/i18n/strings/stickerBoard.ts:642
/Users/adoll/projects/drawing-app/apps/frontend/src/sticker-board/StickerDetail.tsx:363
/Users/adoll/projects/drawing-app/apps/frontend/src/i18n/glossary.md"
stickerBoard.detail.markNsfw.cancel,stickerBoard,keep,none,Cancel,キャンセル,,,Conventional cancel action before an irreversible mark; retain.,product-glossary,high,"Sticker detail, Mark 18+'s confirm: the quiet link that closes it with nothing marked",apps/frontend/src/i18n/strings/stickerBoard.ts,707,"apps/frontend/src/i18n/strings/stickerBoard.ts:707
/Users/adoll/projects/drawing-app/apps/frontend/src/i18n/strings/stickerBoard.ts:707
/Users/adoll/projects/drawing-app/apps/frontend/src/sticker-board/StickerDetail.tsx:631
/Users/adoll/projects/drawing-app/apps/frontend/src/i18n/glossary.md"
stickerBoard.detail.markNsfw.cantUndo,stickerBoard,keep,none,You can’t undo this.,元に戻すことはできません。,,,Necessary disclosure of a permanent action; not redundant with the display-effect explanation.,product-glossary,high,"Sticker detail, Mark 18+'s confirm: the bold line saying the mark can't be taken off",apps/frontend/src/i18n/strings/stickerBoard.ts,700,"apps/frontend/src/i18n/strings/stickerBoard.ts:700
/Users/adoll/projects/drawing-app/apps/frontend/src/i18n/strings/stickerBoard.ts:700
/Users/adoll/projects/drawing-app/apps/frontend/src/sticker-board/StickerDetail.tsx:619
/Users/adoll/projects/drawing-app/apps/frontend/src/i18n/glossary.md"
stickerBoard.detail.markNsfw.confirm,stickerBoard,keep,none,Mark 18+,18+にする,,,Short explicit confirmation identifies the state being set.,product-glossary,high,"Sticker detail, Mark 18+'s confirm: the red button that marks the sticker 18+",apps/frontend/src/i18n/strings/stickerBoard.ts,709,"apps/frontend/src/i18n/strings/stickerBoard.ts:709
/Users/adoll/projects/drawing-app/apps/frontend/src/i18n/strings/stickerBoard.ts:709
/Users/adoll/projects/drawing-app/apps/frontend/src/sticker-board/StickerDetail.tsx:644
/Users/adoll/projects/drawing-app/apps/frontend/src/i18n/glossary.md"
stickerBoard.detail.markNsfw.copies,stickerBoard,keep,none,Anyone who has already seen it may have kept a copy.,すでに見た人の手元に、コピーが残っているかもしれません。,,,Existing copies are relevant to someone marking an already-visible sticker; keep this context in the confirmation only.,product-glossary,high,"Sticker detail, Mark 18+'s confirm: the line saying the mark can't call back copies of the drawing people already saw",apps/frontend/src/i18n/strings/stickerBoard.ts,702,"apps/frontend/src/i18n/strings/stickerBoard.ts:702
/Users/adoll/projects/drawing-app/apps/frontend/src/i18n/strings/stickerBoard.ts:702
/Users/adoll/projects/drawing-app/apps/frontend/src/sticker-board/StickerDetail.tsx:621
/Users/adoll/projects/drawing-app/apps/frontend/src/i18n/glossary.md"
stickerBoard.detail.markNsfw.does,stickerBoard,shorten,low,"From now on it wears pink foil, and anyone who hasn’t turned on Show 18+ stickers sees it blurred and can’t receive it.",これからはピンクのホイルがつき、「18+のシールを表示する」をオンにしていない人にはぼかして表示され、受け取ることもできなくなります。,It will wear pink foil. People with Show 18+ stickers off will see it blurred and can’t receive it.,ピンクのホイルがつきます。「18+のシールを表示する」がオフの人にはぼかして表示され、受け取ることもできません。,"Lists distinct display and receiving effects, but a long chained Japanese sentence makes the decision harder to scan.",product-glossary,high,"Sticker detail, Mark 18+'s confirm: what marking does",apps/frontend/src/i18n/strings/stickerBoard.ts,695,"apps/frontend/src/i18n/strings/stickerBoard.ts:695
/Users/adoll/projects/drawing-app/apps/frontend/src/i18n/strings/stickerBoard.ts:695
/Users/adoll/projects/drawing-app/apps/frontend/src/sticker-board/StickerDetail.tsx:617
/Users/adoll/projects/drawing-app/apps/frontend/src/i18n/glossary.md"
stickerBoard.detail.markNsfw.done,stickerBoard,keep,none,{{no}} is marked 18+.,{{no}}を18+にしました。,,,Identifies the affected sticker in an announced completion message.,product-glossary,high,"Sticker detail: the status line at its foot once the mark lands, for someone with Show 18+ stickers on; {{no}} is the sticker's number",apps/frontend/src/i18n/strings/stickerBoard.ts,718,"apps/frontend/src/i18n/strings/stickerBoard.ts:718
/Users/adoll/projects/drawing-app/apps/frontend/src/i18n/strings/stickerBoard.ts:718
/Users/adoll/projects/drawing-app/apps/frontend/src/sticker-board/StickerDetail.tsx:291
/Users/adoll/projects/drawing-app/apps/frontend/src/sticker-board/StickerDetail.tsx:292
/Users/adoll/projects/drawing-app/apps/frontend/src/i18n/glossary.md"
stickerBoard.detail.markNsfw.doneBlurred,stickerBoard,keep,none,{{no}} is marked 18+. Show 18+ stickers in Settings shows it unblurred.,{{no}}を18+にしました。設定の「18+のシールを表示する」をオンにすると、ぼかしなしで表示されます。,,,The Settings direction explains why the author's own sticker is now blurred; context is necessary.,product-glossary,high,"Sticker detail: the status line at its foot once the mark lands, for someone without Show 18+ stickers on, who now sees it blurred; {{no}} is the sticker's number",apps/frontend/src/i18n/strings/stickerBoard.ts,720,"apps/frontend/src/i18n/strings/stickerBoard.ts:720
/Users/adoll/projects/drawing-app/apps/frontend/src/i18n/strings/stickerBoard.ts:720
/Users/adoll/projects/drawing-app/apps/frontend/src/sticker-board/StickerDetail.tsx:292
/Users/adoll/projects/drawing-app/apps/frontend/src/i18n/glossary.md"
stickerBoard.detail.markNsfw.failed,stickerBoard,keep,none,Couldn’t mark it 18+: {{reason}},18+にできませんでした：{{reason}},,,Identifies the failed mark action and retains the reason for a persistent error.,product-glossary,high,"Sticker detail, Mark 18+'s confirm: the alert under it when the mark failed or was refused, before the reason",apps/frontend/src/i18n/strings/stickerBoard.ts,713,"apps/frontend/src/i18n/strings/stickerBoard.ts:713
/Users/adoll/projects/drawing-app/apps/frontend/src/i18n/strings/stickerBoard.ts:713
/Users/adoll/projects/drawing-app/apps/frontend/src/sticker-board/StickerDetail.tsx:652
/Users/adoll/projects/drawing-app/apps/frontend/src/i18n/glossary.md"
stickerBoard.detail.markNsfw.open,stickerBoard,keep,none,Mark 18+…,18+にする…,,,Ellipsis correctly signals that this opens a confirmation instead of immediately applying the mark.,product-glossary,high,"Sticker detail, a sticker you drew that isn't 18+: the quiet link at the detail's foot that opens the confirm to mark it 18+",apps/frontend/src/i18n/strings/stickerBoard.ts,691,"apps/frontend/src/i18n/strings/stickerBoard.ts:691
/Users/adoll/projects/drawing-app/apps/frontend/src/i18n/strings/stickerBoard.ts:691
/Users/adoll/projects/drawing-app/apps/frontend/src/sticker-board/StickerDetail.tsx:664
/Users/adoll/projects/drawing-app/apps/frontend/src/i18n/glossary.md"
stickerBoard.detail.markNsfw.sending,stickerBoard,keep,none,Marking…,18+にしています…,,,The pending action is accurately described without promising success.,product-glossary,high,"Sticker detail, Mark 18+'s confirm: the red button's words while the mark is on its way to the server",apps/frontend/src/i18n/strings/stickerBoard.ts,711,"apps/frontend/src/i18n/strings/stickerBoard.ts:711
/Users/adoll/projects/drawing-app/apps/frontend/src/i18n/strings/stickerBoard.ts:711
/Users/adoll/projects/drawing-app/apps/frontend/src/sticker-board/StickerDetail.tsx:643
/Users/adoll/projects/drawing-app/apps/frontend/src/i18n/glossary.md"
stickerBoard.detail.markNsfw.title,stickerBoard,keep,none,Mark {{no}} 18+?,{{no}}を18+にしますか？,,,Names the sticker and irreversible proposed state; a useful confirmation title.,product-glossary,high,"Sticker detail, Mark 18+'s confirm: its title; {{no}} is the sticker's number, such as ""No.0147""",apps/frontend/src/i18n/strings/stickerBoard.ts,693,"apps/frontend/src/i18n/strings/stickerBoard.ts:693
/Users/adoll/projects/drawing-app/apps/frontend/src/i18n/strings/stickerBoard.ts:693
/Users/adoll/projects/drawing-app/apps/frontend/src/sticker-board/StickerDetail.tsx:614
/Users/adoll/projects/drawing-app/apps/frontend/src/i18n/glossary.md"
stickerBoard.detail.next,stickerBoard,keep,none,Next sticker,次のシール,,,Accessible name identifies the carousel's next-sticker control.,product-glossary,high,"Sticker detail: screen readers' name for the right arrow under the sticker, which pages to the next one",apps/frontend/src/i18n/strings/stickerBoard.ts,650,"apps/frontend/src/i18n/strings/stickerBoard.ts:650
/Users/adoll/projects/drawing-app/apps/frontend/src/i18n/strings/stickerBoard.ts:650
/Users/adoll/projects/drawing-app/apps/frontend/src/sticker-board/StickerDetail.tsx:450
/Users/adoll/projects/drawing-app/apps/frontend/src/i18n/glossary.md"
stickerBoard.detail.none,stickerBoard,keep,none,No sticker here yet.,まだシールがありません。,,,Needed when the detail has no sticker to render; simple and natural.,product-glossary,high,Sticker detail: in place of the sticker when there's none to show,apps/frontend/src/i18n/strings/stickerBoard.ts,687,"apps/frontend/src/i18n/strings/stickerBoard.ts:687
/Users/adoll/projects/drawing-app/apps/frontend/src/i18n/strings/stickerBoard.ts:687
/Users/adoll/projects/drawing-app/apps/frontend/src/sticker-board/StickerDetail.tsx:673
/Users/adoll/projects/drawing-app/apps/frontend/src/i18n/glossary.md"
stickerBoard.detail.onItsWay,stickerBoard,keep,none,On its way,お届け中,,,"お届け中 is the intentional gift-delivery metaphor used throughout the app. Awaiting receipt would be more literal, but there is no clear translation error or redundant visible explanation here. Keep unless the product chooses to rename the state consistently.",product-glossary,high,"Sticker detail, a sticker you've sent that hasn't been received: shown in place of Give, beside its sleeve",apps/frontend/src/i18n/strings/stickerBoard.ts,672,"apps/frontend/src/i18n/strings/stickerBoard.ts:672
/Users/adoll/projects/drawing-app/apps/frontend/src/i18n/strings/stickerBoard.ts:672
/Users/adoll/projects/drawing-app/apps/frontend/src/sticker-board/StickerDetail.tsx:557
/Users/adoll/projects/drawing-app/apps/frontend/src/sticker-board/StickerDetail.tsx:560
/Users/adoll/projects/drawing-app/apps/frontend/src/i18n/glossary.md"
stickerBoard.detail.onItsWayTo,stickerBoard,keep,none,On its way to {{receiver}},{{receiver}}さんへお届け中,,,"お届け中 is the intentional gift-delivery metaphor used throughout the app. Awaiting receipt would be more literal, but there is no clear translation error or redundant visible explanation here. Keep unless the product chooses to rename the state consistently.",product-glossary,high,"Sticker detail, a sticker you've sent to someone in the app that hasn't been received: shown in place of Give, beside its sleeve",apps/frontend/src/i18n/strings/stickerBoard.ts,674,"apps/frontend/src/i18n/strings/stickerBoard.ts:674
/Users/adoll/projects/drawing-app/apps/frontend/src/i18n/strings/stickerBoard.ts:674
/Users/adoll/projects/drawing-app/apps/frontend/src/sticker-board/StickerDetail.tsx:557
/Users/adoll/projects/drawing-app/apps/frontend/src/i18n/glossary.md"
stickerBoard.detail.previous,stickerBoard,keep,none,Previous sticker,前のシール,,,Accessible name identifies the carousel's previous-sticker control.,product-glossary,high,"Sticker detail: screen readers' name for the left arrow under the sticker, which pages to the previous one",apps/frontend/src/i18n/strings/stickerBoard.ts,648,"apps/frontend/src/i18n/strings/stickerBoard.ts:648
/Users/adoll/projects/drawing-app/apps/frontend/src/i18n/strings/stickerBoard.ts:648
/Users/adoll/projects/drawing-app/apps/frontend/src/sticker-board/StickerDetail.tsx:426
/Users/adoll/projects/drawing-app/apps/frontend/src/i18n/glossary.md"
stickerBoard.detail.sealedOn,stickerBoard,keep,none,· {{day}},・{{day}},,,A date separator deliberately composes with adjacent metadata; no additional words needed.,product-glossary,high,"Sticker detail: the fine print ending the artist line, the day it was sealed, such as ""2026.09.23""",apps/frontend/src/i18n/strings/stickerBoard.ts,665,"apps/frontend/src/i18n/strings/stickerBoard.ts:665
/Users/adoll/projects/drawing-app/apps/frontend/src/i18n/strings/stickerBoard.ts:665
/Users/adoll/projects/drawing-app/apps/frontend/src/sticker-board/StickerDetail.tsx:493
/Users/adoll/projects/drawing-app/apps/frontend/src/i18n/glossary.md"
stickerBoard.detail.sendGratitude,stickerBoard,keep,none,Send gratitude,感謝を送る,,,Approved 感謝を送る action; distinct from Give and not a generic thank-you.,product-glossary,high,"Sticker detail, a sticker you received and haven't sent gratitude for: the pink key that opens the Gratitude Mini-game",apps/frontend/src/i18n/strings/stickerBoard.ts,676,"apps/frontend/src/i18n/strings/stickerBoard.ts:676
/Users/adoll/projects/drawing-app/apps/frontend/src/i18n/strings/stickerBoard.ts:676
/Users/adoll/projects/drawing-app/apps/frontend/src/sticker-board/StickerDetail.tsx:572
/Users/adoll/projects/drawing-app/apps/frontend/src/i18n/glossary.md"
stickerBoard.detail.stickersYouGave,stickerBoard,keep,none,Stickers you gave,贈ったシール,,,Clearly labels the separate collection of stickers already given.,product-glossary,high,"Sticker detail, opened from a given sticker's spot in the sticker tray: screen readers' name for the strip of thumbnails of the stickers you gave",apps/frontend/src/i18n/strings/stickerBoard.ts,646,"apps/frontend/src/i18n/strings/stickerBoard.ts:646
/Users/adoll/projects/drawing-app/apps/frontend/src/i18n/strings/stickerBoard.ts:646
/Users/adoll/projects/drawing-app/apps/frontend/src/sticker-board/StickerDetail.tsx:383
/Users/adoll/projects/drawing-app/apps/frontend/src/i18n/glossary.md"
stickerBoard.detail.title,stickerBoard,keep,none,Sticker <no/>,シール<no/>,,,Sticker number is the main identifying heading; concise in both languages.,product-glossary,high,"Sticker detail: the sticker's heading under the pager; <no/> is its number, such as ""No.0012""",apps/frontend/src/i18n/strings/stickerBoard.ts,659,"apps/frontend/src/i18n/strings/stickerBoard.ts:659
/Users/adoll/projects/drawing-app/apps/frontend/src/i18n/strings/stickerBoard.ts:659
/Users/adoll/projects/drawing-app/apps/frontend/src/sticker-board/StickerDetail.tsx:461
/Users/adoll/projects/drawing-app/apps/frontend/src/i18n/glossary.md"
stickerBoard.detail.youGaveIt,stickerBoard,keep,none,You gave it to <receiver/> · {{day}},<receiver/>さんに贈りました・{{day}},,,"Fallback provenance appears only when the Transfer Trail is empty, so do not remove as a duplicate.",product-glossary,high,"Sticker detail, a sticker you gave: the fine print naming who received it and when, until its Transfer Trail loads; <receiver/> is their handle, which keeps its own case in the capitals",apps/frontend/src/i18n/strings/stickerBoard.ts,667,"apps/frontend/src/i18n/strings/stickerBoard.ts:667
/Users/adoll/projects/drawing-app/apps/frontend/src/i18n/strings/stickerBoard.ts:667
/Users/adoll/projects/drawing-app/apps/frontend/src/sticker-board/StickerDetail.tsx:504
/Users/adoll/projects/drawing-app/apps/frontend/src/i18n/glossary.md"
stickerBoard.detail.yourStickers,stickerBoard,keep,none,Your stickers,手持ちのシール,,,手持ちのシール usefully distinguishes held stickers from stickers authored by the person.,product-glossary,high,"Sticker detail, opened from a sticker you hold: screen readers' name for the strip of sticker thumbnails at the top",apps/frontend/src/i18n/strings/stickerBoard.ts,644,"apps/frontend/src/i18n/strings/stickerBoard.ts:644
/Users/adoll/projects/drawing-app/apps/frontend/src/i18n/strings/stickerBoard.ts:644
/Users/adoll/projects/drawing-app/apps/frontend/src/sticker-board/StickerDetail.tsx:384
/Users/adoll/projects/drawing-app/apps/frontend/src/i18n/glossary.md"
stickerBoard.placedSticker.label,stickerBoard,keep,none,"{{no}}, drawn in {{duration}}, {{position}} of {{setSize}}",{{no}}、制作時間{{duration}}、{{setSize}}枚中{{position}}枚目,,,"Necessary accessible sticker identification combines its number, drawing duration and position.",product-glossary,high,Any sticker board: screen readers' name for a sticker the board's owner drew; {{position}} of {{setSize}} is its place in reading order,apps/frontend/src/i18n/strings/stickerBoard.ts,442,"apps/frontend/src/i18n/strings/stickerBoard.ts:442
/Users/adoll/projects/drawing-app/apps/frontend/src/i18n/strings/stickerBoard.ts:442
/Users/adoll/projects/drawing-app/apps/frontend/src/sticker-board/PlacedSticker.tsx:116
/Users/adoll/projects/drawing-app/apps/frontend/src/sticker-board/PlacedSticker.tsx:117
/Users/adoll/projects/drawing-app/apps/frontend/src/i18n/glossary.md"
stickerBoard.placedSticker.labelBy,stickerBoard,keep,none,"{{no}}, drawn in {{duration}}, by {{artist}}, {{position}} of {{setSize}}",{{no}}、制作時間{{duration}}、作者：{{artist}}、{{setSize}}枚中{{position}}枚目,,,Adds Original Artist attribution only when appropriate; a useful accessible distinction.,product-glossary,high,Any sticker board: screen readers' name for a sticker someone other than the board's owner drew; {{artist}} is its Original Artist,apps/frontend/src/i18n/strings/stickerBoard.ts,447,"apps/frontend/src/i18n/strings/stickerBoard.ts:447
/Users/adoll/projects/drawing-app/apps/frontend/src/i18n/strings/stickerBoard.ts:447
/Users/adoll/projects/drawing-app/apps/frontend/src/sticker-board/PlacedSticker.tsx:116
/Users/adoll/projects/drawing-app/apps/frontend/src/i18n/glossary.md"
stickerBoard.placedSticker.roleDescription,stickerBoard,keep,none,sticker,シール,,,Short role description uses the approved physical-object term; not visible explanatory copy.,product-glossary,high,"Any sticker board: screen readers' role name for each sticker on it, read after its label",apps/frontend/src/i18n/strings/stickerBoard.ts,440,"apps/frontend/src/i18n/strings/stickerBoard.ts:440
/Users/adoll/projects/drawing-app/apps/frontend/src/i18n/strings/stickerBoard.ts:440
/Users/adoll/projects/drawing-app/apps/frontend/src/sticker-board/PlacedSticker.tsx:111
/Users/adoll/projects/drawing-app/apps/frontend/src/i18n/glossary.md"
stickerBoard.settings.drawing.hand.label,stickerBoard,keep,none,Drawing hand,利き手,,,"利き手 is the approved familiar label, and it controls the layout orientation rather than brush handedness.",product-glossary,high,"Settings note, Drawing group: the drawing hand row's name; a tap opens the choice of Right or Left",apps/frontend/src/i18n/strings/stickerBoard.ts,298,"apps/frontend/src/i18n/strings/stickerBoard.ts:298
/Users/adoll/projects/drawing-app/apps/frontend/src/i18n/strings/stickerBoard.ts:298
/Users/adoll/projects/drawing-app/apps/frontend/src/sticker-board/stat-board/DrawingSettings.tsx:31
/Users/adoll/projects/drawing-app/apps/frontend/src/i18n/glossary.md"
stickerBoard.settings.drawing.hand.left,stickerBoard,keep,none,Left,左手,,,Left-hand choice is unambiguous under 利き手.,product-glossary,high,"Settings note, Drawing group: the drawing hand choice for the left hand, which mirrors the drawing screen",apps/frontend/src/i18n/strings/stickerBoard.ts,302,"apps/frontend/src/i18n/strings/stickerBoard.ts:302
/Users/adoll/projects/drawing-app/apps/frontend/src/i18n/strings/stickerBoard.ts:302
/Users/adoll/projects/drawing-app/apps/frontend/src/sticker-board/stat-board/DrawingSettings.tsx:28
/Users/adoll/projects/drawing-app/apps/frontend/src/i18n/glossary.md"
stickerBoard.settings.drawing.hand.right,stickerBoard,keep,none,Right,右手,,,Right-hand choice is unambiguous under 利き手.,product-glossary,high,"Settings note, Drawing group: the drawing hand choice for the right hand, the default",apps/frontend/src/i18n/strings/stickerBoard.ts,300,"apps/frontend/src/i18n/strings/stickerBoard.ts:300
/Users/adoll/projects/drawing-app/apps/frontend/src/i18n/strings/stickerBoard.ts:300
/Users/adoll/projects/drawing-app/apps/frontend/src/sticker-board/stat-board/DrawingSettings.tsx:28
/Users/adoll/projects/drawing-app/apps/frontend/src/i18n/glossary.md"
stickerBoard.settings.drawing.kept,stickerBoard,keep,none,Kept on this device.,この端末に保存しました。,,,Brief local-save confirmation distinguishes these device settings from account settings.,product-glossary,high,"Settings note, Drawing group: the status line once a drawing setting has changed, which this device keeps rather than your account",apps/frontend/src/i18n/strings/stickerBoard.ts,305,"apps/frontend/src/i18n/strings/stickerBoard.ts:305
/Users/adoll/projects/drawing-app/apps/frontend/src/i18n/strings/stickerBoard.ts:305
/Users/adoll/projects/drawing-app/apps/frontend/src/sticker-board/stat-board/DrawingSettings.tsx:39
/Users/adoll/projects/drawing-app/apps/frontend/src/i18n/glossary.md"
stickerBoard.settings.drawing.notKept,stickerBoard,keep,none,"This device couldn’t keep that, so it lasts until you close Croquis.",この端末に保存できなかったため、クロッキーを閉じるまでの設定になります。,,,"Necessary limit on persistence, but lasts until close should be treated as this app session rather than permanent account state.",product-glossary,high,"Settings note, Drawing group: the alert when this device couldn't keep a drawing setting, which still applies until Croquis closes",apps/frontend/src/i18n/strings/stickerBoard.ts,307,"apps/frontend/src/i18n/strings/stickerBoard.ts:307
/Users/adoll/projects/drawing-app/apps/frontend/src/i18n/strings/stickerBoard.ts:307
/Users/adoll/projects/drawing-app/apps/frontend/src/sticker-board/stat-board/DrawingSettings.tsx:43
/Users/adoll/projects/drawing-app/apps/frontend/src/i18n/glossary.md"
stickerBoard.settings.drawing.title,stickerBoard,keep,none,Drawing,かく画面,,,Approved かく画面 identifies drawing-screen settings; do not silently rename it to a technical category.,product-glossary,high,"Settings note: the legend over the Drawing group, the drawing screen's settings this device keeps",apps/frontend/src/i18n/strings/stickerBoard.ts,294,"apps/frontend/src/i18n/strings/stickerBoard.ts:294
/Users/adoll/projects/drawing-app/apps/frontend/src/i18n/strings/stickerBoard.ts:294
/Users/adoll/projects/drawing-app/apps/frontend/src/sticker-board/stat-board/DrawingSettings.tsx:28
/Users/adoll/projects/drawing-app/apps/frontend/src/i18n/glossary.md"
stickerBoard.settings.kyotoSeika.about,stickerBoard,rewrite,medium,"Practice for the manga expression test: a {{minutes}}‑minute timer, {{tickets}} daily tickets a day, and two subjects to combine.",マンガ表現の練習に。タイマー{{minutes}}分、無償チケット1日{{tickets}}枚、題材を2つ組み合わせてかきます。,"Manga expression practice: {{minutes}} minutes, {{tickets}} daily tickets a day, and two subjects to combine.",マンガ表現の発想練習。{{minutes}}分で2つの題材を組み合わせてかきます。無償チケットは1日{{tickets}}枚。,"The practical limits are useful beside the switch, but identify this as a short practice exercise rather than equivalent exam timing.",source-backed,high,Settings note: the note under Kyoto Seika Practice Mode's switch; {{minutes}} is its clock and {{tickets}} its daily tickets,apps/frontend/src/i18n/strings/stickerBoard.ts,256,"apps/frontend/src/i18n/strings/stickerBoard.ts:256
/Users/adoll/projects/drawing-app/apps/frontend/src/i18n/strings/stickerBoard.ts:256
/Users/adoll/projects/drawing-app/apps/frontend/src/sticker-board/stat-board/SettingsNote.tsx:336
https://www.kyoto-seika.ac.jp/pdf/2026/guide.pdf
https://www.kyoto-seika.ac.jp/admissions/exam/foreign-1a.html"
stickerBoard.settings.kyotoSeika.credit,stickerBoard,shorten,low,Subjects from JMdict. <sources>Sources</sources>,題材：JMdict　<sources>出典</sources>,<sources>Subject sources</sources>,<sources>題材の出典</sources>,Attribution is appropriate but can be one source link instead of a repeating noun plus Sources link; keep JMdict credit on the destination page.,product-glossary,high,"Settings note: the credit at the foot of Kyoto Seika Practice Mode's setting, its link opening the subject list's sources",apps/frontend/src/i18n/strings/stickerBoard.ts,261,"apps/frontend/src/i18n/strings/stickerBoard.ts:261
/Users/adoll/projects/drawing-app/apps/frontend/src/i18n/strings/stickerBoard.ts:261
/Users/adoll/projects/drawing-app/apps/frontend/src/sticker-board/stat-board/SettingsNote.tsx:369
/Users/adoll/projects/drawing-app/apps/frontend/src/i18n/glossary.md"
stickerBoard.settings.kyotoSeika.dark.about,stickerBoard,rewrite,medium,"Death, war, crime, alcohol and tobacco.",死、戦争、犯罪、お酒、たばこなど。,"Includes death, war, crime, alcohol, tobacco, gambling, drugs and disasters.",死、戦争、犯罪、お酒、たばこ、ギャンブル、薬物、災害など。,"The enabled list also contains drugs, gambling and tsunami; current examples omit consequential categories.",product-glossary,high,"Settings note: the note under the dark subjects switch, naming what it adds",apps/frontend/src/i18n/strings/stickerBoard.ts,280,"apps/frontend/src/i18n/strings/stickerBoard.ts:280
/Users/adoll/projects/drawing-app/apps/frontend/src/i18n/strings/stickerBoard.ts:280
/Users/adoll/projects/drawing-app/apps/frontend/src/sticker-board/stat-board/SettingsNote.tsx:362
/Users/adoll/projects/drawing-app/apps/frontend/src/i18n/glossary.md
/Users/adoll/projects/drawing-app/apps/frontend/src/kyoto-seika/subjects/README.md:13"
stickerBoard.settings.kyotoSeika.dark.label,stickerBoard,context,low,Dark subjects too,重い題材も出す,,,"重い題材 is understandable editorial shorthand, but not all enabled items are inherently dark; the examples must explain the choice.",product-glossary,medium,"Settings note, under Kyoto Seika Practice Mode's switch while it's on: the switch that also deals dark subjects",apps/frontend/src/i18n/strings/stickerBoard.ts,278,"apps/frontend/src/i18n/strings/stickerBoard.ts:278
/Users/adoll/projects/drawing-app/apps/frontend/src/i18n/strings/stickerBoard.ts:278
/Users/adoll/projects/drawing-app/apps/frontend/src/sticker-board/stat-board/SettingsNote.tsx:352
/Users/adoll/projects/drawing-app/apps/frontend/src/i18n/glossary.md"
stickerBoard.settings.kyotoSeika.help,stickerBoard,keep,none,About this mode,このモードについて,,,A concise accessible question-button label; このモード refers to the immediately adjacent named setting.,product-glossary,high,"Settings note: the help button after the legend of Kyoto Seika Practice Mode, which opens its note",apps/frontend/src/i18n/strings/stickerBoard.ts,244,"apps/frontend/src/i18n/strings/stickerBoard.ts:244
/Users/adoll/projects/drawing-app/apps/frontend/src/i18n/strings/stickerBoard.ts:244
/Users/adoll/projects/drawing-app/apps/frontend/src/sticker-board/stat-board/SettingsNote.tsx:303
/Users/adoll/projects/drawing-app/apps/frontend/src/i18n/glossary.md
https://www.kyoto-seika.ac.jp/pdf/2026/guide.pdf
https://www.kyoto-seika.ac.jp/admissions/exam/foreign-1a.html"
stickerBoard.settings.kyotoSeika.hidden,stickerBoard,keep,none,Sei,精,,,"Intentional censored character for the visual parody, not a missing Japanese translation.",product-glossary,high,"Settings note: the characters under the censor bar in Kyoto Seika Practice Mode's name, never shown",apps/frontend/src/i18n/strings/stickerBoard.ts,237,"apps/frontend/src/i18n/strings/stickerBoard.ts:237
/Users/adoll/projects/drawing-app/apps/frontend/src/i18n/strings/stickerBoard.ts:237
/Users/adoll/projects/drawing-app/apps/frontend/src/sticker-board/stat-board/SettingsNote.tsx:322
/Users/adoll/projects/drawing-app/apps/frontend/src/i18n/glossary.md
https://www.kyoto-seika.ac.jp/pdf/2026/guide.pdf
https://www.kyoto-seika.ac.jp/admissions/exam/foreign-1a.html"
stickerBoard.settings.kyotoSeika.how,stickerBoard,rewrite,medium,"Each new sticker deals two subjects to combine, and each one's die deals another. Begin starts the {{minutes}} minutes at once, as in the real test.",シールをかくたびに題材が2つ配られ、サイコロで別の題材にできます。「はじめ」を押すと、試験の「始め」と同じく{{minutes}}分のタイマーが動きだします。,"The dice change your subjects. Begin starts the {{minutes}}-minute timer, which cannot pause. This is a short exercise, not the full exam format.",サイコロで題材を変えられます。「はじめ」で{{minutes}}分のタイマーが始まり、一時停止はできません。入試そのものを再現したものではなく、短時間の発想練習です。,"The current sentence duplicates the summary and can imply real-test equivalence, though it can also be read as comparing only the proctor's start signal. The official guide specifies 180 minutes, five choose two, and a short intent text. Remove the ambiguity, not the approved 30-minute practice duration.",source-backed,high,"Settings note, the note under Kyoto Seika Practice Mode's legend: how a sheet works; {{minutes}} is its clock",apps/frontend/src/i18n/strings/stickerBoard.ts,246,"apps/frontend/src/i18n/strings/stickerBoard.ts:246
/Users/adoll/projects/drawing-app/apps/frontend/src/i18n/strings/stickerBoard.ts:246
/Users/adoll/projects/drawing-app/apps/frontend/src/sticker-board/stat-board/SettingsNote.tsx:311
https://www.kyoto-seika.ac.jp/pdf/2026/guide.pdf
https://www.kyoto-seika.ac.jp/admissions/exam/foreign-1a.html"
stickerBoard.settings.kyotoSeika.maker,stickerBoard,shorten,low,"Croquis’s maker is applying to Kyoto Seika too, and built this mode to practice. Neither Croquis nor its maker has any connection with the university.",クロッキーの作者も京都精華大学の受験生で、自分の練習のためにこのモードを作りました。クロッキーも作者も、大学とは関係ありません。,"An independent practice tool, unaffiliated with Kyoto Seika University.",京都精華大学とは関係のない、個人制作の練習ツールです。,Personal biography is unnecessary in a setting and becomes stale; retain only a concise independent/nonofficial explanation.,product-glossary,high,"Settings note, the note under Kyoto Seika Practice Mode's legend: who made the mode, and that neither Croquis nor its maker is connected with the university",apps/frontend/src/i18n/strings/stickerBoard.ts,251,"apps/frontend/src/i18n/strings/stickerBoard.ts:251
/Users/adoll/projects/drawing-app/apps/frontend/src/i18n/strings/stickerBoard.ts:251
/Users/adoll/projects/drawing-app/apps/frontend/src/sticker-board/stat-board/SettingsNote.tsx:315
/Users/adoll/projects/drawing-app/apps/frontend/src/i18n/glossary.md"
stickerBoard.settings.kyotoSeika.name,stickerBoard,context,medium,Kyoto <bar/>ka University Entrance Exam Mode,京都<bar/>華大学<wbr/>入試モード,,,"The visible parody is an approved product choice, but 入試モード omits the manga-expression specificity of the product term.",product-glossary,medium,"Settings note: Kyoto Seika Practice Mode's switch, one character of its university blacked out by <bar/>",apps/frontend/src/i18n/strings/stickerBoard.ts,232,"apps/frontend/src/i18n/strings/stickerBoard.ts:232
/Users/adoll/projects/drawing-app/apps/frontend/src/i18n/strings/stickerBoard.ts:232
/Users/adoll/projects/drawing-app/apps/frontend/src/sticker-board/stat-board/SettingsNote.tsx:320
/Users/adoll/projects/drawing-app/apps/frontend/src/i18n/glossary.md"
stickerBoard.settings.kyotoSeika.notSaved,stickerBoard,keep,none,"Your entrance exam setting couldn’t be saved, so it hasn’t changed: {{reason}}",入試の設定を保存できなかったため、変更していません：{{reason}},,,Preserves both failure reason and unchanged state; useful when a switch appears to move before saving finishes.,product-glossary,high,"Settings note: the alert when a Kyoto Seika Practice Mode switch didn't save to your account, with the reason",apps/frontend/src/i18n/strings/stickerBoard.ts,286,"apps/frontend/src/i18n/strings/stickerBoard.ts:286
/Users/adoll/projects/drawing-app/apps/frontend/src/i18n/strings/stickerBoard.ts:286
/Users/adoll/projects/drawing-app/apps/frontend/src/sticker-board/stat-board/SettingsNote.tsx:250
/Users/adoll/projects/drawing-app/apps/frontend/src/i18n/glossary.md
https://www.kyoto-seika.ac.jp/pdf/2026/guide.pdf
https://www.kyoto-seika.ac.jp/admissions/exam/foreign-1a.html"
stickerBoard.settings.kyotoSeika.off,stickerBoard,rewrite,low,Off: your next sticker has the usual clock.,オフにしました。次のシールはいつもの時間です。,Off: your next sticker uses the standard timer.,オフにしました。次のシールから通常の制限時間に戻ります。,次のシール is important because an existing sheet keeps its mode; いつもの時間 is friendly but ambiguous.,product-glossary,high,Settings note: the status line once Kyoto Seika Practice Mode has been turned off and saved,apps/frontend/src/i18n/strings/stickerBoard.ts,271,"apps/frontend/src/i18n/strings/stickerBoard.ts:271
/Users/adoll/projects/drawing-app/apps/frontend/src/i18n/strings/stickerBoard.ts:271
/Users/adoll/projects/drawing-app/apps/frontend/src/sticker-board/stat-board/SettingsNote.tsx:221
/Users/adoll/projects/drawing-app/apps/frontend/src/i18n/glossary.md"
stickerBoard.settings.kyotoSeika.on,stickerBoard,keep,none,On: your next sticker deals two subjects.,オンにしました。次のシールから題材が2つ出ます。,,,"Accurately tells the user that the next sticker, not the current sheet, changes.",product-glossary,high,Settings note: the status line once Kyoto Seika Practice Mode has been turned on and saved,apps/frontend/src/i18n/strings/stickerBoard.ts,266,"apps/frontend/src/i18n/strings/stickerBoard.ts:266
/Users/adoll/projects/drawing-app/apps/frontend/src/i18n/strings/stickerBoard.ts:266
/Users/adoll/projects/drawing-app/apps/frontend/src/sticker-board/stat-board/SettingsNote.tsx:220
/Users/adoll/projects/drawing-app/apps/frontend/src/i18n/glossary.md
https://www.kyoto-seika.ac.jp/pdf/2026/guide.pdf
https://www.kyoto-seika.ac.jp/admissions/exam/foreign-1a.html"
stickerBoard.settings.kyotoSeika.spokenName,stickerBoard,context,medium,Kyoto Seika University Entrance Exam Mode,京都精華大学 入試モード,,,The accessible full name correctly explains the concealed university name; manga-expression specificity would be clearer.,product-glossary,medium,"Settings note: what screen readers hear as the name of Kyoto Seika Practice Mode's switch, since the bar is a sight gag",apps/frontend/src/i18n/strings/stickerBoard.ts,239,"apps/frontend/src/i18n/strings/stickerBoard.ts:239
/Users/adoll/projects/drawing-app/apps/frontend/src/i18n/strings/stickerBoard.ts:239
/Users/adoll/projects/drawing-app/apps/frontend/src/sticker-board/stat-board/SettingsNote.tsx:330
/Users/adoll/projects/drawing-app/apps/frontend/src/i18n/glossary.md"
stickerBoard.settings.kyotoSeika.title,stickerBoard,keep,none,Entrance exam,入試,,,Approved compact setting-group label; it need not repeat the university name.,product-glossary,high,Settings note: the legend over Kyoto Seika Practice Mode's switch,apps/frontend/src/i18n/strings/stickerBoard.ts,230,"apps/frontend/src/i18n/strings/stickerBoard.ts:230
/Users/adoll/projects/drawing-app/apps/frontend/src/i18n/strings/stickerBoard.ts:230
/Users/adoll/projects/drawing-app/apps/frontend/src/sticker-board/stat-board/SettingsNote.tsx:296
/Users/adoll/projects/drawing-app/apps/frontend/src/i18n/glossary.md
https://www.kyoto-seika.ac.jp/pdf/2026/guide.pdf
https://www.kyoto-seika.ac.jp/admissions/exam/foreign-1a.html"
stickerBoard.settings.language.applied,stickerBoard,keep,none,Croquis is now in {{language}}.,表示を{{language}}に切り替えました。,,,Confirms the actual language change after the UI updates; natural Japanese.,established-UI,high,"Settings note: the status line once a language choice has saved and the app has switched to it; {{language}} is that language's own name, such as ""日本語""",apps/frontend/src/i18n/strings/stickerBoard.ts,192,"apps/frontend/src/i18n/strings/stickerBoard.ts:192
/Users/adoll/projects/drawing-app/apps/frontend/src/i18n/strings/stickerBoard.ts:192
/Users/adoll/projects/drawing-app/apps/frontend/src/sticker-board/stat-board/SettingsNote.tsx:215
https://help.procreate.com/jp/procreate/handbook/brushes/brush-studio-settings"
stickerBoard.settings.language.names.en,stickerBoard,keep,none,English,English,,,"Language names intentionally use their own script, so English stays English in the Japanese interface.",established-UI,high,"Settings note: the English choice, named in English",apps/frontend/src/i18n/strings/stickerBoard.ts,187,"apps/frontend/src/i18n/strings/stickerBoard.ts:187
/Users/adoll/projects/drawing-app/apps/frontend/src/i18n/strings/stickerBoard.ts:187
/Users/adoll/projects/drawing-app/apps/frontend/src/sticker-board/stat-board/SettingsNote.tsx:250
https://help.procreate.com/jp/procreate/handbook/brushes/brush-studio-settings"
stickerBoard.settings.language.names.ja,stickerBoard,keep,none,日本語,日本語,,,日本語 should stay Japanese in both locales so the language can be found by its readers.,established-UI,high,"Settings note: the Japanese choice, named in Japanese",apps/frontend/src/i18n/strings/stickerBoard.ts,189,"apps/frontend/src/i18n/strings/stickerBoard.ts:189
/Users/adoll/projects/drawing-app/apps/frontend/src/i18n/strings/stickerBoard.ts:189
/Users/adoll/projects/drawing-app/apps/frontend/src/sticker-board/stat-board/SettingsNote.tsx:250
https://help.procreate.com/jp/procreate/handbook/brushes/brush-studio-settings"
stickerBoard.settings.language.notKept,stickerBoard,shorten,low,"Your language is saved, but this phone couldn’t keep it: the next time you open Croquis, it may start in the old one for a moment.",言語は保存しましたが、この端末には残せませんでした。次にクロッキーをひらいたとき、少しのあいだ前の言語で表示されることがあります。,Language saved to your account. This device may briefly show your previous language next time.,言語はアカウントに保存しました。次回は、この端末で一時的に変更前の言語が表示されることがあります。,"Important account-versus-device persistence distinction, but the current wording narrates too much sequence.",established-UI,high,"Settings note: the alert when the language saved and the app switched, but this phone couldn't keep it for its next start, over the phone's own words for a report",apps/frontend/src/i18n/strings/stickerBoard.ts,202,"apps/frontend/src/i18n/strings/stickerBoard.ts:202
/Users/adoll/projects/drawing-app/apps/frontend/src/i18n/strings/stickerBoard.ts:202
/Users/adoll/projects/drawing-app/apps/frontend/src/sticker-board/stat-board/SettingsNote.tsx:236"
stickerBoard.settings.language.notSaved,stickerBoard,keep,none,"Your language couldn’t be saved, so it hasn’t changed: {{reason}}",言語を保存できなかったため、変更していません：{{reason}},,,States that the account save failed and the language stayed unchanged; retain the reason.,established-UI,high,"Settings note: the alert when the language choice didn't save to your account, with the reason",apps/frontend/src/i18n/strings/stickerBoard.ts,197,"apps/frontend/src/i18n/strings/stickerBoard.ts:197
/Users/adoll/projects/drawing-app/apps/frontend/src/i18n/strings/stickerBoard.ts:197
/Users/adoll/projects/drawing-app/apps/frontend/src/sticker-board/stat-board/SettingsNote.tsx:250
https://help.procreate.com/jp/procreate/handbook/brushes/brush-studio-settings"
stickerBoard.settings.language.title,stickerBoard,keep,none,Language,言語,,,言語 is the familiar concise settings label.,established-UI,high,"Settings note: the language row's name, before the choice it shows, which opens the list of choices",apps/frontend/src/i18n/strings/stickerBoard.ts,183,"apps/frontend/src/i18n/strings/stickerBoard.ts:183
/Users/adoll/projects/drawing-app/apps/frontend/src/i18n/strings/stickerBoard.ts:183
/Users/adoll/projects/drawing-app/apps/frontend/src/sticker-board/stat-board/SettingsNote.tsx:259
https://help.procreate.com/jp/procreate/handbook/brushes/brush-studio-settings"
stickerBoard.settings.nsfw.blurred,stickerBoard,keep,none,"18+ stickers are blurred now, yours too.",18+のシールを、自分のものも含めてぼかして表示します。,,,"Specifically includes the viewer's own stickers, an important consequence rather than redundant copy.",product-glossary,high,Settings note: the status line once Show 18+ stickers has been turned off and saved,apps/frontend/src/i18n/strings/stickerBoard.ts,217,"apps/frontend/src/i18n/strings/stickerBoard.ts:217
/Users/adoll/projects/drawing-app/apps/frontend/src/i18n/strings/stickerBoard.ts:217
/Users/adoll/projects/drawing-app/apps/frontend/src/sticker-board/stat-board/SettingsNote.tsx:225
/Users/adoll/projects/drawing-app/apps/frontend/src/i18n/glossary.md"
stickerBoard.settings.nsfw.notSaved,stickerBoard,keep,none,"Your 18+ setting couldn’t be saved, so it hasn’t changed: {{reason}}",18+の設定を保存できなかったため、変更していません：{{reason}},,,Names the failed setting and says it has not changed; retain the reported reason.,product-glossary,high,"Settings note: the alert when the NSFW opt-in didn't save to your account, with the reason",apps/frontend/src/i18n/strings/stickerBoard.ts,222,"apps/frontend/src/i18n/strings/stickerBoard.ts:222
/Users/adoll/projects/drawing-app/apps/frontend/src/i18n/strings/stickerBoard.ts:222
/Users/adoll/projects/drawing-app/apps/frontend/src/sticker-board/stat-board/SettingsNote.tsx:250
/Users/adoll/projects/drawing-app/apps/frontend/src/i18n/glossary.md"
stickerBoard.settings.nsfw.show,stickerBoard,keep,none,Show 18+ stickers,18+のシールを表示する,,,Approved option label; do not replace 18+ without explicit product-vocabulary approval.,product-glossary,high,"Settings note: the NSFW opt-in's switch, off until you turn it on; on, 18+ stickers show unblurred and you can receive them",apps/frontend/src/i18n/strings/stickerBoard.ts,210,"apps/frontend/src/i18n/strings/stickerBoard.ts:210
/Users/adoll/projects/drawing-app/apps/frontend/src/i18n/strings/stickerBoard.ts:210
/Users/adoll/projects/drawing-app/apps/frontend/src/sticker-board/stat-board/SettingsNote.tsx:224
/Users/adoll/projects/drawing-app/apps/frontend/src/sticker-board/stat-board/SettingsNote.tsx:274
/Users/adoll/projects/drawing-app/apps/frontend/src/i18n/glossary.md"
stickerBoard.settings.nsfw.shown,stickerBoard,keep,none,18+ stickers now show unblurred.,18+のシールをぼかしなしで表示します。,,,Brief confirmation of the display change; does not claim ownership or receiving happened.,product-glossary,high,Settings note: the status line once Show 18+ stickers has been turned on and saved,apps/frontend/src/i18n/strings/stickerBoard.ts,212,"apps/frontend/src/i18n/strings/stickerBoard.ts:212
/Users/adoll/projects/drawing-app/apps/frontend/src/i18n/strings/stickerBoard.ts:212
/Users/adoll/projects/drawing-app/apps/frontend/src/sticker-board/stat-board/SettingsNote.tsx:224
/Users/adoll/projects/drawing-app/apps/frontend/src/i18n/glossary.md"
stickerBoard.settings.pencil.input.pencilAndFinger,stickerBoard,keep,none,Pencil and finger,ペンと指,,,Approved ペンと指 choice accurately describes the accepted drawing inputs.,product-glossary,high,"Settings note, Drawing group: the Input choice where fingers draw as well as the pen",apps/frontend/src/i18n/strings/stickerBoard.ts,320,"apps/frontend/src/i18n/strings/stickerBoard.ts:320
/Users/adoll/projects/drawing-app/apps/frontend/src/i18n/strings/stickerBoard.ts:320
/Users/adoll/projects/drawing-app/apps/frontend/src/sticker-board/stat-board/PencilSettings.tsx:25
/Users/adoll/projects/drawing-app/apps/frontend/src/i18n/glossary.md
https://help.procreate.com/jp/procreate/handbook/brushes/brush-studio-settings"
stickerBoard.settings.pencil.input.pencilOnly,stickerBoard,keep,none,Pencil only,ペンのみ,,,Approved ペンのみ choice distinguishes stylus drawing from finger navigation.,product-glossary,high,"Settings note, Drawing group: the Input choice where only the pen draws and fingers tap to undo and redo",apps/frontend/src/i18n/strings/stickerBoard.ts,318,"apps/frontend/src/i18n/strings/stickerBoard.ts:318
/Users/adoll/projects/drawing-app/apps/frontend/src/i18n/strings/stickerBoard.ts:318
/Users/adoll/projects/drawing-app/apps/frontend/src/sticker-board/stat-board/PencilSettings.tsx:25
/Users/adoll/projects/drawing-app/apps/frontend/src/i18n/glossary.md
https://help.procreate.com/jp/procreate/handbook/brushes/brush-studio-settings"
stickerBoard.settings.pencil.input.title,stickerBoard,keep,none,Input,入力,,,入力 groups the two input methods and is a familiar concise UI term.,product-glossary,high,"Settings note, Drawing group: the Input row's name, the input each new drawing starts in",apps/frontend/src/i18n/strings/stickerBoard.ts,316,"apps/frontend/src/i18n/strings/stickerBoard.ts:316
/Users/adoll/projects/drawing-app/apps/frontend/src/i18n/strings/stickerBoard.ts:316
/Users/adoll/projects/drawing-app/apps/frontend/src/sticker-board/stat-board/PencilSettings.tsx:28
/Users/adoll/projects/drawing-app/apps/frontend/src/i18n/glossary.md
https://help.procreate.com/jp/procreate/handbook/brushes/brush-studio-settings"
stickerBoard.settings.pencil.pressure.firm,stickerBoard,keep,none,Firm,強め,,,Approved 強め names a firmer pressure response; keep paired with its test strip.,product-glossary,high,"Settings note, Drawing group: the Pen pressure choice where full width takes more force",apps/frontend/src/i18n/strings/stickerBoard.ts,332,"apps/frontend/src/i18n/strings/stickerBoard.ts:332
/Users/adoll/projects/drawing-app/apps/frontend/src/i18n/strings/stickerBoard.ts:332
/Users/adoll/projects/drawing-app/apps/frontend/src/sticker-board/stat-board/PencilSettings.tsx:25
/Users/adoll/projects/drawing-app/apps/frontend/src/i18n/glossary.md
https://help.procreate.com/jp/procreate/handbook/brushes/brush-studio-settings"
stickerBoard.settings.pencil.pressure.light,stickerBoard,keep,none,Light,軽め,,,Approved 軽め names the lighter pressure response; avoids introducing a different strength concept.,product-glossary,high,"Settings note, Drawing group: the Pen pressure choice where a light touch already draws wide",apps/frontend/src/i18n/strings/stickerBoard.ts,328,"apps/frontend/src/i18n/strings/stickerBoard.ts:328
/Users/adoll/projects/drawing-app/apps/frontend/src/i18n/strings/stickerBoard.ts:328
/Users/adoll/projects/drawing-app/apps/frontend/src/sticker-board/stat-board/PencilSettings.tsx:25
/Users/adoll/projects/drawing-app/apps/frontend/src/i18n/glossary.md
https://help.procreate.com/jp/procreate/handbook/brushes/brush-studio-settings"
stickerBoard.settings.pencil.pressure.normal,stickerBoard,keep,none,Normal,ふつう,,,Approved ふつう preserves the plain-language voice.,product-glossary,high,"Settings note, Drawing group: the Pen pressure choice that's the usual curve, the default",apps/frontend/src/i18n/strings/stickerBoard.ts,330,"apps/frontend/src/i18n/strings/stickerBoard.ts:330
/Users/adoll/projects/drawing-app/apps/frontend/src/i18n/strings/stickerBoard.ts:330
/Users/adoll/projects/drawing-app/apps/frontend/src/sticker-board/stat-board/PencilSettings.tsx:25
/Users/adoll/projects/drawing-app/apps/frontend/src/i18n/glossary.md
https://help.procreate.com/jp/procreate/handbook/brushes/brush-studio-settings"
stickerBoard.settings.pencil.pressure.off,stickerBoard,keep,none,Off,オフ,,,"オフ is standard for disabling pressure response, supported by Japanese Procreate UI.",product-glossary,high,"Settings note, Drawing group: the Pen pressure choice where the pen draws the brush's own width",apps/frontend/src/i18n/strings/stickerBoard.ts,326,"apps/frontend/src/i18n/strings/stickerBoard.ts:326
/Users/adoll/projects/drawing-app/apps/frontend/src/i18n/strings/stickerBoard.ts:326
/Users/adoll/projects/drawing-app/apps/frontend/src/sticker-board/stat-board/PencilSettings.tsx:25
/Users/adoll/projects/drawing-app/apps/frontend/src/i18n/glossary.md
https://help.procreate.com/jp/procreate/handbook/brushes/brush-studio-settings"
stickerBoard.settings.pencil.pressure.title,stickerBoard,keep,none,Pen pressure,筆圧,,,筆圧 is the established Japanese drawing-app term and the approved glossary term.,product-glossary,high,"Settings note, Drawing group: the Pen pressure row's name",apps/frontend/src/i18n/strings/stickerBoard.ts,324,"apps/frontend/src/i18n/strings/stickerBoard.ts:324
/Users/adoll/projects/drawing-app/apps/frontend/src/i18n/strings/stickerBoard.ts:324
/Users/adoll/projects/drawing-app/apps/frontend/src/sticker-board/stat-board/PencilSettings.tsx:35
/Users/adoll/projects/drawing-app/apps/frontend/src/i18n/glossary.md
https://help.procreate.com/jp/procreate/handbook/brushes/brush-studio-settings"
stickerBoard.settings.pencil.pressure.tryIt,stickerBoard,keep,none,Try it,ためしがき,,,"Approved ためしがき labels an interactive test strip, useful without further instruction.",product-glossary,high,"Settings note, Drawing group: the small print on the strip of paper under Pen pressure, where the pen tries the chosen curve; hidden from screen readers",apps/frontend/src/i18n/strings/stickerBoard.ts,334,"apps/frontend/src/i18n/strings/stickerBoard.ts:334
/Users/adoll/projects/drawing-app/apps/frontend/src/i18n/strings/stickerBoard.ts:334
/Users/adoll/projects/drawing-app/apps/frontend/src/sticker-board/stat-board/TryPenPressure.tsx:148
/Users/adoll/projects/drawing-app/apps/frontend/src/i18n/glossary.md
https://help.procreate.com/jp/procreate/handbook/brushes/brush-studio-settings"
stickerBoard.settings.saving,stickerBoard,keep,none,Saving…,保存しています…,,,Necessary in-progress feedback shared by account settings; Japanese clearly avoids implying completion.,established-UI,high,"Settings note: the status line while a setting saves, which screen readers announce",apps/frontend/src/i18n/strings/stickerBoard.ts,180,"apps/frontend/src/i18n/strings/stickerBoard.ts:180
/Users/adoll/projects/drawing-app/apps/frontend/src/i18n/strings/stickerBoard.ts:180
/Users/adoll/projects/drawing-app/apps/frontend/src/sticker-board/stat-board/SettingsNote.tsx:212"
stickerBoard.settings.title,stickerBoard,keep,none,Settings,設定,,,設定 is a familiar section heading that makes the corkboard controls discoverable.,established-UI,high,"Your stat board: the title of the Settings note, the first paper under the stats on the cork, which peeks up from the cork's foot until it's scrolled into view",apps/frontend/src/i18n/strings/stickerBoard.ts,178,"apps/frontend/src/i18n/strings/stickerBoard.ts:178
/Users/adoll/projects/drawing-app/apps/frontend/src/i18n/strings/stickerBoard.ts:178
/Users/adoll/projects/drawing-app/apps/frontend/src/sticker-board/stat-board/SettingsNote.tsx:255
https://help.procreate.com/jp/procreate/handbook/brushes/brush-studio-settings"
stickerBoard.statBoard.bests.bestCombo,stickerBoard,keep,none,Best combo,最高コンボ,,,Approved 最高コンボ identifies the best hit count; no translation change needed.,product-glossary,high,"Stat board, Bests scrap: the Best combo row's label",apps/frontend/src/i18n/strings/stickerBoard.ts,62,"apps/frontend/src/i18n/strings/stickerBoard.ts:62
/Users/adoll/projects/drawing-app/apps/frontend/src/i18n/strings/stickerBoard.ts:62
/Users/adoll/projects/drawing-app/apps/frontend/src/sticker-board/stat-board/StatCork.tsx:276
/Users/adoll/projects/drawing-app/apps/frontend/src/i18n/glossary.md"
stickerBoard.statBoard.bests.bestDay,stickerBoard,rewrite,low,Best day,1日の最多感謝,Most gratitude in a day,,English Best day does not identify what was best; Japanese already says the metric explicitly.,product-glossary,high,"Stat board, Bests scrap: the label of the row for the most gratitude received in one day, before the heart and that figure",apps/frontend/src/i18n/strings/stickerBoard.ts,64,"apps/frontend/src/i18n/strings/stickerBoard.ts:64
/Users/adoll/projects/drawing-app/apps/frontend/src/i18n/strings/stickerBoard.ts:64
/Users/adoll/projects/drawing-app/apps/frontend/src/sticker-board/stat-board/StatCork.tsx:288
/Users/adoll/projects/drawing-app/apps/frontend/src/i18n/glossary.md"
stickerBoard.statBoard.bests.days_one,stickerBoard,intentional-fallback,none,{{days}} day,,,,English singular is necessary; missing Japanese is intentional because Japanese uses other.,product-glossary,high,"Stat board, Bests scrap: the Longest streak figure when it's one day; {{days}} is the count",apps/frontend/src/i18n/strings/stickerBoard.ts,58,"apps/frontend/src/i18n/strings/stickerBoard.ts:58
/Users/adoll/projects/drawing-app/apps/frontend/src/i18n/strings/stickerBoard.ts:58
/Users/adoll/projects/drawing-app/apps/frontend/src/sticker-board/stat-board/StatCork.tsx:266
/Users/adoll/projects/drawing-app/apps/frontend/src/i18n/glossary.md"
stickerBoard.statBoard.bests.days_other,stickerBoard,keep,none,{{days}} days,{{days}}日,,,Natural Japanese day counter; retains the count placeholder.,product-glossary,high,"Stat board, Bests scrap: the Longest streak figure, such as ""12 days""; {{days}} is the count",apps/frontend/src/i18n/strings/stickerBoard.ts,60,"apps/frontend/src/i18n/strings/stickerBoard.ts:60
/Users/adoll/projects/drawing-app/apps/frontend/src/i18n/strings/stickerBoard.ts:60
/Users/adoll/projects/drawing-app/apps/frontend/src/sticker-board/stat-board/StatCork.tsx:266
/Users/adoll/projects/drawing-app/apps/frontend/src/i18n/glossary.md"
stickerBoard.statBoard.bests.longestStreak,stickerBoard,keep,none,Longest streak,最長連続日数,,,Approved 最長連続日数 accurately names the longest sealed-sticker streak.,product-glossary,high,"Stat board, Bests scrap: the Longest streak row's label",apps/frontend/src/i18n/strings/stickerBoard.ts,56,"apps/frontend/src/i18n/strings/stickerBoard.ts:56
/Users/adoll/projects/drawing-app/apps/frontend/src/i18n/strings/stickerBoard.ts:56
/Users/adoll/projects/drawing-app/apps/frontend/src/sticker-board/stat-board/StatCork.tsx:261
/Users/adoll/projects/drawing-app/apps/frontend/src/i18n/glossary.md"
stickerBoard.statBoard.bests.noneYet,stickerBoard,keep,none,None yet,まだなし,,,A compact absence marker for individual best values; まだなし fits the informal record card.,product-glossary,high,"Stat board, Bests scrap: in place of a best that has no figure yet",apps/frontend/src/i18n/strings/stickerBoard.ts,66,"apps/frontend/src/i18n/strings/stickerBoard.ts:66
/Users/adoll/projects/drawing-app/apps/frontend/src/i18n/strings/stickerBoard.ts:66
/Users/adoll/projects/drawing-app/apps/frontend/src/sticker-board/stat-board/StatCork.tsx:271
/Users/adoll/projects/drawing-app/apps/frontend/src/sticker-board/stat-board/StatCork.tsx:283
/Users/adoll/projects/drawing-app/apps/frontend/src/i18n/glossary.md"
stickerBoard.statBoard.bests.title,stickerBoard,keep,none,Bests,自己ベスト,,,自己ベスト is a natural Japanese record heading and clearer than a literal plural translation.,product-glossary,high,Stat board: the heading of the Bests scrap,apps/frontend/src/i18n/strings/stickerBoard.ts,54,"apps/frontend/src/i18n/strings/stickerBoard.ts:54
/Users/adoll/projects/drawing-app/apps/frontend/src/i18n/strings/stickerBoard.ts:54
/Users/adoll/projects/drawing-app/apps/frontend/src/sticker-board/stat-board/StatCork.tsx:257
/Users/adoll/projects/drawing-app/apps/frontend/src/i18n/glossary.md"
stickerBoard.statBoard.didntLoadOwnBecause,stickerBoard,keep,none,Your stats didn’t load: {{reason}},記録を読み込めませんでした：{{reason}},,,Necessary stats-loading failure with reason; not an ordinary empty-state sentence.,product-glossary,high,"Your stat board, Gratitude receipt: in place of its rows when your User Stats fail to load, with the reason",apps/frontend/src/i18n/strings/stickerBoard.ts,83,"apps/frontend/src/i18n/strings/stickerBoard.ts:83
/Users/adoll/projects/drawing-app/apps/frontend/src/i18n/strings/stickerBoard.ts:83
/Users/adoll/projects/drawing-app/apps/frontend/src/sticker-board/stat-board/StatCork.tsx:225
/Users/adoll/projects/drawing-app/apps/frontend/src/i18n/glossary.md"
stickerBoard.statBoard.flipBack,stickerBoard,keep,none,Flip back,表に戻す,,,表に戻す describes the physical board flip and the destination accurately.,product-glossary,high,"Stat board: the Flip back button, which turns the board back over to its stickers",apps/frontend/src/i18n/strings/stickerBoard.ts,98,"apps/frontend/src/i18n/strings/stickerBoard.ts:98
/Users/adoll/projects/drawing-app/apps/frontend/src/i18n/strings/stickerBoard.ts:98
/Users/adoll/projects/drawing-app/apps/frontend/src/sticker-board/stat-board/StatCork.tsx:202
/Users/adoll/projects/drawing-app/apps/frontend/src/i18n/glossary.md"
stickerBoard.statBoard.gratitude.events.didntLoad,stickerBoard,rewrite,low,Your gratitude didn’t load: {{reason}},感謝を読み込めませんでした：{{reason}},Couldn’t load your gratitude history: {{reason}},感謝の内訳を読み込めませんでした：{{reason}},"The failure concerns event history, so simply 感謝 can sound as though already-earned gratitude vanished.",product-glossary,high,"Your gratitude events sheet: in place of the rows, or under them for older ones, when they didn't load, with the reason",apps/frontend/src/i18n/strings/stickerBoard.ts,46,"apps/frontend/src/i18n/strings/stickerBoard.ts:46
/Users/adoll/projects/drawing-app/apps/frontend/src/i18n/strings/stickerBoard.ts:46
/Users/adoll/projects/drawing-app/apps/frontend/src/sticker-board/stat-board/GratitudeEvents.tsx:87
/Users/adoll/projects/drawing-app/apps/frontend/src/i18n/glossary.md"
stickerBoard.statBoard.gratitude.events.loading,stickerBoard,rewrite,low,Loading your gratitude,感謝を読み込んでいます,Loading your gratitude history,感謝の内訳を読み込んでいます,"The loading status concerns a breakdown of earned gratitude, not creation of the points themselves.",product-glossary,high,Your gratitude events sheet: what screen readers hear while the rows load,apps/frontend/src/i18n/strings/stickerBoard.ts,44,"apps/frontend/src/i18n/strings/stickerBoard.ts:44
/Users/adoll/projects/drawing-app/apps/frontend/src/i18n/strings/stickerBoard.ts:44
/Users/adoll/projects/drawing-app/apps/frontend/src/sticker-board/stat-board/GratitudeEvents.tsx:110
/Users/adoll/projects/drawing-app/apps/frontend/src/i18n/glossary.md"
stickerBoard.statBoard.gratitude.events.more,stickerBoard,keep,none,Show more,もっと見る,,,"Concise pagination action, もっと見る is familiar and sufficient.",product-glossary,high,Your gratitude events sheet: the link under the rows that loads older ones,apps/frontend/src/i18n/strings/stickerBoard.ts,42,"apps/frontend/src/i18n/strings/stickerBoard.ts:42
/Users/adoll/projects/drawing-app/apps/frontend/src/i18n/strings/stickerBoard.ts:42
/Users/adoll/projects/drawing-app/apps/frontend/src/sticker-board/stat-board/GratitudeEvents.tsx:140
/Users/adoll/projects/drawing-app/apps/frontend/src/i18n/glossary.md"
stickerBoard.statBoard.gratitude.events.open,stickerBoard,shorten,low,See where it came from,内訳を見る,View breakdown,,Japanese 内訳を見る is precise; the English question-like sentence can match that brevity.,product-glossary,high,"Your stat board, Gratitude receipt: the quiet link under the total that opens your gratitude events",apps/frontend/src/i18n/strings/stickerBoard.ts,38,"apps/frontend/src/i18n/strings/stickerBoard.ts:38
/Users/adoll/projects/drawing-app/apps/frontend/src/i18n/strings/stickerBoard.ts:38
/Users/adoll/projects/drawing-app/apps/frontend/src/sticker-board/stat-board/StatCork.tsx:245
/Users/adoll/projects/drawing-app/apps/frontend/src/i18n/glossary.md"
stickerBoard.statBoard.gratitude.events.residual,stickerBoard,keep,none,Residual,作者として,,,Approved 作者として avoids monetization terminology and explains the capacity in which gratitude arrived.,product-glossary,high,"Your gratitude events sheet: the mark on a row that's your Original Artist Gratitude Share, from a sticker you drew that someone else gave",apps/frontend/src/i18n/strings/stickerBoard.ts,40,"apps/frontend/src/i18n/strings/stickerBoard.ts:40
/Users/adoll/projects/drawing-app/apps/frontend/src/i18n/strings/stickerBoard.ts:40
/Users/adoll/projects/drawing-app/apps/frontend/src/sticker-board/stat-board/GratitudeEvents.tsx:40
/Users/adoll/projects/drawing-app/apps/frontend/src/i18n/glossary.md"
stickerBoard.statBoard.gratitude.noneYet,stickerBoard,shorten,medium,No gratitude yet. It arrives when someone sends gratitude for a sticker they gave them.,まだ感謝はありません。贈ったシールに相手が感謝を送ると、ここに届きます。,No gratitude received yet.,まだ感謝を受け取っていません。,"The explanation is long on another person's board and implies gratitude arrives only through their gifts, omitting Original Artist Gratitude Share.",product-glossary,high,"Someone else's stat board, Gratitude receipt: in place of the total before they've received any gratitude",apps/frontend/src/i18n/strings/stickerBoard.ts,31,"apps/frontend/src/i18n/strings/stickerBoard.ts:31
/Users/adoll/projects/drawing-app/apps/frontend/src/i18n/strings/stickerBoard.ts:31
/Users/adoll/projects/drawing-app/apps/frontend/src/sticker-board/stat-board/StatCork.tsx:235
/Users/adoll/projects/drawing-app/apps/frontend/src/sticker-board/stat-board/StatCork.tsx:236
/Users/adoll/projects/drawing-app/apps/frontend/src/i18n/glossary.md"
stickerBoard.statBoard.gratitude.noneYetOwn,stickerBoard,shorten,medium,No gratitude yet. It arrives when someone you give a sticker to sends you some for it.,まだ感謝はありません。シールを贈った相手が感謝を送ると、ここに届きます。,No gratitude received yet.,まだ感謝を受け取っていません。,The explanatory clause is useful to a new user but incorrectly presents direct gifting as the only route; shorten to an accurate empty state.,product-glossary,high,"Your stat board, Gratitude receipt: in place of the total before you've received any gratitude",apps/frontend/src/i18n/strings/stickerBoard.ts,26,"apps/frontend/src/i18n/strings/stickerBoard.ts:26
/Users/adoll/projects/drawing-app/apps/frontend/src/i18n/strings/stickerBoard.ts:26
/Users/adoll/projects/drawing-app/apps/frontend/src/sticker-board/stat-board/StatCork.tsx:235
/Users/adoll/projects/drawing-app/apps/frontend/src/i18n/glossary.md"
stickerBoard.statBoard.gratitude.title,stickerBoard,keep,none,Gratitude received,受け取った感謝,,,受け取った感謝 is the approved metric and distinguishes receipt from gratitude sent.,product-glossary,high,"Stat board: the heading of the Gratitude receipt, the paper under the pink pushpin",apps/frontend/src/i18n/strings/stickerBoard.ts,24,"apps/frontend/src/i18n/strings/stickerBoard.ts:24
/Users/adoll/projects/drawing-app/apps/frontend/src/i18n/strings/stickerBoard.ts:24
/Users/adoll/projects/drawing-app/apps/frontend/src/sticker-board/stat-board/StatCork.tsx:220
/Users/adoll/projects/drawing-app/apps/frontend/src/sticker-board/stat-board/GratitudeEvents.tsx:65
/Users/adoll/projects/drawing-app/apps/frontend/src/i18n/glossary.md"
stickerBoard.statBoard.label,stickerBoard,keep,none,{{name}}’s stats,{{name}}さんの記録,,,Accessible dialog title identifies whose records are being viewed.,product-glossary,high,"Stat board (the back of a sticker board, yours or someone else's): screen readers' name for the dialog; {{name}} is the board owner's LINE name",apps/frontend/src/i18n/strings/stickerBoard.ts,7,"apps/frontend/src/i18n/strings/stickerBoard.ts:7
/Users/adoll/projects/drawing-app/apps/frontend/src/i18n/strings/stickerBoard.ts:7
/Users/adoll/projects/drawing-app/apps/frontend/src/sticker-board/stat-board/StatCork.tsx:180
/Users/adoll/projects/drawing-app/apps/frontend/src/i18n/glossary.md"
stickerBoard.statBoard.loadingOwn,stickerBoard,keep,none,Loading your stats,あなたの記録を読み込んでいます,,,Natural loading status; あなたの is optional but not a substantial burden in hidden spoken copy.,product-glossary,high,"Your stat board, while your User Stats load: the one line screen readers hear, in place of the figures",apps/frontend/src/i18n/strings/stickerBoard.ts,9,"apps/frontend/src/i18n/strings/stickerBoard.ts:9
/Users/adoll/projects/drawing-app/apps/frontend/src/i18n/strings/stickerBoard.ts:9
/Users/adoll/projects/drawing-app/apps/frontend/src/sticker-board/stat-board/StatCork.tsx:188
/Users/adoll/projects/drawing-app/apps/frontend/src/i18n/glossary.md"
stickerBoard.statBoard.loadingTheirs,stickerBoard,keep,none,Loading {{name}}’s stats,{{name}}さんの記録を読み込んでいます,,,Keeps the owner explicit during asynchronous loading; appropriate for assistive technology.,product-glossary,high,"Someone else's stat board, while their User Stats load: the one line screen readers hear, in place of the figures",apps/frontend/src/i18n/strings/stickerBoard.ts,11,"apps/frontend/src/i18n/strings/stickerBoard.ts:11
/Users/adoll/projects/drawing-app/apps/frontend/src/i18n/strings/stickerBoard.ts:11
/Users/adoll/projects/drawing-app/apps/frontend/src/sticker-board/stat-board/StatCork.tsx:189
/Users/adoll/projects/drawing-app/apps/frontend/src/i18n/glossary.md"
stickerBoard.statBoard.logOut,stickerBoard,rewrite,medium,Log out of LINE,LINEからログアウト,Log out,ログアウト,"The visible wording implies leaving the LINE app, while this control ends Croquis and LIFF login sessions in a browser.",product-glossary,high,"Your stat board, opened outside LINE's app: the button after Flip back, at the top left, that logs out of LINE",apps/frontend/src/i18n/strings/stickerBoard.ts,100,"apps/frontend/src/i18n/strings/stickerBoard.ts:100
/Users/adoll/projects/drawing-app/apps/frontend/src/i18n/strings/stickerBoard.ts:100
/Users/adoll/projects/drawing-app/apps/frontend/src/sticker-board/stat-board/StatBoard.tsx:94
/Users/adoll/projects/drawing-app/apps/frontend/src/i18n/glossary.md
https://help.line.me/line/?contentId=50001182&lang=ja"
stickerBoard.statBoard.notKnown.mark,stickerBoard,keep,none,–,–,,,Intentional visual dash when the value is unavailable; not an untranslated phrase.,product-glossary,high,Stat board: the dash in place of a figure whose data didn't load (hidden from screen readers),apps/frontend/src/i18n/strings/stickerBoard.ts,18,"apps/frontend/src/i18n/strings/stickerBoard.ts:18
/Users/adoll/projects/drawing-app/apps/frontend/src/i18n/strings/stickerBoard.ts:18
/Users/adoll/projects/drawing-app/apps/frontend/src/sticker-board/stat-board/StatCork.tsx:78
/Users/adoll/projects/drawing-app/apps/frontend/src/i18n/glossary.md"
stickerBoard.statBoard.notKnown.spoken,stickerBoard,keep,none,not known,不明,,,不明 makes the visual dash meaningful to screen readers; retain.,product-glossary,high,Stat board: what screen readers say in place of a figure whose data didn't load,apps/frontend/src/i18n/strings/stickerBoard.ts,20,"apps/frontend/src/i18n/strings/stickerBoard.ts:20
/Users/adoll/projects/drawing-app/apps/frontend/src/i18n/strings/stickerBoard.ts:20
/Users/adoll/projects/drawing-app/apps/frontend/src/sticker-board/stat-board/StatCork.tsx:79
/Users/adoll/projects/drawing-app/apps/frontend/src/i18n/glossary.md"
stickerBoard.statBoard.since,stickerBoard,keep,none,Since {{day}},{{day}}から,,,Short date tape fits the physical record treatment; the spoken equivalent supplies the full meaning.,product-glossary,high,"Stat board: the label-maker tape with the day they joined, such as ""Since 2026.09.01"" (hidden from screen readers)",apps/frontend/src/i18n/strings/stickerBoard.ts,69,"apps/frontend/src/i18n/strings/stickerBoard.ts:69
/Users/adoll/projects/drawing-app/apps/frontend/src/i18n/strings/stickerBoard.ts:69
/Users/adoll/projects/drawing-app/apps/frontend/src/sticker-board/stat-board/StatCork.tsx:310
/Users/adoll/projects/drawing-app/apps/frontend/src/sticker-board/stat-board/StatCork.tsx:313
/Users/adoll/projects/drawing-app/apps/frontend/src/i18n/glossary.md"
stickerBoard.statBoard.sinceSpoken,stickerBoard,keep,none,On the app since {{day}},{{day}}からクロッキーを使っています,,,Makes the joined date understandable to screen readers; the app name follows the glossary.,product-glossary,high,Stat board: what screen readers say for the label-maker tape with the day they joined,apps/frontend/src/i18n/strings/stickerBoard.ts,71,"apps/frontend/src/i18n/strings/stickerBoard.ts:71
/Users/adoll/projects/drawing-app/apps/frontend/src/i18n/strings/stickerBoard.ts:71
/Users/adoll/projects/drawing-app/apps/frontend/src/sticker-board/stat-board/StatCork.tsx:310
/Users/adoll/projects/drawing-app/apps/frontend/src/i18n/glossary.md"
stickerBoard.statBoard.stamps.given,stickerBoard,keep,none,given,贈った,,,Short verb labels the count of gifted stickers; natural Japanese.,product-glossary,high,Stat board: the word under the count on the stamp for stickers given,apps/frontend/src/i18n/strings/stickerBoard.ts,95,"apps/frontend/src/i18n/strings/stickerBoard.ts:95
/Users/adoll/projects/drawing-app/apps/frontend/src/i18n/strings/stickerBoard.ts:95
/Users/adoll/projects/drawing-app/apps/frontend/src/sticker-board/stat-board/StatCork.tsx:175
/Users/adoll/projects/drawing-app/apps/frontend/src/i18n/glossary.md"
stickerBoard.statBoard.stamps.label,stickerBoard,keep,none,Stickers,シール,,,Accessible group name explains what the three counts measure.,product-glossary,high,"Stat board: screen readers' name for the three stamps that count stickers made, received and given",apps/frontend/src/i18n/strings/stickerBoard.ts,89,"apps/frontend/src/i18n/strings/stickerBoard.ts:89
/Users/adoll/projects/drawing-app/apps/frontend/src/i18n/strings/stickerBoard.ts:89
/Users/adoll/projects/drawing-app/apps/frontend/src/sticker-board/stat-board/StatCork.tsx:356
/Users/adoll/projects/drawing-app/apps/frontend/src/i18n/glossary.md"
stickerBoard.statBoard.stamps.made,stickerBoard,keep,none,made,つくった,,,つくった is an accessible colloquial action for the sticker count and matches the app voice.,product-glossary,high,Stat board: the word under the count on the stamp for stickers made,apps/frontend/src/i18n/strings/stickerBoard.ts,91,"apps/frontend/src/i18n/strings/stickerBoard.ts:91
/Users/adoll/projects/drawing-app/apps/frontend/src/i18n/strings/stickerBoard.ts:91
/Users/adoll/projects/drawing-app/apps/frontend/src/sticker-board/stat-board/StatCork.tsx:175
/Users/adoll/projects/drawing-app/apps/frontend/src/i18n/glossary.md"
stickerBoard.statBoard.stamps.received,stickerBoard,keep,none,received,受け取った,,,Approved receiving verb correctly labels the count.,product-glossary,high,Stat board: the word under the count on the stamp for stickers received,apps/frontend/src/i18n/strings/stickerBoard.ts,93,"apps/frontend/src/i18n/strings/stickerBoard.ts:93
/Users/adoll/projects/drawing-app/apps/frontend/src/i18n/strings/stickerBoard.ts:93
/Users/adoll/projects/drawing-app/apps/frontend/src/sticker-board/stat-board/StatCork.tsx:175
/Users/adoll/projects/drawing-app/apps/frontend/src/i18n/glossary.md"
stickerBoard.statBoard.streak.days_one,stickerBoard,intentional-fallback,none,day,,,,English unit needs a singular; Japanese intentionally uses the other form.,product-glossary,high,"Stat board, Streak leaf: the word under the day count when it's 1",apps/frontend/src/i18n/strings/stickerBoard.ts,76,"apps/frontend/src/i18n/strings/stickerBoard.ts:76
/Users/adoll/projects/drawing-app/apps/frontend/src/i18n/strings/stickerBoard.ts:76
/Users/adoll/projects/drawing-app/apps/frontend/src/sticker-board/stat-board/StatCork.tsx:340
/Users/adoll/projects/drawing-app/apps/frontend/src/i18n/glossary.md"
stickerBoard.statBoard.streak.days_other,stickerBoard,keep,none,days,日,,,"The number is separately rendered, so the Japanese unit alone is correct.",product-glossary,high,"Stat board, Streak leaf: the word under the day count, such as ""12"" over ""days""",apps/frontend/src/i18n/strings/stickerBoard.ts,78,"apps/frontend/src/i18n/strings/stickerBoard.ts:78
/Users/adoll/projects/drawing-app/apps/frontend/src/i18n/strings/stickerBoard.ts:78
/Users/adoll/projects/drawing-app/apps/frontend/src/sticker-board/stat-board/StatCork.tsx:340
/Users/adoll/projects/drawing-app/apps/frontend/src/i18n/glossary.md"
stickerBoard.statBoard.streak.notStarted,stickerBoard,rewrite,low,Not started,まだこれから,No current streak,連続記録なし,A broken streak can also be zero; Not started and まだこれから can suggest the person has never started.,product-glossary,high,"Stat board, Streak leaf: in place of the day count while there's no streak",apps/frontend/src/i18n/strings/stickerBoard.ts,80,"apps/frontend/src/i18n/strings/stickerBoard.ts:80
/Users/adoll/projects/drawing-app/apps/frontend/src/i18n/strings/stickerBoard.ts:80
/Users/adoll/projects/drawing-app/apps/frontend/src/sticker-board/stat-board/StatCork.tsx:347
/Users/adoll/projects/drawing-app/apps/frontend/src/i18n/glossary.md"
stickerBoard.statBoard.streak.title,stickerBoard,keep,none,Streak,連続日数,,,Approved 連続日数 metric; keep its identity consistent with 最長連続日数.,product-glossary,high,"Stat board: the heading of the Streak leaf, over the day count",apps/frontend/src/i18n/strings/stickerBoard.ts,74,"apps/frontend/src/i18n/strings/stickerBoard.ts:74
/Users/adoll/projects/drawing-app/apps/frontend/src/i18n/strings/stickerBoard.ts:74
/Users/adoll/projects/drawing-app/apps/frontend/src/sticker-board/stat-board/StatCork.tsx:328
/Users/adoll/projects/drawing-app/apps/frontend/src/i18n/glossary.md"
stickerBoard.timelapse.done,stickerBoard,keep,none,Done,再生が終わりました,,,"A playback completion announcement, not a Done button; Japanese makes that distinction explicit.",established-UI,high,Sticker detail: read out when the timelapse ends,apps/frontend/src/i18n/strings/stickerBoard.ts,746,"apps/frontend/src/i18n/strings/stickerBoard.ts:746
/Users/adoll/projects/drawing-app/apps/frontend/src/i18n/strings/stickerBoard.ts:746
/Users/adoll/projects/drawing-app/apps/frontend/src/sticker-board/timelapse/TimelapseButton.tsx:76
https://help.clip-studio.com/ja-jp/"
stickerBoard.timelapse.failed,stickerBoard,keep,none,Couldn’t load the timelapse: {{reason}},タイムラプスを読み込めませんでした：{{reason}},,,Names the failed playback data and preserves the reason.,established-UI,high,"Sticker detail: the alert under the fine print when the timelapse fails to load or play, before Try again",apps/frontend/src/i18n/strings/stickerBoard.ts,748,"apps/frontend/src/i18n/strings/stickerBoard.ts:748
/Users/adoll/projects/drawing-app/apps/frontend/src/i18n/strings/stickerBoard.ts:748
/Users/adoll/projects/drawing-app/apps/frontend/src/sticker-board/timelapse/TimelapseButton.tsx:93
https://help.clip-studio.com/ja-jp/"
stickerBoard.timelapse.loading,stickerBoard,keep,none,Loading…,読み込み中…,,,Compact loading status near the Timelapse control; Japanese 読み込み中 is conventional.,established-UI,high,Sticker detail: the Timelapse button while the timelapse loads,apps/frontend/src/i18n/strings/stickerBoard.ts,731,"apps/frontend/src/i18n/strings/stickerBoard.ts:731
/Users/adoll/projects/drawing-app/apps/frontend/src/i18n/strings/stickerBoard.ts:731
/Users/adoll/projects/drawing-app/apps/frontend/src/sticker-board/timelapse/TimelapseButton.tsx:40
https://help.clip-studio.com/ja-jp/"
stickerBoard.timelapse.notPlayed,stickerBoard,rewrite,low,It couldn’t play here.,この端末では再生できませんでした。,The timelapse couldn’t play.,タイムラプスを再生できませんでした。,The fallback playback failure is persistent and distinct from download failure; retain but avoid claiming device-wide impossibility.,established-UI,high,Sticker detail: the timelapse alert's reason when this phone couldn't play it; the player's own English words follow as details for a report,apps/frontend/src/i18n/strings/stickerBoard.ts,753,"apps/frontend/src/i18n/strings/stickerBoard.ts:753
/Users/adoll/projects/drawing-app/apps/frontend/src/i18n/strings/stickerBoard.ts:753
/Users/adoll/projects/drawing-app/apps/frontend/src/sticker-board/timelapse/TimelapseButton.tsx:90"
stickerBoard.timelapse.playing,stickerBoard,keep,none,Playing how {{no}} was drawn,{{no}}をかいた様子を再生しています,,,Describes whose drawing process is playing; useful hidden announcement.,established-UI,high,Sticker detail: read out as the timelapse starts; {{no}} is the sticker's number,apps/frontend/src/i18n/strings/stickerBoard.ts,744,"apps/frontend/src/i18n/strings/stickerBoard.ts:744
/Users/adoll/projects/drawing-app/apps/frontend/src/i18n/strings/stickerBoard.ts:744
/Users/adoll/projects/drawing-app/apps/frontend/src/sticker-board/timelapse/TimelapseButton.tsx:74
https://help.clip-studio.com/ja-jp/"
stickerBoard.timelapse.preparing,stickerBoard,keep,none,Preparing…,準備中…,,,"A distinct preparation state before playing, so it should not be removed as repeated Loading.",established-UI,high,Sticker detail: the Timelapse button while it gets the timelapse's fills ready,apps/frontend/src/i18n/strings/stickerBoard.ts,733,"apps/frontend/src/i18n/strings/stickerBoard.ts:733
/Users/adoll/projects/drawing-app/apps/frontend/src/i18n/strings/stickerBoard.ts:733
/Users/adoll/projects/drawing-app/apps/frontend/src/sticker-board/timelapse/TimelapseButton.tsx:41
https://help.clip-studio.com/ja-jp/"
stickerBoard.timelapse.skip,stickerBoard,keep,none,Skip,スキップ,,,Short visible playback action with a fuller accessible name.,established-UI,high,Sticker detail: the Timelapse button while the timelapse plays; a tap shows the finished sticker at once,apps/frontend/src/i18n/strings/stickerBoard.ts,735,"apps/frontend/src/i18n/strings/stickerBoard.ts:735
/Users/adoll/projects/drawing-app/apps/frontend/src/i18n/strings/stickerBoard.ts:735
/Users/adoll/projects/drawing-app/apps/frontend/src/sticker-board/timelapse/TimelapseButton.tsx:42
/Users/adoll/projects/drawing-app/apps/frontend/src/sticker-board/timelapse/TimelapseButton.tsx:48
https://help.clip-studio.com/ja-jp/"
stickerBoard.timelapse.skipLabel,stickerBoard,keep,none,Skip to the end,最後までスキップ,,,Explains that Skip advances to the end; important to distinguish skipping this sticker entirely.,established-UI,high,Sticker detail: screen readers' name for Skip while the timelapse plays,apps/frontend/src/i18n/strings/stickerBoard.ts,742,"apps/frontend/src/i18n/strings/stickerBoard.ts:742
/Users/adoll/projects/drawing-app/apps/frontend/src/i18n/strings/stickerBoard.ts:742
/Users/adoll/projects/drawing-app/apps/frontend/src/sticker-board/timelapse/TimelapseButton.tsx:48
https://help.clip-studio.com/ja-jp/"
stickerBoard.timelapse.watch,stickerBoard,keep,none,Timelapse,タイムラプス,,,タイムラプス is established drawing-app terminology and approved vocabulary.,established-UI,high,"Sticker detail: the Timelapse button at the end of the fine print, which plays how the sticker was drawn",apps/frontend/src/i18n/strings/stickerBoard.ts,729,"apps/frontend/src/i18n/strings/stickerBoard.ts:729
/Users/adoll/projects/drawing-app/apps/frontend/src/i18n/strings/stickerBoard.ts:729
/Users/adoll/projects/drawing-app/apps/frontend/src/sticker-board/timelapse/TimelapseButton.tsx:39
/Users/adoll/projects/drawing-app/apps/frontend/src/sticker-board/timelapse/TimelapseButton.tsx:49
https://help.clip-studio.com/ja-jp/"
stickerBoard.timelapse.watchLabel,stickerBoard,keep,none,Timelapse: watch {{no}} being drawn,タイムラプス：{{no}}をかく様子を見る,,,Includes the sticker number for the playback action's accessible name.,established-UI,high,"Sticker detail: screen readers' name for the Timelapse button; {{no}} is the sticker's number, such as ""No.0012""",apps/frontend/src/i18n/strings/stickerBoard.ts,737,"apps/frontend/src/i18n/strings/stickerBoard.ts:737
/Users/adoll/projects/drawing-app/apps/frontend/src/i18n/strings/stickerBoard.ts:737
/Users/adoll/projects/drawing-app/apps/frontend/src/sticker-board/timelapse/TimelapseButton.tsx:49
https://help.clip-studio.com/ja-jp/"
stickerBoard.toolbar.arrange.bigger,stickerBoard,keep,none,Bigger,大きくする,,,Plain-language size action is clear; Japanese 大きくする is appropriate for a sticker object.,established-UI,high,"Your sticker board, a sticker selected: the arrange button that makes it a step bigger",apps/frontend/src/i18n/strings/stickerBoard.ts,475,"apps/frontend/src/i18n/strings/stickerBoard.ts:475
/Users/adoll/projects/drawing-app/apps/frontend/src/i18n/strings/stickerBoard.ts:475
/Users/adoll/projects/drawing-app/apps/frontend/src/sticker-board/StickerToolbar.tsx:148
https://help.procreate.com/jp/procreate/handbook/interface-gestures/gestures"
stickerBoard.toolbar.arrange.down,stickerBoard,keep,none,Move down,下へ動かす,,,Clearly identifies movement downward rather than layering behind other stickers.,established-UI,high,"Your sticker board, a sticker selected: the arrange button that moves it a step down",apps/frontend/src/i18n/strings/stickerBoard.ts,471,"apps/frontend/src/i18n/strings/stickerBoard.ts:471
/Users/adoll/projects/drawing-app/apps/frontend/src/i18n/strings/stickerBoard.ts:471
/Users/adoll/projects/drawing-app/apps/frontend/src/sticker-board/StickerToolbar.tsx:148
https://help.procreate.com/jp/procreate/handbook/interface-gestures/gestures"
stickerBoard.toolbar.arrange.label,stickerBoard,keep,none,Arrange,配置を変える,,,配置を変える explains this group without borrowing an ambiguous technical transform term.,established-UI,high,"Your sticker board, a sticker selected: the toolbar's Arrange tile, which shows or hides the step tiles, and screen readers' name for their group",apps/frontend/src/i18n/strings/stickerBoard.ts,463,"apps/frontend/src/i18n/strings/stickerBoard.ts:463
/Users/adoll/projects/drawing-app/apps/frontend/src/i18n/strings/stickerBoard.ts:463
/Users/adoll/projects/drawing-app/apps/frontend/src/sticker-board/StickerToolbar.tsx:174
/Users/adoll/projects/drawing-app/apps/frontend/src/sticker-board/StickerToolbar.tsx:189
https://help.procreate.com/jp/procreate/handbook/interface-gestures/gestures"
stickerBoard.toolbar.arrange.left,stickerBoard,keep,none,Move left,左へ動かす,,,Clear leftward position action.,established-UI,high,"Your sticker board, a sticker selected: the arrange button that moves it a step to the left",apps/frontend/src/i18n/strings/stickerBoard.ts,465,"apps/frontend/src/i18n/strings/stickerBoard.ts:465
/Users/adoll/projects/drawing-app/apps/frontend/src/i18n/strings/stickerBoard.ts:465
/Users/adoll/projects/drawing-app/apps/frontend/src/sticker-board/StickerToolbar.tsx:148
https://help.procreate.com/jp/procreate/handbook/interface-gestures/gestures"
stickerBoard.toolbar.arrange.moved.bigger,stickerBoard,keep,none,Made bigger,大きくしました,,,Announces completed scaling that a screen reader cannot otherwise see.,established-UI,high,"Your sticker board, a sticker selected: read out once its steps settle, the last having made it bigger",apps/frontend/src/i18n/strings/stickerBoard.ts,493,"apps/frontend/src/i18n/strings/stickerBoard.ts:493
/Users/adoll/projects/drawing-app/apps/frontend/src/i18n/strings/stickerBoard.ts:493
/Users/adoll/projects/drawing-app/apps/frontend/src/sticker-board/StickerToolbar.tsx:148
https://help.procreate.com/jp/procreate/handbook/interface-gestures/gestures"
stickerBoard.toolbar.arrange.moved.down,stickerBoard,keep,none,Moved down,下へ動かしました,,,Announces completed downward movement; retain as functional feedback.,established-UI,high,"Your sticker board, a sticker selected: read out once its steps settle, the last having moved it down",apps/frontend/src/i18n/strings/stickerBoard.ts,489,"apps/frontend/src/i18n/strings/stickerBoard.ts:489
/Users/adoll/projects/drawing-app/apps/frontend/src/i18n/strings/stickerBoard.ts:489
/Users/adoll/projects/drawing-app/apps/frontend/src/sticker-board/StickerToolbar.tsx:148
https://help.procreate.com/jp/procreate/handbook/interface-gestures/gestures"
stickerBoard.toolbar.arrange.moved.left,stickerBoard,keep,none,Moved left,左へ動かしました,,,Announces completed leftward movement; concise Japanese.,established-UI,high,"Your sticker board, a sticker selected: read out once its steps settle, the last having moved it left",apps/frontend/src/i18n/strings/stickerBoard.ts,483,"apps/frontend/src/i18n/strings/stickerBoard.ts:483
/Users/adoll/projects/drawing-app/apps/frontend/src/i18n/strings/stickerBoard.ts:483
/Users/adoll/projects/drawing-app/apps/frontend/src/sticker-board/StickerToolbar.tsx:148
https://help.procreate.com/jp/procreate/handbook/interface-gestures/gestures"
stickerBoard.toolbar.arrange.moved.right,stickerBoard,keep,none,Moved right,右へ動かしました,,,Announces completed rightward movement; concise Japanese.,established-UI,high,"Your sticker board, a sticker selected: read out once its steps settle, the last having moved it right",apps/frontend/src/i18n/strings/stickerBoard.ts,485,"apps/frontend/src/i18n/strings/stickerBoard.ts:485
/Users/adoll/projects/drawing-app/apps/frontend/src/i18n/strings/stickerBoard.ts:485
/Users/adoll/projects/drawing-app/apps/frontend/src/sticker-board/StickerToolbar.tsx:148
https://help.procreate.com/jp/procreate/handbook/interface-gestures/gestures"
stickerBoard.toolbar.arrange.moved.smaller,stickerBoard,keep,none,Made smaller,小さくしました,,,Confirms reduced sticker size for assistive technology.,established-UI,high,"Your sticker board, a sticker selected: read out once its steps settle, the last having made it smaller",apps/frontend/src/i18n/strings/stickerBoard.ts,491,"apps/frontend/src/i18n/strings/stickerBoard.ts:491
/Users/adoll/projects/drawing-app/apps/frontend/src/i18n/strings/stickerBoard.ts:491
/Users/adoll/projects/drawing-app/apps/frontend/src/sticker-board/StickerToolbar.tsx:148
https://help.procreate.com/jp/procreate/handbook/interface-gestures/gestures"
stickerBoard.toolbar.arrange.moved.turnLeft,stickerBoard,keep,none,Turned left,左に回しました,,,"Confirms left rotation, distinct from leftward translation.",established-UI,high,"Your sticker board, a sticker selected: read out once its steps settle, the last having turned it counterclockwise",apps/frontend/src/i18n/strings/stickerBoard.ts,495,"apps/frontend/src/i18n/strings/stickerBoard.ts:495
/Users/adoll/projects/drawing-app/apps/frontend/src/i18n/strings/stickerBoard.ts:495
/Users/adoll/projects/drawing-app/apps/frontend/src/sticker-board/StickerToolbar.tsx:148
https://help.procreate.com/jp/procreate/handbook/interface-gestures/gestures"
stickerBoard.toolbar.arrange.moved.turnRight,stickerBoard,keep,none,Turned right,右に回しました,,,"Confirms right rotation, distinct from rightward translation.",established-UI,high,"Your sticker board, a sticker selected: read out once its steps settle, the last having turned it clockwise",apps/frontend/src/i18n/strings/stickerBoard.ts,497,"apps/frontend/src/i18n/strings/stickerBoard.ts:497
/Users/adoll/projects/drawing-app/apps/frontend/src/i18n/strings/stickerBoard.ts:497
/Users/adoll/projects/drawing-app/apps/frontend/src/sticker-board/StickerToolbar.tsx:148
https://help.procreate.com/jp/procreate/handbook/interface-gestures/gestures"
stickerBoard.toolbar.arrange.moved.up,stickerBoard,keep,none,Moved up,上へ動かしました,,,Confirms upward position change; no unnecessary visible sentence.,established-UI,high,"Your sticker board, a sticker selected: read out once its steps settle, the last having moved it up",apps/frontend/src/i18n/strings/stickerBoard.ts,487,"apps/frontend/src/i18n/strings/stickerBoard.ts:487
/Users/adoll/projects/drawing-app/apps/frontend/src/i18n/strings/stickerBoard.ts:487
/Users/adoll/projects/drawing-app/apps/frontend/src/sticker-board/StickerToolbar.tsx:148
https://help.procreate.com/jp/procreate/handbook/interface-gestures/gestures"
stickerBoard.toolbar.arrange.right,stickerBoard,keep,none,Move right,右へ動かす,,,Clearly identifies rightward movement.,established-UI,high,"Your sticker board, a sticker selected: the arrange button that moves it a step to the right",apps/frontend/src/i18n/strings/stickerBoard.ts,467,"apps/frontend/src/i18n/strings/stickerBoard.ts:467
/Users/adoll/projects/drawing-app/apps/frontend/src/i18n/strings/stickerBoard.ts:467
/Users/adoll/projects/drawing-app/apps/frontend/src/sticker-board/StickerToolbar.tsx:148
https://help.procreate.com/jp/procreate/handbook/interface-gestures/gestures"
stickerBoard.toolbar.arrange.smaller,stickerBoard,keep,none,Smaller,小さくする,,,Names the size decrease in plain Japanese.,established-UI,high,"Your sticker board, a sticker selected: the arrange button that makes it a step smaller",apps/frontend/src/i18n/strings/stickerBoard.ts,473,"apps/frontend/src/i18n/strings/stickerBoard.ts:473
/Users/adoll/projects/drawing-app/apps/frontend/src/i18n/strings/stickerBoard.ts:473
/Users/adoll/projects/drawing-app/apps/frontend/src/sticker-board/StickerToolbar.tsx:148
https://help.procreate.com/jp/procreate/handbook/interface-gestures/gestures"
stickerBoard.toolbar.arrange.stopped.bigger,stickerBoard,keep,none,It's as big as it goes,これ以上大きくできません,,,Explains why a size action has no effect at its upper limit.,established-UI,high,"Your sticker board, a sticker selected: read out once its steps settle, the last having met the biggest a sticker goes",apps/frontend/src/i18n/strings/stickerBoard.ts,512,"apps/frontend/src/i18n/strings/stickerBoard.ts:512
/Users/adoll/projects/drawing-app/apps/frontend/src/i18n/strings/stickerBoard.ts:512
/Users/adoll/projects/drawing-app/apps/frontend/src/sticker-board/StickerToolbar.tsx:148
https://help.procreate.com/jp/procreate/handbook/interface-gestures/gestures"
stickerBoard.toolbar.arrange.stopped.down,stickerBoard,keep,none,It's at the bottom edge,下端です,,,"Boundary feedback is useful, but 下端です alone can be terse for a spoken status.",established-UI,high,"Your sticker board, a sticker selected: read out once its steps settle, the last having met the board's bottom edge",apps/frontend/src/i18n/strings/stickerBoard.ts,508,"apps/frontend/src/i18n/strings/stickerBoard.ts:508
/Users/adoll/projects/drawing-app/apps/frontend/src/i18n/strings/stickerBoard.ts:508
/Users/adoll/projects/drawing-app/apps/frontend/src/sticker-board/StickerToolbar.tsx:148
https://help.procreate.com/jp/procreate/handbook/interface-gestures/gestures"
stickerBoard.toolbar.arrange.stopped.left,stickerBoard,keep,none,It's at the left edge,左端です,,,Left boundary announcement provides a reason an action stopped.,established-UI,high,"Your sticker board, a sticker selected: read out once its steps settle, the last having met the board's left edge",apps/frontend/src/i18n/strings/stickerBoard.ts,502,"apps/frontend/src/i18n/strings/stickerBoard.ts:502
/Users/adoll/projects/drawing-app/apps/frontend/src/i18n/strings/stickerBoard.ts:502
/Users/adoll/projects/drawing-app/apps/frontend/src/sticker-board/StickerToolbar.tsx:148
https://help.procreate.com/jp/procreate/handbook/interface-gestures/gestures"
stickerBoard.toolbar.arrange.stopped.right,stickerBoard,keep,none,It's at the right edge,右端です,,,Right boundary announcement provides a reason an action stopped.,established-UI,high,"Your sticker board, a sticker selected: read out once its steps settle, the last having met the board's right edge",apps/frontend/src/i18n/strings/stickerBoard.ts,504,"apps/frontend/src/i18n/strings/stickerBoard.ts:504
/Users/adoll/projects/drawing-app/apps/frontend/src/i18n/strings/stickerBoard.ts:504
/Users/adoll/projects/drawing-app/apps/frontend/src/sticker-board/StickerToolbar.tsx:148
https://help.procreate.com/jp/procreate/handbook/interface-gestures/gestures"
stickerBoard.toolbar.arrange.stopped.smaller,stickerBoard,keep,none,It's as small as it goes,これ以上小さくできません,,,Explains the minimum size boundary rather than silently ignoring the action.,established-UI,high,"Your sticker board, a sticker selected: read out once its steps settle, the last having met the smallest a sticker goes",apps/frontend/src/i18n/strings/stickerBoard.ts,510,"apps/frontend/src/i18n/strings/stickerBoard.ts:510
/Users/adoll/projects/drawing-app/apps/frontend/src/i18n/strings/stickerBoard.ts:510
/Users/adoll/projects/drawing-app/apps/frontend/src/sticker-board/StickerToolbar.tsx:148
https://help.procreate.com/jp/procreate/handbook/interface-gestures/gestures"
stickerBoard.toolbar.arrange.stopped.up,stickerBoard,keep,none,It's at the top edge,上端です,,,Top boundary announcement gives useful spatial feedback.,established-UI,high,"Your sticker board, a sticker selected: read out once its steps settle, the last having met the board's top edge",apps/frontend/src/i18n/strings/stickerBoard.ts,506,"apps/frontend/src/i18n/strings/stickerBoard.ts:506
/Users/adoll/projects/drawing-app/apps/frontend/src/i18n/strings/stickerBoard.ts:506
/Users/adoll/projects/drawing-app/apps/frontend/src/sticker-board/StickerToolbar.tsx:148
https://help.procreate.com/jp/procreate/handbook/interface-gestures/gestures"
stickerBoard.toolbar.arrange.turnLeft,stickerBoard,keep,none,Turn left,左に回す,,,左に回す is plain and suitable for physical sticker rotation.,established-UI,high,"Your sticker board, a sticker selected: the arrange button that turns it a step counterclockwise",apps/frontend/src/i18n/strings/stickerBoard.ts,477,"apps/frontend/src/i18n/strings/stickerBoard.ts:477
/Users/adoll/projects/drawing-app/apps/frontend/src/i18n/strings/stickerBoard.ts:477
/Users/adoll/projects/drawing-app/apps/frontend/src/sticker-board/StickerToolbar.tsx:148
https://help.procreate.com/jp/procreate/handbook/interface-gestures/gestures"
stickerBoard.toolbar.arrange.turnRight,stickerBoard,keep,none,Turn right,右に回す,,,右に回す is plain and suitable for physical sticker rotation.,established-UI,high,"Your sticker board, a sticker selected: the arrange button that turns it a step clockwise",apps/frontend/src/i18n/strings/stickerBoard.ts,479,"apps/frontend/src/i18n/strings/stickerBoard.ts:479
/Users/adoll/projects/drawing-app/apps/frontend/src/i18n/strings/stickerBoard.ts:479
/Users/adoll/projects/drawing-app/apps/frontend/src/sticker-board/StickerToolbar.tsx:148
https://help.procreate.com/jp/procreate/handbook/interface-gestures/gestures"
stickerBoard.toolbar.arrange.up,stickerBoard,keep,none,Move up,上へ動かす,,,"Clear upward movement action, not bringing a sticker forward in stacking order.",established-UI,high,"Your sticker board, a sticker selected: the arrange button that moves it a step up",apps/frontend/src/i18n/strings/stickerBoard.ts,469,"apps/frontend/src/i18n/strings/stickerBoard.ts:469
/Users/adoll/projects/drawing-app/apps/frontend/src/i18n/strings/stickerBoard.ts:469
/Users/adoll/projects/drawing-app/apps/frontend/src/sticker-board/StickerToolbar.tsx:148
https://help.procreate.com/jp/procreate/handbook/interface-gestures/gestures"
stickerBoard.toolbar.give,stickerBoard,keep,none,Give,贈る,,,The short approved gift verb is sufficient on a selected sticker toolbar.,established-UI,high,"Your sticker board, a sticker selected: the toolbar's Give key, which starts giving it through LINE",apps/frontend/src/i18n/strings/stickerBoard.ts,455,"apps/frontend/src/i18n/strings/stickerBoard.ts:455
/Users/adoll/projects/drawing-app/apps/frontend/src/i18n/strings/stickerBoard.ts:455
/Users/adoll/projects/drawing-app/apps/frontend/src/sticker-board/StickerToolbar.tsx:159
https://help.procreate.com/jp/procreate/handbook/interface-gestures/gestures"
stickerBoard.toolbar.remove,stickerBoard,keep,none,Remove,はがす,,,"はがす conveys returning the sticker from the board, avoiding a permanent-delete implication.",established-UI,high,"Your sticker board, a sticker selected: the toolbar's Remove key, which takes it off the board and back into the sticker tray",apps/frontend/src/i18n/strings/stickerBoard.ts,459,"apps/frontend/src/i18n/strings/stickerBoard.ts:459
/Users/adoll/projects/drawing-app/apps/frontend/src/i18n/strings/stickerBoard.ts:459
/Users/adoll/projects/drawing-app/apps/frontend/src/sticker-board/StickerToolbar.tsx:167
https://help.procreate.com/jp/procreate/handbook/interface-gestures/gestures"
stickerBoard.toolbar.view,stickerBoard,keep,none,View,見る,,,見る is adequate in the selected sticker's toolbar because the object is explicit.,established-UI,high,"Your sticker board, a sticker selected: the toolbar's View key, which opens its sticker detail",apps/frontend/src/i18n/strings/stickerBoard.ts,457,"apps/frontend/src/i18n/strings/stickerBoard.ts:457
/Users/adoll/projects/drawing-app/apps/frontend/src/i18n/strings/stickerBoard.ts:457
/Users/adoll/projects/drawing-app/apps/frontend/src/sticker-board/StickerToolbar.tsx:163
https://help.procreate.com/jp/procreate/handbook/interface-gestures/gestures"
stickerBoard.transferTrail.amount,stickerBoard,keep,none,{{amount}}<hidden> gratitude</hidden>,<hidden>感謝</hidden>{{amount}},,,The hidden word gives the visible heart-number pair its meaning; Japanese order is natural.,product-glossary,high,Transfer Trail: a closed row's gratitude amount beside a heart; the <hidden> words are for screen readers only,apps/frontend/src/i18n/strings/stickerBoard.ts,781,"apps/frontend/src/i18n/strings/stickerBoard.ts:781
/Users/adoll/projects/drawing-app/apps/frontend/src/i18n/strings/stickerBoard.ts:781
/Users/adoll/projects/drawing-app/apps/frontend/src/sticker-board/TransferTrail.tsx:143
/Users/adoll/projects/drawing-app/apps/frontend/src/i18n/glossary.md"
stickerBoard.transferTrail.artistShare.between,stickerBoard,keep,none,"{{kept}} to {{giver}} · {{share}} to {{artist}}, its artist",{{kept}}は{{giver}}さんに・{{share}}は作者の{{artist}}さんに,,,The split correctly identifies giver and Original Artist; avoid replacing with monetary language.,product-glossary,high,"Transfer Trail, the open row of a gift between others: the fine print splitting its gratitude between the giver and the Original Artist",apps/frontend/src/i18n/strings/stickerBoard.ts,842,"apps/frontend/src/i18n/strings/stickerBoard.ts:842
/Users/adoll/projects/drawing-app/apps/frontend/src/i18n/strings/stickerBoard.ts:842
/Users/adoll/projects/drawing-app/apps/frontend/src/sticker-board/trailRows.ts:67
/Users/adoll/projects/drawing-app/apps/frontend/src/i18n/glossary.md"
stickerBoard.transferTrail.artistShare.youDrewIt,stickerBoard,keep,none,"{{share}} of it came to you, its artist",このうち{{share}}が、作者のあなたに届きました,,,Explains why the viewer earned a share without being giver or receiver; useful fine print.,product-glossary,high,"Transfer Trail, the open row of a sticker you drew that others passed on: the fine print for your Original Artist Gratitude Share",apps/frontend/src/i18n/strings/stickerBoard.ts,832,"apps/frontend/src/i18n/strings/stickerBoard.ts:832
/Users/adoll/projects/drawing-app/apps/frontend/src/i18n/strings/stickerBoard.ts:832
/Users/adoll/projects/drawing-app/apps/frontend/src/sticker-board/trailRows.ts:63
/Users/adoll/projects/drawing-app/apps/frontend/src/i18n/glossary.md"
stickerBoard.transferTrail.artistShare.youGaveIt,stickerBoard,keep,none,"{{kept}} came to you · {{share}} to {{artist}}, its artist",{{kept}}はあなたに・{{share}}は作者の{{artist}}さんに,,,Identifies what the giver kept and what the Original Artist received; concise for a two-way split.,product-glossary,high,"Transfer Trail, the open row of a gift you gave of someone else's sticker: the fine print splitting its gratitude between you and its Original Artist",apps/frontend/src/i18n/strings/stickerBoard.ts,837,"apps/frontend/src/i18n/strings/stickerBoard.ts:837
/Users/adoll/projects/drawing-app/apps/frontend/src/i18n/strings/stickerBoard.ts:837
/Users/adoll/projects/drawing-app/apps/frontend/src/sticker-board/trailRows.ts:66
/Users/adoll/projects/drawing-app/apps/frontend/src/i18n/glossary.md"
stickerBoard.transferTrail.earlierGifts_one,stickerBoard,intentional-fallback,none,{{count}} earlier gift,,,,English singular is needed; Japanese intentionally uses the other form.,product-glossary,high,"Transfer Trail: the fold under the newest row, holding one earlier gift; a tap unfolds it",apps/frontend/src/i18n/strings/stickerBoard.ts,848,"apps/frontend/src/i18n/strings/stickerBoard.ts:848
/Users/adoll/projects/drawing-app/apps/frontend/src/i18n/strings/stickerBoard.ts:848
/Users/adoll/projects/drawing-app/apps/frontend/src/sticker-board/TransferTrail.tsx:273
/Users/adoll/projects/drawing-app/apps/frontend/src/i18n/glossary.md"
stickerBoard.transferTrail.earlierGifts_other,stickerBoard,keep,none,{{count}} earlier gifts,それより前のギフト{{count}}件,,,Explains exactly which older records the disclosure reveals; Japanese 件 is suitable for gift events.,product-glossary,high,"Transfer Trail: the fold under the newest row, holding the earlier gifts; a tap unfolds them",apps/frontend/src/i18n/strings/stickerBoard.ts,850,"apps/frontend/src/i18n/strings/stickerBoard.ts:850
/Users/adoll/projects/drawing-app/apps/frontend/src/i18n/strings/stickerBoard.ts:850
/Users/adoll/projects/drawing-app/apps/frontend/src/sticker-board/TransferTrail.tsx:273
/Users/adoll/projects/drawing-app/apps/frontend/src/i18n/glossary.md"
stickerBoard.transferTrail.from,stickerBoard,keep,none,From <name/>,<name/>さんから,,,"The open row's gratitude comes from the receiver, whereas its header describes the gift; this label prevents confusing those directions.",product-glossary,high,"Transfer Trail, the open row: under the gratitude total, naming who sent it; <name/> is their handle, which keeps its own case in the capitals",apps/frontend/src/i18n/strings/stickerBoard.ts,785,"apps/frontend/src/i18n/strings/stickerBoard.ts:785
/Users/adoll/projects/drawing-app/apps/frontend/src/i18n/strings/stickerBoard.ts:785
/Users/adoll/projects/drawing-app/apps/frontend/src/sticker-board/TransferTrail.tsx:181
/Users/adoll/projects/drawing-app/apps/frontend/src/sticker-board/TransferTrail.tsx:184
/Users/adoll/projects/drawing-app/apps/frontend/src/i18n/glossary.md"
stickerBoard.transferTrail.fromYou,stickerBoard,keep,none,From you,あなたから,,,Explicitly identifies the viewer as gratitude sender in the open row.,product-glossary,high,"Transfer Trail, the open row: under the gratitude total, when you sent it",apps/frontend/src/i18n/strings/stickerBoard.ts,783,"apps/frontend/src/i18n/strings/stickerBoard.ts:783
/Users/adoll/projects/drawing-app/apps/frontend/src/i18n/strings/stickerBoard.ts:783
/Users/adoll/projects/drawing-app/apps/frontend/src/sticker-board/TransferTrail.tsx:181
/Users/adoll/projects/drawing-app/apps/frontend/src/i18n/glossary.md"
stickerBoard.transferTrail.handOff.between,stickerBoard,keep,none,<giver/> gave it to <receiver/><at> · {{day}}</at>,<giver/>さんが<receiver/>さんに贈りました<at>・{{day}}</at>,,,"Natural Japanese order for giver, receiver and date; markup wraps names safely.",product-glossary,high,"Transfer Trail: a row for a gift between two other people; <at> holds the day, such as ""9.23""",apps/frontend/src/i18n/strings/stickerBoard.ts,765,"apps/frontend/src/i18n/strings/stickerBoard.ts:765
/Users/adoll/projects/drawing-app/apps/frontend/src/i18n/strings/stickerBoard.ts:765
/Users/adoll/projects/drawing-app/apps/frontend/src/sticker-board/TransferTrail.tsx:124
/Users/adoll/projects/drawing-app/apps/frontend/src/i18n/glossary.md"
stickerBoard.transferTrail.handOff.byYou,stickerBoard,keep,none,<b>You</b> gave it to <receiver/><at> · {{day}}</at>,<b>あなた</b>が<receiver/>さんに贈りました<at>・{{day}}</at>,,,"Emphasis on the viewer is meaningful in provenance, with correct Japanese particles outside the tag.",product-glossary,high,Transfer Trail: a row for a gift you gave; <at> holds the day,apps/frontend/src/i18n/strings/stickerBoard.ts,770,"apps/frontend/src/i18n/strings/stickerBoard.ts:770
/Users/adoll/projects/drawing-app/apps/frontend/src/i18n/strings/stickerBoard.ts:770
/Users/adoll/projects/drawing-app/apps/frontend/src/sticker-board/TransferTrail.tsx:124
/Users/adoll/projects/drawing-app/apps/frontend/src/i18n/glossary.md"
stickerBoard.transferTrail.handOff.toYou,stickerBoard,keep,none,<giver/> gave it to <b>you</b><at> · {{day}}</at>,<giver/>さんが<b>あなた</b>に贈りました<at>・{{day}}</at>,,,Correctly highlights the viewer as recipient without reversing the transfer.,product-glossary,high,Transfer Trail: a row for a gift you received; <at> holds the day,apps/frontend/src/i18n/strings/stickerBoard.ts,775,"apps/frontend/src/i18n/strings/stickerBoard.ts:775
/Users/adoll/projects/drawing-app/apps/frontend/src/i18n/strings/stickerBoard.ts:775
/Users/adoll/projects/drawing-app/apps/frontend/src/sticker-board/TransferTrail.tsx:124
/Users/adoll/projects/drawing-app/apps/frontend/src/i18n/glossary.md"
stickerBoard.transferTrail.label,stickerBoard,keep,none,Where it’s been,来歴,,,Approved 来歴 names the history region; preserve even though English uses a plain-language equivalent.,product-glossary,high,Sticker detail: screen readers' name for the Transfer Trail section under the sticker,apps/frontend/src/i18n/strings/stickerBoard.ts,761,"apps/frontend/src/i18n/strings/stickerBoard.ts:761
/Users/adoll/projects/drawing-app/apps/frontend/src/i18n/strings/stickerBoard.ts:761
/Users/adoll/projects/drawing-app/apps/frontend/src/sticker-board/TransferTrail.tsx:113
/Users/adoll/projects/drawing-app/apps/frontend/src/i18n/glossary.md"
stickerBoard.transferTrail.replay,stickerBoard,keep,none,Replay,リプレイ,,,リプレイ is recognizable for playing a recorded game interaction.,product-glossary,high,"Transfer Trail, the open row: the Replay button beside the gratitude total, which plays the combo inside the card",apps/frontend/src/i18n/strings/stickerBoard.ts,787,"apps/frontend/src/i18n/strings/stickerBoard.ts:787
/Users/adoll/projects/drawing-app/apps/frontend/src/i18n/strings/stickerBoard.ts:787
/Users/adoll/projects/drawing-app/apps/frontend/src/sticker-board/TransferTrail.tsx:86
/Users/adoll/projects/drawing-app/apps/frontend/src/sticker-board/TransferTrail.tsx:88
/Users/adoll/projects/drawing-app/apps/frontend/src/i18n/glossary.md"
stickerBoard.transferTrail.replayTheirs,stickerBoard,shorten,low,Play the replay of {{name}}’s {{amount}} gratitude,{{name}}さんが送った感謝{{amount}}のリプレイを再生,Replay {{name}}’s {{amount}} gratitude,{{name}}さんが送った感謝{{amount}}を再生,"Accurately identifies the sender and gratitude amount, but リプレイを再生 repeats the playback concept.",product-glossary,high,"Transfer Trail, the open row: screen readers' name for Replay when someone else sent the gratitude",apps/frontend/src/i18n/strings/stickerBoard.ts,794,"apps/frontend/src/i18n/strings/stickerBoard.ts:794
/Users/adoll/projects/drawing-app/apps/frontend/src/i18n/strings/stickerBoard.ts:794
/Users/adoll/projects/drawing-app/apps/frontend/src/sticker-board/TransferTrail.tsx:200
/Users/adoll/projects/drawing-app/apps/frontend/src/i18n/glossary.md"
stickerBoard.transferTrail.replayYours,stickerBoard,shorten,low,Play the replay of your {{amount}} gratitude,あなたが送った感謝{{amount}}のリプレイを再生,Replay your {{amount}} gratitude,あなたが送った感謝{{amount}}を再生,The viewer and amount are useful accessible context; simplify the repeated replay/play wording.,product-glossary,high,"Transfer Trail, the open row: screen readers' name for Replay when you sent the gratitude",apps/frontend/src/i18n/strings/stickerBoard.ts,789,"apps/frontend/src/i18n/strings/stickerBoard.ts:789
/Users/adoll/projects/drawing-app/apps/frontend/src/i18n/strings/stickerBoard.ts:789
/Users/adoll/projects/drawing-app/apps/frontend/src/sticker-board/TransferTrail.tsx:199
/Users/adoll/projects/drawing-app/apps/frontend/src/i18n/glossary.md"
stickerBoard.transferTrail.replaying.didntLoad,stickerBoard,keep,none,Couldn’t load the replay: {{reason}},リプレイを読み込めませんでした：{{reason}},,,Names the failed replay and retains a reason; actionable persistent error.,product-glossary,high,"Transfer Trail, the open row: the alert under the card when the replay fails to load, before Try again",apps/frontend/src/i18n/strings/stickerBoard.ts,817,"apps/frontend/src/i18n/strings/stickerBoard.ts:817
/Users/adoll/projects/drawing-app/apps/frontend/src/i18n/strings/stickerBoard.ts:817
/Users/adoll/projects/drawing-app/apps/frontend/src/sticker-board/TransferTrail.tsx:234
/Users/adoll/projects/drawing-app/apps/frontend/src/i18n/glossary.md"
stickerBoard.transferTrail.replaying.ended,stickerBoard,keep,none,Replay ended,リプレイが終わりました,,,"Natural completed-playback announcement, distinct from manual stop.",product-glossary,high,"Transfer Trail, the open row: read out when the replayed heart has landed in its dot",apps/frontend/src/i18n/strings/stickerBoard.ts,815,"apps/frontend/src/i18n/strings/stickerBoard.ts:815
/Users/adoll/projects/drawing-app/apps/frontend/src/i18n/strings/stickerBoard.ts:815
/Users/adoll/projects/drawing-app/apps/frontend/src/sticker-board/TransferTrail.tsx:86
/Users/adoll/projects/drawing-app/apps/frontend/src/i18n/glossary.md"
stickerBoard.transferTrail.replaying.notMarkedSeen,stickerBoard,shorten,low,Couldn’t mark this gratitude watched: {{reason}},この感謝を見たことを保存できませんでした：{{reason}},Couldn’t save this replay as watched: {{reason}},リプレイの視聴済み状態を保存できませんでした：{{reason}},The failure concerns a watched flag; current Japanese 保存できませんでした is grammatical but indirect.,product-glossary,high,"Transfer Trail, the open row of gratitude sent to you: the fine print when your watching it couldn't be saved",apps/frontend/src/i18n/strings/stickerBoard.ts,824,"apps/frontend/src/i18n/strings/stickerBoard.ts:824
/Users/adoll/projects/drawing-app/apps/frontend/src/i18n/strings/stickerBoard.ts:824
/Users/adoll/projects/drawing-app/apps/frontend/src/sticker-board/TransferTrail.tsx:249
/Users/adoll/projects/drawing-app/apps/frontend/src/i18n/glossary.md"
stickerBoard.transferTrail.replaying.stop,stickerBoard,keep,none,Stop,停止,,,Short visible stop control supported by the more specific accessible name.,product-glossary,high,"Transfer Trail, the open row: the Replay button while the replay plays, which stops it",apps/frontend/src/i18n/strings/stickerBoard.ts,801,"apps/frontend/src/i18n/strings/stickerBoard.ts:801
/Users/adoll/projects/drawing-app/apps/frontend/src/i18n/strings/stickerBoard.ts:801
/Users/adoll/projects/drawing-app/apps/frontend/src/sticker-board/TransferTrail.tsx:197
/Users/adoll/projects/drawing-app/apps/frontend/src/sticker-board/TransferTrail.tsx:213
/Users/adoll/projects/drawing-app/apps/frontend/src/i18n/glossary.md"
stickerBoard.transferTrail.replaying.stopLabel,stickerBoard,keep,none,Stop the replay,リプレイを停止,,,Accessible name clarifies the object being stopped.,product-glossary,high,"Transfer Trail, the open row: screen readers' name for Stop while the replay plays",apps/frontend/src/i18n/strings/stickerBoard.ts,803,"apps/frontend/src/i18n/strings/stickerBoard.ts:803
/Users/adoll/projects/drawing-app/apps/frontend/src/i18n/strings/stickerBoard.ts:803
/Users/adoll/projects/drawing-app/apps/frontend/src/sticker-board/TransferTrail.tsx:197
/Users/adoll/projects/drawing-app/apps/frontend/src/i18n/glossary.md"
stickerBoard.transferTrail.replaying.stopped,stickerBoard,rewrite,medium,The replay stopped.,リプレイが止まりました。,The replay stopped unexpectedly. Try playing it again.,リプレイが途中で止まりました。もう一度再生してください。,"A failure state, not the user's successful Stop action; current sentence does not explain that distinction or a recovery.",product-glossary,high,"Transfer Trail, the open row: the alert when the replay fails while it plays; the Mini-game engine's English error follows as details for a report",apps/frontend/src/i18n/strings/stickerBoard.ts,822,"apps/frontend/src/i18n/strings/stickerBoard.ts:822
/Users/adoll/projects/drawing-app/apps/frontend/src/i18n/strings/stickerBoard.ts:822
/Users/adoll/projects/drawing-app/apps/frontend/src/sticker-board/TransferTrail.tsx:241
/Users/adoll/projects/drawing-app/apps/frontend/src/i18n/glossary.md"
stickerBoard.transferTrail.replaying.theirs,stickerBoard,rewrite,low,Replaying {{name}}’s {{amount}} gratitude,{{name}}さんが送った感謝{{amount}}をリプレイしています,,{{name}}さんが送った感謝{{amount}}を再生しています,Identifies the playing gratitude by sender and amount; Japanese 再生しています is more conventional than リプレイしています.,product-glossary,high,"Transfer Trail, the open row: read out as the replay of someone else's gratitude starts; {{name}} sent it",apps/frontend/src/i18n/strings/stickerBoard.ts,810,"apps/frontend/src/i18n/strings/stickerBoard.ts:810
/Users/adoll/projects/drawing-app/apps/frontend/src/i18n/strings/stickerBoard.ts:810
/Users/adoll/projects/drawing-app/apps/frontend/src/sticker-board/TransferTrail.tsx:89
/Users/adoll/projects/drawing-app/apps/frontend/src/i18n/glossary.md"
stickerBoard.transferTrail.replaying.yours,stickerBoard,rewrite,low,Replaying your {{amount}} gratitude,あなたが送った感謝{{amount}}をリプレイしています,,あなたが送った感謝{{amount}}を再生しています,Same playback status for the viewer's own gratitude; reuse conventional 再生 wording.,product-glossary,high,"Transfer Trail, the open row: read out as the replay of gratitude you sent starts; {{amount}} is its total",apps/frontend/src/i18n/strings/stickerBoard.ts,805,"apps/frontend/src/i18n/strings/stickerBoard.ts:805
/Users/adoll/projects/drawing-app/apps/frontend/src/i18n/strings/stickerBoard.ts:805
/Users/adoll/projects/drawing-app/apps/frontend/src/sticker-board/TransferTrail.tsx:88
/Users/adoll/projects/drawing-app/apps/frontend/src/i18n/glossary.md"
stickerBoard.tray.empty,stickerBoard,keep,none,Stickers you make or receive collect here,つくったシールや<wbr/>受け取ったシールが<wbr/>ここにたまります,,,Gives a useful explanation only for an empty tray; the physical collection metaphor is understandable.,product-glossary,high,"Sticker tray, before any sticker: the note printed on its one blank sheet",apps/frontend/src/i18n/strings/stickerBoard.ts,523,"apps/frontend/src/i18n/strings/stickerBoard.ts:523
/Users/adoll/projects/drawing-app/apps/frontend/src/i18n/strings/stickerBoard.ts:523
/Users/adoll/projects/drawing-app/apps/frontend/src/sticker-board/tray/trayEngine.ts:193
/Users/adoll/projects/drawing-app/apps/frontend/src/i18n/glossary.md"
stickerBoard.tray.filters.all,stickerBoard,keep,none,All,すべて,,,Standard inclusive filter label; すべて is concise.,product-glossary,high,Sticker tray: the folder tab that shows every sticker,apps/frontend/src/i18n/strings/stickerBoard.ts,533,"apps/frontend/src/i18n/strings/stickerBoard.ts:533
/Users/adoll/projects/drawing-app/apps/frontend/src/i18n/strings/stickerBoard.ts:533
/Users/adoll/projects/drawing-app/apps/frontend/src/sticker-board/tray/traySheets.ts:214
/Users/adoll/projects/drawing-app/apps/frontend/src/i18n/glossary.md"
stickerBoard.tray.filters.gifts,stickerBoard,keep,none,Gifts,ギフト,,,Approved ギフト identifies stickers made by someone else and received as gifts.,product-glossary,high,Sticker tray: the folder tab that shows only the stickers you received,apps/frontend/src/i18n/strings/stickerBoard.ts,537,"apps/frontend/src/i18n/strings/stickerBoard.ts:537
/Users/adoll/projects/drawing-app/apps/frontend/src/i18n/strings/stickerBoard.ts:537
/Users/adoll/projects/drawing-app/apps/frontend/src/sticker-board/tray/traySheets.ts:214
/Users/adoll/projects/drawing-app/apps/frontend/src/i18n/glossary.md"
stickerBoard.tray.filters.mine,stickerBoard,keep,none,Mine,自作,,,自作 is more accurate than a literal 私の because every held sticker belongs to the viewer.,product-glossary,high,Sticker tray: the folder tab that shows only the stickers you drew,apps/frontend/src/i18n/strings/stickerBoard.ts,535,"apps/frontend/src/i18n/strings/stickerBoard.ts:535
/Users/adoll/projects/drawing-app/apps/frontend/src/i18n/strings/stickerBoard.ts:535
/Users/adoll/projects/drawing-app/apps/frontend/src/sticker-board/tray/traySheets.ts:214
/Users/adoll/projects/drawing-app/apps/frontend/src/i18n/glossary.md"
stickerBoard.tray.frontSheet,stickerBoard,keep,none,"Sheet {{number}}, {{dates}}, in front",シート{{number}}、{{dates}}、手前,,,"Accessible state identifies the front sheet, its order and dates; not visible clutter.",product-glossary,high,"Sticker tray: screen readers' name for the sheet in front, which holds the stickers you can stick on; {{dates}} is when its stickers came, such as ""9.20–9.23""",apps/frontend/src/i18n/strings/stickerBoard.ts,580,"apps/frontend/src/i18n/strings/stickerBoard.ts:580
/Users/adoll/projects/drawing-app/apps/frontend/src/i18n/strings/stickerBoard.ts:580
/Users/adoll/projects/drawing-app/apps/frontend/src/sticker-board/tray/traySheets.ts:225
/Users/adoll/projects/drawing-app/apps/frontend/src/i18n/glossary.md"
stickerBoard.tray.frontSheet_noDates,stickerBoard,keep,none,"Sheet {{number}}, in front",シート{{number}}、手前,,,The blank-sheet variant correctly avoids an empty date field.,product-glossary,high,"Sticker tray, before any sticker: screen readers' name for its one blank sheet in front, which has no dates yet",apps/frontend/src/i18n/strings/stickerBoard.ts,585,"apps/frontend/src/i18n/strings/stickerBoard.ts:585
/Users/adoll/projects/drawing-app/apps/frontend/src/i18n/strings/stickerBoard.ts:585
/Users/adoll/projects/drawing-app/apps/frontend/src/sticker-board/tray/traySheets.ts:214
/Users/adoll/projects/drawing-app/apps/frontend/src/i18n/glossary.md"
stickerBoard.tray.moreSheets_one,stickerBoard,intentional-fallback,none,{{count}} more sheet. Spread every sheet out,,,,English singular is needed; Japanese intentionally uses the other form.,product-glossary,high,"Sticker tray: screen readers' name for the +1 button under the stack, which spreads every sheet out over the board",apps/frontend/src/i18n/strings/stickerBoard.ts,563,"apps/frontend/src/i18n/strings/stickerBoard.ts:563
/Users/adoll/projects/drawing-app/apps/frontend/src/i18n/strings/stickerBoard.ts:563
/Users/adoll/projects/drawing-app/apps/frontend/src/sticker-board/tray/traySheets.ts:316
/Users/adoll/projects/drawing-app/apps/frontend/src/i18n/glossary.md"
stickerBoard.tray.moreSheets_other,stickerBoard,keep,none,{{count}} more sheets. Spread every sheet out,ほかに{{count}}枚のシート。すべてのシートを広げる,,,Accessible action says both the hidden sheet count and what expanding does.,product-glossary,high,"Sticker tray: screen readers' name for the +N button under the stack, which spreads every sheet out over the board",apps/frontend/src/i18n/strings/stickerBoard.ts,565,"apps/frontend/src/i18n/strings/stickerBoard.ts:565
/Users/adoll/projects/drawing-app/apps/frontend/src/i18n/strings/stickerBoard.ts:565
/Users/adoll/projects/drawing-app/apps/frontend/src/sticker-board/tray/traySheets.ts:316
/Users/adoll/projects/drawing-app/apps/frontend/src/i18n/glossary.md"
stickerBoard.tray.new,stickerBoard,keep,none,NEW,NEW,,,NEW is intentional visual lettering; the corresponding spoken labels already use 新着.,product-glossary,high,Sticker tray: the badge on a sticker the open tray hasn't shown before (hidden from screen readers),apps/frontend/src/i18n/strings/stickerBoard.ts,540,"apps/frontend/src/i18n/strings/stickerBoard.ts:540
/Users/adoll/projects/drawing-app/apps/frontend/src/i18n/strings/stickerBoard.ts:540
/Users/adoll/projects/drawing-app/apps/frontend/src/sticker-board/tray/trayEngine.ts:189
/Users/adoll/projects/drawing-app/apps/frontend/src/i18n/glossary.md"
stickerBoard.tray.problem.boardNotReady,stickerBoard,keep,none,the board isn’t ready for it yet,ボードの準備がまだできていません,,,This reason explains why placing is temporarily unavailable; keep it within the full error.,product-glossary,high,Your sticker board's alert about the sticker tray: why a sticker couldn't be stuck on when the board can't take it yet,apps/frontend/src/i18n/strings/stickerBoard.ts,620,"apps/frontend/src/i18n/strings/stickerBoard.ts:620
/Users/adoll/projects/drawing-app/apps/frontend/src/i18n/strings/stickerBoard.ts:620
/Users/adoll/projects/drawing-app/apps/frontend/src/sticker-board/tray/trayProblem.ts:25
/Users/adoll/projects/drawing-app/apps/frontend/src/i18n/glossary.md"
stickerBoard.tray.problem.cut,stickerBoard,rewrite,low,"Couldn’t read the cut line of {{stickers}}, so its sheet packs it as a box.",{{stickers}}の切り抜き線を読み取れなかったため、シートには四角で並べました。,Couldn’t load the shape of {{stickers}}. Their sheet uses rectangular spaces instead.,{{stickers}}の形を読み込めなかったため、シート上では四角いスペースに並べています。,The current copy exposes packing internals; explain the visible fallback shape instead and retain technical detail separately.,product-glossary,high,"Your sticker board's alert: a sticker's cut line couldn't be read, so its sheet packs it as a box, over the English words for a report; {{stickers}} is its number, such as ""No.0147""",apps/frontend/src/i18n/strings/stickerBoard.ts,610,"apps/frontend/src/i18n/strings/stickerBoard.ts:610
/Users/adoll/projects/drawing-app/apps/frontend/src/i18n/strings/stickerBoard.ts:610
/Users/adoll/projects/drawing-app/apps/frontend/src/sticker-board/tray/traySheets.ts:214
/Users/adoll/projects/drawing-app/apps/frontend/src/i18n/glossary.md"
stickerBoard.tray.problem.dismiss,stickerBoard,rewrite,medium,Dismiss,閉じる,Dismiss message,メッセージを閉じる,This dismisses an error; 閉じる alone may sound like closing the tray rather than the notice.,product-glossary,high,Your sticker board's alert about the sticker tray: the key that clears it,apps/frontend/src/i18n/strings/stickerBoard.ts,625,"apps/frontend/src/i18n/strings/stickerBoard.ts:625
/Users/adoll/projects/drawing-app/apps/frontend/src/i18n/strings/stickerBoard.ts:625
/Users/adoll/projects/drawing-app/apps/frontend/src/sticker-board/StickerBoard.tsx:934
/Users/adoll/projects/drawing-app/apps/frontend/src/i18n/glossary.md"
stickerBoard.tray.problem.place,stickerBoard,keep,none,"Couldn’t stick {{stickers}} on the board, so it stays in its sheet: {{reason}}",{{stickers}}をボードに貼れなかったので、シートに残ります：{{reason}},,,"Clearly names affected stickers, failed placement and their retained location; all three are useful.",product-glossary,high,"Your sticker board's alert: a sticker couldn't be stuck on from its sheet, so it stays there; {{stickers}} is its number, such as ""No.0147"", and {{reason}} why",apps/frontend/src/i18n/strings/stickerBoard.ts,605,"apps/frontend/src/i18n/strings/stickerBoard.ts:605
/Users/adoll/projects/drawing-app/apps/frontend/src/i18n/strings/stickerBoard.ts:605
/Users/adoll/projects/drawing-app/apps/frontend/src/sticker-board/tray/traySheets.ts:214
/Users/adoll/projects/drawing-app/apps/frontend/src/i18n/glossary.md"
stickerBoard.tray.problem.seen,stickerBoard,shorten,low,"Couldn’t save that the tray showed {{stickers}}, so NEW may show on them again: {{reason}}",{{stickers}}を見たことを保存できなかったため、NEWがまた表示されることがあります：{{reason}},Couldn’t save {{stickers}} as seen. NEW may appear again: {{reason}},{{stickers}}を確認済みにできませんでした。NEWが再表示されることがあります：{{reason}},"The marker may reappear, so tell the user that consequence with a shorter description of failed history saving.",product-glossary,high,"Your sticker board's alert: the sticker tray couldn't save which stickers it showed; {{stickers}} lists their numbers, such as ""No.0147"", and {{reason}} why",apps/frontend/src/i18n/strings/stickerBoard.ts,615,"apps/frontend/src/i18n/strings/stickerBoard.ts:615
/Users/adoll/projects/drawing-app/apps/frontend/src/i18n/strings/stickerBoard.ts:615
/Users/adoll/projects/drawing-app/apps/frontend/src/sticker-board/tray/traySheets.ts:214
/Users/adoll/projects/drawing-app/apps/frontend/src/i18n/glossary.md"
stickerBoard.tray.pulledSheet,stickerBoard,rewrite,low,"Sheet {{number}}, {{dates}}, pulled out",シート{{number}}、{{dates}}、引き出し中,,シート{{number}}、{{dates}}、取り出したシート,Accessible state indicates a sheet pulled out from the tray; 引き出し中 can instead imply an ongoing action.,product-glossary,high,"Sticker tray: screen readers' name for the sheet pulled out over the board; {{dates}} is when its stickers came, such as ""9.20–9.23""",apps/frontend/src/i18n/strings/stickerBoard.ts,587,"apps/frontend/src/i18n/strings/stickerBoard.ts:587
/Users/adoll/projects/drawing-app/apps/frontend/src/i18n/strings/stickerBoard.ts:587
/Users/adoll/projects/drawing-app/apps/frontend/src/sticker-board/tray/traySheets.ts:227
/Users/adoll/projects/drawing-app/apps/frontend/src/i18n/glossary.md"
stickerBoard.tray.pulledSheet_noDates,stickerBoard,rewrite,low,"Sheet {{number}}, pulled out",シート{{number}}、引き出し中,,シート{{number}}、取り出したシート,The empty-sheet variant needs the same completed-versus-in-progress distinction.,product-glossary,high,"Sticker tray, before any sticker: screen readers' name for its one blank sheet pulled out over the board, which has no dates yet",apps/frontend/src/i18n/strings/stickerBoard.ts,592,"apps/frontend/src/i18n/strings/stickerBoard.ts:592
/Users/adoll/projects/drawing-app/apps/frontend/src/i18n/strings/stickerBoard.ts:592
/Users/adoll/projects/drawing-app/apps/frontend/src/sticker-board/tray/traySheets.ts:214
/Users/adoll/projects/drawing-app/apps/frontend/src/i18n/glossary.md"
stickerBoard.tray.putBack,stickerBoard,keep,none,Put this sheet back in the tray,このシートをシールトレイに戻す,,,Names the destination and object for the sheet-return icon; useful hidden control copy.,product-glossary,high,Sticker tray: screen readers' name for the X on a sheet pulled out over the board,apps/frontend/src/i18n/strings/stickerBoard.ts,601,"apps/frontend/src/i18n/strings/stickerBoard.ts:601
/Users/adoll/projects/drawing-app/apps/frontend/src/i18n/strings/stickerBoard.ts:601
/Users/adoll/projects/drawing-app/apps/frontend/src/sticker-board/tray/trayEngine.ts:190
/Users/adoll/projects/drawing-app/apps/frontend/src/i18n/glossary.md"
stickerBoard.tray.sheet,stickerBoard,keep,none,"Sheet {{number}}, {{dates}}. Bring it to the front",シート{{number}}、{{dates}}。手前に出す,,,"Says what pressing a back sheet does, with dates to distinguish otherwise similar sheets.",product-glossary,high,"Sticker tray: screen readers' name for a sheet behind the front one, or one laid out in the spread; {{dates}} is when its stickers came, such as ""9.20–9.23""",apps/frontend/src/i18n/strings/stickerBoard.ts,570,"apps/frontend/src/i18n/strings/stickerBoard.ts:570
/Users/adoll/projects/drawing-app/apps/frontend/src/i18n/strings/stickerBoard.ts:570
/Users/adoll/projects/drawing-app/apps/frontend/src/sticker-board/tray/trayEngine.ts:187
/Users/adoll/projects/drawing-app/apps/frontend/src/sticker-board/tray/traySheets.ts:221
/Users/adoll/projects/drawing-app/apps/frontend/src/i18n/glossary.md"
stickerBoard.tray.sheetInFront,stickerBoard,rewrite,medium,"Sheet {{number}}, {{dates}}, in front now. Bring it to the front",シート{{number}}、{{dates}}、いま手前にあります。手前に出す,"Sheet {{number}}, {{dates}}, selected. Return to this sheet",シート{{number}}、{{dates}}、選択中。このシートに戻る,"The front sheet in spread view still acts as a selector, but already in front plus bring to front is contradictory wording.",product-glossary,high,"Sticker tray, sheets spread over the board: screen readers' name for the sheet that's in front now",apps/frontend/src/i18n/strings/stickerBoard.ts,596,"apps/frontend/src/i18n/strings/stickerBoard.ts:596
/Users/adoll/projects/drawing-app/apps/frontend/src/i18n/strings/stickerBoard.ts:596
/Users/adoll/projects/drawing-app/apps/frontend/src/sticker-board/tray/traySheets.ts:223
/Users/adoll/projects/drawing-app/apps/frontend/src/i18n/glossary.md
/Users/adoll/projects/drawing-app/apps/frontend/src/sticker-board/tray/traySpread.ts:97"
stickerBoard.tray.sheets,stickerBoard,keep,none,Your sticker sheets,手持ちのシールシート,,,Accessible collection title follows approved シールシート vocabulary.,product-glossary,high,Sticker tray: screen readers' name for the stack of sticker sheets,apps/frontend/src/i18n/strings/stickerBoard.ts,528,"apps/frontend/src/i18n/strings/stickerBoard.ts:528
/Users/adoll/projects/drawing-app/apps/frontend/src/i18n/strings/stickerBoard.ts:528
/Users/adoll/projects/drawing-app/apps/frontend/src/sticker-board/tray/trayEngine.ts:187
/Users/adoll/projects/drawing-app/apps/frontend/src/i18n/glossary.md"
stickerBoard.tray.slot.given,stickerBoard,keep,none,"{{no}}, given to {{recipient}}. Open it",{{no}}、{{recipient}}さんへ贈ったシールをひらく,,,The absent sticker's outline opens its detail; recipient information explains why it is absent.,product-glossary,high,"Sticker tray: screen readers' name for the spot a sticker you gave left on its sheet, a button that opens it among the stickers you gave; {{recipient}} is who received it, such as ""@bob""",apps/frontend/src/i18n/strings/stickerBoard.ts,557,"apps/frontend/src/i18n/strings/stickerBoard.ts:557
/Users/adoll/projects/drawing-app/apps/frontend/src/i18n/strings/stickerBoard.ts:557
/Users/adoll/projects/drawing-app/apps/frontend/src/sticker-board/tray/traySheets.ts:119
/Users/adoll/projects/drawing-app/apps/frontend/src/i18n/glossary.md"
stickerBoard.tray.slot.newOnSheet,stickerBoard,keep,none,"{{no}}, new",{{no}}、新着,,,新着 is an effective localized spoken counterpart to visual NEW.,product-glossary,high,"Sticker tray, the sheet in front: screen readers' name for a sticker on it that the tray hasn't shown before",apps/frontend/src/i18n/strings/stickerBoard.ts,555,"apps/frontend/src/i18n/strings/stickerBoard.ts:555
/Users/adoll/projects/drawing-app/apps/frontend/src/i18n/strings/stickerBoard.ts:555
/Users/adoll/projects/drawing-app/apps/frontend/src/sticker-board/tray/traySheets.ts:133
/Users/adoll/projects/drawing-app/apps/frontend/src/i18n/glossary.md"
stickerBoard.tray.slot.onSheet,stickerBoard,keep,none,{{no}},{{no}},,,The sticker number alone is enough because the group and shared hint describe the action.,product-glossary,high,"Sticker tray, the sheet in front: screen readers' name for a sticker on it; the sheet's description says what to do with it",apps/frontend/src/i18n/strings/stickerBoard.ts,548,"apps/frontend/src/i18n/strings/stickerBoard.ts:548
/Users/adoll/projects/drawing-app/apps/frontend/src/i18n/strings/stickerBoard.ts:548
/Users/adoll/projects/drawing-app/apps/frontend/src/sticker-board/tray/traySheets.ts:134
/Users/adoll/projects/drawing-app/apps/frontend/src/i18n/glossary.md"
stickerBoard.tray.slot.used,stickerBoard,keep,none,"{{no}}, on your board. Show it",{{no}}、ボードに貼ってあります。ボードで見る,,,"The filled position is a shortcut to the board, not another copy of the sticker; retain both state and action.",product-glossary,high,"Sticker tray: screen readers' name for a used sticker silhouette, whose sticker is on the board; a tap makes that sticker pulse there",apps/frontend/src/i18n/strings/stickerBoard.ts,543,"apps/frontend/src/i18n/strings/stickerBoard.ts:543
/Users/adoll/projects/drawing-app/apps/frontend/src/i18n/strings/stickerBoard.ts:543
/Users/adoll/projects/drawing-app/apps/frontend/src/sticker-board/tray/traySheets.ts:130
/Users/adoll/projects/drawing-app/apps/frontend/src/sticker-board/tray/traySheets.ts:131
/Users/adoll/projects/drawing-app/apps/frontend/src/i18n/glossary.md"
stickerBoard.tray.slot.usedNew,stickerBoard,keep,none,"{{no}}, new, on your board. Show it",{{no}}、新着、ボードに貼ってあります。ボードで見る,,,Combines newness and placed state so the accessible label matches both badges.,product-glossary,high,Sticker tray: screen readers' name for a used sticker silhouette whose sticker just arrived on the board and the tray hasn't shown before,apps/frontend/src/i18n/strings/stickerBoard.ts,550,"apps/frontend/src/i18n/strings/stickerBoard.ts:550
/Users/adoll/projects/drawing-app/apps/frontend/src/i18n/strings/stickerBoard.ts:550
/Users/adoll/projects/drawing-app/apps/frontend/src/sticker-board/tray/traySheets.ts:130
/Users/adoll/projects/drawing-app/apps/frontend/src/i18n/glossary.md"
stickerBoard.tray.slotHint,stickerBoard,keep,none,"Drag a sticker onto your board, or tap it to stick it on",シールはボードへドラッグするか、タップすると貼れます,,,This is visually hidden interaction help attached to sticker slots; preserve the two supported placement methods.,product-glossary,high,"Sticker tray, the sheet in front: what screen readers say about it after its name, once for every sticker on it",apps/frontend/src/i18n/strings/stickerBoard.ts,575,"apps/frontend/src/i18n/strings/stickerBoard.ts:575
/Users/adoll/projects/drawing-app/apps/frontend/src/i18n/strings/stickerBoard.ts:575
/Users/adoll/projects/drawing-app/apps/frontend/src/sticker-board/tray/trayEngine.ts:191
/Users/adoll/projects/drawing-app/apps/frontend/src/i18n/glossary.md"
stickerBoard.tray.spread,stickerBoard,keep,none,"Your sticker sheets, spread out",広げた手持ちのシールシート,,,Accessible description distinguishes the spread presentation from the normal stack.,product-glossary,high,"Sticker tray, sheets spread over the board: screen readers' name for the dialog that holds every sheet, one button each",apps/frontend/src/i18n/strings/stickerBoard.ts,594,"apps/frontend/src/i18n/strings/stickerBoard.ts:594
/Users/adoll/projects/drawing-app/apps/frontend/src/i18n/strings/stickerBoard.ts:594
/Users/adoll/projects/drawing-app/apps/frontend/src/sticker-board/tray/trayEngine.ts:192
/Users/adoll/projects/drawing-app/apps/frontend/src/i18n/glossary.md"
stickerBoard.tray.status.filtered_one,stickerBoard,intentional-fallback,none,{{filter}}: {{count}} sheet,,,,English singular is needed; Japanese intentionally uses the other form.,product-glossary,high,"Sticker tray, after a folder tab is chosen: what screen readers are told; {{filter}} is the tab's name, such as ""Gifts"", and {{count}} is how many sheets it shows",apps/frontend/src/i18n/strings/stickerBoard.ts,630,"apps/frontend/src/i18n/strings/stickerBoard.ts:630
/Users/adoll/projects/drawing-app/apps/frontend/src/i18n/strings/stickerBoard.ts:630
/Users/adoll/projects/drawing-app/apps/frontend/src/sticker-board/tray/traySheets.ts:240
/Users/adoll/projects/drawing-app/apps/frontend/src/i18n/glossary.md"
stickerBoard.tray.status.filtered_other,stickerBoard,keep,none,{{filter}}: {{count}} sheets,{{filter}}：{{count}}枚のシート,,,Natural Japanese count announcement after filter selection.,product-glossary,high,"Sticker tray, after a folder tab is chosen: what screen readers are told; {{filter}} is the tab's name, such as ""Gifts"", and {{count}} is how many sheets it shows",apps/frontend/src/i18n/strings/stickerBoard.ts,632,"apps/frontend/src/i18n/strings/stickerBoard.ts:632
/Users/adoll/projects/drawing-app/apps/frontend/src/i18n/strings/stickerBoard.ts:632
/Users/adoll/projects/drawing-app/apps/frontend/src/sticker-board/tray/traySheets.ts:240
/Users/adoll/projects/drawing-app/apps/frontend/src/i18n/glossary.md"
stickerBoard.tray.status.returned,stickerBoard,keep,none,{{no}} is back in your tray,{{no}}をトレイに戻しました,,,Confirms actual return to the tray and names the affected sticker.,product-glossary,high,"Sticker tray, after a board sticker goes back into its sheet: what screen readers are told; {{no}} is its number, such as ""No.0147""",apps/frontend/src/i18n/strings/stickerBoard.ts,636,"apps/frontend/src/i18n/strings/stickerBoard.ts:636
/Users/adoll/projects/drawing-app/apps/frontend/src/i18n/strings/stickerBoard.ts:636
/Users/adoll/projects/drawing-app/apps/frontend/src/sticker-board/tray/traySheets.ts:236
/Users/adoll/projects/drawing-app/apps/frontend/src/i18n/glossary.md"
stickerBoard.tray.status.stuckOn,stickerBoard,keep,none,{{no}} is on your board,{{no}}をボードに貼りました,,,Confirms actual board placement and names the affected sticker.,product-glossary,high,"Sticker tray, after a sticker is stuck on the board from a sheet: what screen readers are told; {{no}} is its number, such as ""No.0147""",apps/frontend/src/i18n/strings/stickerBoard.ts,634,"apps/frontend/src/i18n/strings/stickerBoard.ts:634
/Users/adoll/projects/drawing-app/apps/frontend/src/i18n/strings/stickerBoard.ts:634
/Users/adoll/projects/drawing-app/apps/frontend/src/sticker-board/tray/traySheets.ts:234
/Users/adoll/projects/drawing-app/apps/frontend/src/i18n/glossary.md"
stickerBoard.tray.tabs,stickerBoard,keep,none,Show,表示するシール,,,The filter group's Japanese name clarifies that it changes visible stickers.,product-glossary,high,"Sticker tray: screen readers' name for the folder tabs (All, Mine, Gifts), which pick the stickers shown; the tabs show once the tray holds a gift",apps/frontend/src/i18n/strings/stickerBoard.ts,530,"apps/frontend/src/i18n/strings/stickerBoard.ts:530
/Users/adoll/projects/drawing-app/apps/frontend/src/i18n/strings/stickerBoard.ts:530
/Users/adoll/projects/drawing-app/apps/frontend/src/sticker-board/tray/trayEngine.ts:188
/Users/adoll/projects/drawing-app/apps/frontend/src/i18n/glossary.md"
stickerBoard.tray.zipper,stickerBoard,keep,none,Your stickers,手持ちのシール,,,Accessible name gives the unfamiliar zipper control its actual purpose.,product-glossary,high,"Your sticker board: screen readers' name for the Zipper's pull down the right edge, which opens the sticker tray",apps/frontend/src/i18n/strings/stickerBoard.ts,519,"apps/frontend/src/i18n/strings/stickerBoard.ts:519
/Users/adoll/projects/drawing-app/apps/frontend/src/i18n/strings/stickerBoard.ts:519
/Users/adoll/projects/drawing-app/apps/frontend/src/sticker-board/tray/zipper.ts:578
/Users/adoll/projects/drawing-app/apps/frontend/src/sticker-board/tray/zipper.ts:579
/Users/adoll/projects/drawing-app/apps/frontend/src/i18n/glossary.md"
stickerBoard.tray.zipperNew,stickerBoard,keep,none,"Your stickers, something new inside",手持ちのシール、新着あり,,,Adds new-item state to the zipper without cluttering the visible board.,product-glossary,high,"Your sticker board: screen readers' name for the Zipper's pull while the sticker tray holds something new, which a yellow pip on the pull shows",apps/frontend/src/i18n/strings/stickerBoard.ts,521,"apps/frontend/src/i18n/strings/stickerBoard.ts:521
/Users/adoll/projects/drawing-app/apps/frontend/src/i18n/strings/stickerBoard.ts:521
/Users/adoll/projects/drawing-app/apps/frontend/src/sticker-board/tray/zipper.ts:579
/Users/adoll/projects/drawing-app/apps/frontend/src/i18n/glossary.md"
stickerCreation.canvas,stickerCreation,keep,none,Canvas,キャンバス,,,キャンバス is the established drawing-app object name; required for the drawing surface's accessible label.,established-UI,high,"Drawing screen: the white sheet you draw on, named for screen readers",apps/frontend/src/i18n/strings/stickerCreation.ts,5,"apps/frontend/src/i18n/strings/stickerCreation.ts:5
/Users/adoll/projects/drawing-app/apps/frontend/src/i18n/strings/stickerCreation.ts:5
/Users/adoll/projects/drawing-app/apps/frontend/src/sticker-creation/canvas/DrawingCanvas.tsx:210
https://help.procreate.com/jp/procreate/handbook/interface-gestures/gestures
https://help.procreate.com/jp/procreate/handbook/brushes/brush-studio-settings
https://help.clip-studio.com/ja-jp/"
stickerCreation.clearBar.cancel,stickerCreation,keep,none,Cancel,キャンセル,,,Conventional cancellation button; focus starts here to avoid accidental clearing.,established-UI,high,Clear bar: the quiet link that closes it with nothing cleared,apps/frontend/src/i18n/strings/stickerCreation.ts,328,"apps/frontend/src/i18n/strings/stickerCreation.ts:328
/Users/adoll/projects/drawing-app/apps/frontend/src/i18n/strings/stickerCreation.ts:328
/Users/adoll/projects/drawing-app/apps/frontend/src/sticker-creation/tools/ClearBar.tsx:56
https://help.procreate.com/jp/procreate/handbook/interface-gestures/gestures
https://help.procreate.com/jp/procreate/handbook/brushes/brush-studio-settings
https://help.clip-studio.com/ja-jp/"
stickerCreation.clearBar.clear,stickerCreation,keep,none,Clear,消去,,,Approved 消去 is distinct from the 消しゴム tool and correctly names the whole-sheet action.,established-UI,high,Clear bar: the red button that clears the sheet; undo brings the drawing back,apps/frontend/src/i18n/strings/stickerCreation.ts,330,"apps/frontend/src/i18n/strings/stickerCreation.ts:330
/Users/adoll/projects/drawing-app/apps/frontend/src/i18n/strings/stickerCreation.ts:330
/Users/adoll/projects/drawing-app/apps/frontend/src/sticker-creation/tools/ClearBar.tsx:66
https://help.procreate.com/jp/procreate/handbook/interface-gestures/gestures
https://help.procreate.com/jp/procreate/handbook/brushes/brush-studio-settings
https://help.clip-studio.com/ja-jp/"
stickerCreation.clearBar.line,stickerCreation,shorten,low,Undo brings it back. The timer won’t start over.,「元に戻す」で<wbr/>戻せます。<wbr/>タイマーは<wbr/>リセット<wbr/>されません。,,「元に戻す」で戻せます。残り時間は変わりません。,"Both undo availability and the unchanged timer affect the decision; retain those facts, tighten Japanese repetition.",established-UI,high,"Clear bar: the line under the title, also read by screen readers; the timer keeps its time rather than starting over",apps/frontend/src/i18n/strings/stickerCreation.ts,323,"apps/frontend/src/i18n/strings/stickerCreation.ts:323
/Users/adoll/projects/drawing-app/apps/frontend/src/i18n/strings/stickerCreation.ts:323
/Users/adoll/projects/drawing-app/apps/frontend/src/sticker-creation/tools/ClearBar.tsx:52"
stickerCreation.clearBar.title,stickerCreation,keep,none,Clear the sheet?,キャンバスを<wbr/>消去しますか？,,,"A clear confirmation question with キャンバス as the drawing surface, not the sealed sticker sheet collection.",established-UI,high,"Clear bar, under the tool strip after a tap on the clear tile: its title, which also names it for screen readers",apps/frontend/src/i18n/strings/stickerCreation.ts,321,"apps/frontend/src/i18n/strings/stickerCreation.ts:321
/Users/adoll/projects/drawing-app/apps/frontend/src/i18n/strings/stickerCreation.ts:321
/Users/adoll/projects/drawing-app/apps/frontend/src/sticker-creation/tools/ClearBar.tsx:49
https://help.procreate.com/jp/procreate/handbook/interface-gestures/gestures
https://help.procreate.com/jp/procreate/handbook/brushes/brush-studio-settings
https://help.clip-studio.com/ja-jp/"
stickerCreation.colorSheet.brightness,stickerCreation,keep,none,Brightness,明るさ,,,"Procreate uses 明るさ for this drawing color property, so there is no need to force the more technical 明度.",established-UI,high,"Color sheet: the brightness bar under the pad, named for screen readers",apps/frontend/src/i18n/strings/stickerCreation.ts,218,"apps/frontend/src/i18n/strings/stickerCreation.ts:218
/Users/adoll/projects/drawing-app/apps/frontend/src/i18n/strings/stickerCreation.ts:218
/Users/adoll/projects/drawing-app/apps/frontend/src/sticker-creation/tools/ColorSheet.tsx:158
https://help.procreate.com/jp/procreate/handbook/interface-gestures/gestures
https://help.procreate.com/jp/procreate/handbook/brushes/brush-studio-settings
https://help.clip-studio.com/ja-jp/"
stickerCreation.colorSheet.huePad,stickerCreation,keep,none,Hue and saturation,色相と彩度,,,色相 and 彩度 match official Japanese color-picker terminology.,established-UI,high,"Color sheet: the hue and saturation pad, named for screen readers",apps/frontend/src/i18n/strings/stickerCreation.ts,211,"apps/frontend/src/i18n/strings/stickerCreation.ts:211
/Users/adoll/projects/drawing-app/apps/frontend/src/i18n/strings/stickerCreation.ts:211
/Users/adoll/projects/drawing-app/apps/frontend/src/sticker-creation/tools/ColorSheet.tsx:141
/Users/adoll/projects/drawing-app/apps/frontend/src/sticker-creation/tools/ColorSheet.tsx:145
https://help.procreate.com/jp/procreate/handbook/interface-gestures/gestures
https://help.procreate.com/jp/procreate/handbook/brushes/brush-studio-settings
https://help.clip-studio.com/ja-jp/
https://help.clip-studio.com/ja-jp/manual_jp/300_color/カラーサークルパレット.htm"
stickerCreation.colorSheet.huePadValue,stickerCreation,keep,none,"Hue {{hue}} degrees, saturation {{saturation}}%",色相{{hue}}度、彩度{{saturation}}%,,,States both adjustable dimensions with correct Japanese units; useful accessible value text.,established-UI,high,Color sheet: read by screen readers as the hue and saturation pad moves; {{hue}} is 0 to 359 and {{saturation}} 0 to 100,apps/frontend/src/i18n/strings/stickerCreation.ts,213,"apps/frontend/src/i18n/strings/stickerCreation.ts:213
/Users/adoll/projects/drawing-app/apps/frontend/src/i18n/strings/stickerCreation.ts:213
/Users/adoll/projects/drawing-app/apps/frontend/src/sticker-creation/tools/ColorSheet.tsx:145
https://help.procreate.com/jp/procreate/handbook/interface-gestures/gestures
https://help.procreate.com/jp/procreate/handbook/brushes/brush-studio-settings
https://help.clip-studio.com/ja-jp/
https://help.clip-studio.com/ja-jp/manual_jp/300_color/カラーサークルパレット.htm"
stickerCreation.colorSheet.recent,stickerCreation,rewrite,medium,Recent,最近,,履歴,最近 by itself is a translated adjective fragment; use 履歴 for the short visible label next to recent color dots.,source-backed,high,"Color sheet: the small label to the left of the row of recently used colors, 50px wide; hidden from screen readers",apps/frontend/src/i18n/strings/stickerCreation.ts,205,"apps/frontend/src/i18n/strings/stickerCreation.ts:205
/Users/adoll/projects/drawing-app/apps/frontend/src/i18n/strings/stickerCreation.ts:205
/Users/adoll/projects/drawing-app/apps/frontend/src/sticker-creation/tools/ColorSheet.tsx:127
/Users/adoll/projects/drawing-app/apps/frontend/src/sticker-creation/tools/ColorSheet.tsx:130
https://help.clip-studio.com/ja-jp/manual_jp/300_color/カラーヒストリーパレット【PRO__47_EX】.htm"
stickerCreation.colorSheet.recentColors,stickerCreation,keep,none,Recent colors,最近使った色,,,最近使った色 supplies the missing object in the spoken group name; understandable plain Japanese.,established-UI,high,"Color sheet: the row of recently used colors, named for screen readers",apps/frontend/src/i18n/strings/stickerCreation.ts,207,"apps/frontend/src/i18n/strings/stickerCreation.ts:207
/Users/adoll/projects/drawing-app/apps/frontend/src/i18n/strings/stickerCreation.ts:207
/Users/adoll/projects/drawing-app/apps/frontend/src/sticker-creation/tools/ColorSheet.tsx:130
https://help.procreate.com/jp/procreate/handbook/interface-gestures/gestures
https://help.procreate.com/jp/procreate/handbook/brushes/brush-studio-settings
https://help.clip-studio.com/ja-jp/"
stickerCreation.colorSheet.swatchNames.amber,stickerCreation,keep,none,Amber,琥珀色,,,琥珀色 is a recognizable descriptive Japanese color name for this golden orange; not an exact standardized hex mapping.,editorial,high,"Color sheet: screen readers' name for the Amber preset color, #FFB547, a golden orange",apps/frontend/src/i18n/strings/stickerCreation.ts,244,"apps/frontend/src/i18n/strings/stickerCreation.ts:244
/Users/adoll/projects/drawing-app/apps/frontend/src/i18n/strings/stickerCreation.ts:244
/Users/adoll/projects/drawing-app/apps/frontend/src/sticker-creation/tools/ColorSheet.tsx:124"
stickerCreation.colorSheet.swatchNames.apricot,stickerCreation,rewrite,low,Apricot,アプリコット,,アプリコット色,"アプリコット is understandable in a color grid, but adding 色 would distinguish the color from the fruit when spoken.",editorial,medium,"Color sheet: screen readers' name for the Apricot preset color, #F7A541",apps/frontend/src/i18n/strings/stickerCreation.ts,246,"apps/frontend/src/i18n/strings/stickerCreation.ts:246
/Users/adoll/projects/drawing-app/apps/frontend/src/i18n/strings/stickerCreation.ts:246
/Users/adoll/projects/drawing-app/apps/frontend/src/sticker-creation/tools/ColorSheet.tsx:124"
stickerCreation.colorSheet.swatchNames.aqua,stickerCreation,context,low,Aqua,アクア,,,アクア is an imported color nickname whose hue is less explicit than a Japanese blue-green description.,editorial,medium,"Color sheet: screen readers' name for the Aqua preset color, #38D3DC, a turquoise",apps/frontend/src/i18n/strings/stickerCreation.ts,278,"apps/frontend/src/i18n/strings/stickerCreation.ts:278
/Users/adoll/projects/drawing-app/apps/frontend/src/i18n/strings/stickerCreation.ts:278
/Users/adoll/projects/drawing-app/apps/frontend/src/sticker-creation/tools/ColorSheet.tsx:124"
stickerCreation.colorSheet.swatchNames.blue,stickerCreation,keep,none,Blue,青,,,青 is the direct everyday color name and matches the blue preset.,editorial,high,"Color sheet: screen readers' name for the Blue preset color, #2F6BFF",apps/frontend/src/i18n/strings/stickerCreation.ts,274,"apps/frontend/src/i18n/strings/stickerCreation.ts:274
/Users/adoll/projects/drawing-app/apps/frontend/src/i18n/strings/stickerCreation.ts:274
/Users/adoll/projects/drawing-app/apps/frontend/src/sticker-creation/tools/ColorSheet.tsx:124"
stickerCreation.colorSheet.swatchNames.blush,stickerCreation,keep,none,Blush,桜色,,,桜色 evokes the intended soft pink more naturally than translating the bodily reaction; an editorial color name.,editorial,high,"Color sheet: screen readers' name for the Blush preset color, #FFB8C9, a soft pink",apps/frontend/src/i18n/strings/stickerCreation.ts,262,"apps/frontend/src/i18n/strings/stickerCreation.ts:262
/Users/adoll/projects/drawing-app/apps/frontend/src/i18n/strings/stickerCreation.ts:262
/Users/adoll/projects/drawing-app/apps/frontend/src/sticker-creation/tools/ColorSheet.tsx:124"
stickerCreation.colorSheet.swatchNames.brick,stickerCreation,keep,none,Brick,レンガ色,,,レンガ色 clearly communicates the reddish-brown swatch and keeps 色 explicit.,editorial,high,"Color sheet: screen readers' name for the Brick preset color, #B8472E",apps/frontend/src/i18n/strings/stickerCreation.ts,254,"apps/frontend/src/i18n/strings/stickerCreation.ts:254
/Users/adoll/projects/drawing-app/apps/frontend/src/i18n/strings/stickerCreation.ts:254
/Users/adoll/projects/drawing-app/apps/frontend/src/sticker-creation/tools/ColorSheet.tsx:124"
stickerCreation.colorSheet.swatchNames.brown,stickerCreation,keep,none,Brown,茶色,,,茶色 is the ordinary Japanese color name and matches the preset.,editorial,high,"Color sheet: screen readers' name for the Brown preset color, #9A6444",apps/frontend/src/i18n/strings/stickerCreation.ts,240,"apps/frontend/src/i18n/strings/stickerCreation.ts:240
/Users/adoll/projects/drawing-app/apps/frontend/src/i18n/strings/stickerCreation.ts:240
/Users/adoll/projects/drawing-app/apps/frontend/src/sticker-creation/tools/ColorSheet.tsx:124"
stickerCreation.colorSheet.swatchNames.caramel,stickerCreation,context,low,Caramel,キャラメル,,,キャラメル is a plausible paint nickname but leaves the hue implicit for a screen-reader user.,editorial,medium,"Color sheet: screen readers' name for the Caramel preset color, #C58A4A",apps/frontend/src/i18n/strings/stickerCreation.ts,258,"apps/frontend/src/i18n/strings/stickerCreation.ts:258
/Users/adoll/projects/drawing-app/apps/frontend/src/i18n/strings/stickerCreation.ts:258
/Users/adoll/projects/drawing-app/apps/frontend/src/sticker-creation/tools/ColorSheet.tsx:124"
stickerCreation.colorSheet.swatchNames.cerulean,stickerCreation,keep,none,Cerulean,セルリアンブルー,,,セルリアンブルー is established Japanese art-material terminology for this blue family; exact screen hue remains editorial.,editorial,high,"Color sheet: screen readers' name for the Cerulean preset color, #1478C8, a mid blue",apps/frontend/src/i18n/strings/stickerCreation.ts,294,"apps/frontend/src/i18n/strings/stickerCreation.ts:294
/Users/adoll/projects/drawing-app/apps/frontend/src/i18n/strings/stickerCreation.ts:294
/Users/adoll/projects/drawing-app/apps/frontend/src/sticker-creation/tools/ColorSheet.tsx:124"
stickerCreation.colorSheet.swatchNames.charcoal,stickerCreation,rewrite,low,Charcoal,チャコール,,チャコールグレー,チャコール omits グレー and is less clear than the full familiar color name.,editorial,medium,"Color sheet: screen readers' name for the Charcoal preset color, #4A4453, a dark gray",apps/frontend/src/i18n/strings/stickerCreation.ts,224,"apps/frontend/src/i18n/strings/stickerCreation.ts:224
/Users/adoll/projects/drawing-app/apps/frontend/src/i18n/strings/stickerCreation.ts:224
/Users/adoll/projects/drawing-app/apps/frontend/src/sticker-creation/tools/ColorSheet.tsx:124"
stickerCreation.colorSheet.swatchNames.chestnut,stickerCreation,keep,none,Chestnut,栗色,,,栗色 is an established descriptive brown color name and fits the preset.,editorial,high,"Color sheet: screen readers' name for the Chestnut preset color, #7A4A2E",apps/frontend/src/i18n/strings/stickerCreation.ts,256,"apps/frontend/src/i18n/strings/stickerCreation.ts:256
/Users/adoll/projects/drawing-app/apps/frontend/src/i18n/strings/stickerCreation.ts:256
/Users/adoll/projects/drawing-app/apps/frontend/src/sticker-creation/tools/ColorSheet.tsx:124"
stickerCreation.colorSheet.swatchNames.cocoa,stickerCreation,rewrite,low,Cocoa,ココア,,ココア色,ココア is a flavor/object name; ココア色 makes its color role explicit.,editorial,medium,"Color sheet: screen readers' name for the Cocoa preset color, #4A2F25, a dark brown",apps/frontend/src/i18n/strings/stickerCreation.ts,260,"apps/frontend/src/i18n/strings/stickerCreation.ts:260
/Users/adoll/projects/drawing-app/apps/frontend/src/i18n/strings/stickerCreation.ts:260
/Users/adoll/projects/drawing-app/apps/frontend/src/sticker-creation/tools/ColorSheet.tsx:124"
stickerCreation.colorSheet.swatchNames.cream,stickerCreation,rewrite,low,Cream,クリーム,,クリーム色,クリーム is understandable in the palette context; クリーム色 is clearer when announced alone.,editorial,medium,"Color sheet: screen readers' name for the Cream preset color, #FFF1D6",apps/frontend/src/i18n/strings/stickerCreation.ts,234,"apps/frontend/src/i18n/strings/stickerCreation.ts:234
/Users/adoll/projects/drawing-app/apps/frontend/src/i18n/strings/stickerCreation.ts:234
/Users/adoll/projects/drawing-app/apps/frontend/src/sticker-creation/tools/ColorSheet.tsx:124"
stickerCreation.colorSheet.swatchNames.forest,stickerCreation,keep,none,Forest,深緑,,,深緑 directly describes the dark green hue without a literal forest noun.,editorial,high,"Color sheet: screen readers' name for the Forest preset color, #1B6E47, a dark green",apps/frontend/src/i18n/strings/stickerCreation.ts,290,"apps/frontend/src/i18n/strings/stickerCreation.ts:290
/Users/adoll/projects/drawing-app/apps/frontend/src/i18n/strings/stickerCreation.ts:290
/Users/adoll/projects/drawing-app/apps/frontend/src/sticker-creation/tools/ColorSheet.tsx:124"
stickerCreation.colorSheet.swatchNames.grape,stickerCreation,keep,none,Grape,紫,,,紫 describes the intended purple hue more directly than the fruit metaphor.,editorial,high,"Color sheet: screen readers' name for the Grape preset color, #9B7BFF, a violet",apps/frontend/src/i18n/strings/stickerCreation.ts,270,"apps/frontend/src/i18n/strings/stickerCreation.ts:270
/Users/adoll/projects/drawing-app/apps/frontend/src/i18n/strings/stickerCreation.ts:270
/Users/adoll/projects/drawing-app/apps/frontend/src/sticker-creation/tools/ColorSheet.tsx:124"
stickerCreation.colorSheet.swatchNames.graphite,stickerCreation,rewrite,low,Graphite,グラファイト,,グレー,グラファイト is a material name and does not tell a general user this swatch is gray.,editorial,medium,"Color sheet: screen readers' name for the Graphite preset color, #6E6878, a mid gray",apps/frontend/src/i18n/strings/stickerCreation.ts,226,"apps/frontend/src/i18n/strings/stickerCreation.ts:226
/Users/adoll/projects/drawing-app/apps/frontend/src/i18n/strings/stickerCreation.ts:226
/Users/adoll/projects/drawing-app/apps/frontend/src/sticker-creation/tools/ColorSheet.tsx:124"
stickerCreation.colorSheet.swatchNames.green,stickerCreation,keep,none,Green,緑,,,"緑 is an ordinary, unambiguous color term.",editorial,high,"Color sheet: screen readers' name for the Green preset color, #0E9A6E, an emerald green",apps/frontend/src/i18n/strings/stickerCreation.ts,288,"apps/frontend/src/i18n/strings/stickerCreation.ts:288
/Users/adoll/projects/drawing-app/apps/frontend/src/i18n/strings/stickerCreation.ts:288
/Users/adoll/projects/drawing-app/apps/frontend/src/sticker-creation/tools/ColorSheet.tsx:124"
stickerCreation.colorSheet.swatchNames.ice,stickerCreation,keep,none,Ice,水色,,,水色 describes the pale aqua more usefully than a literal 氷 translation.,editorial,high,"Color sheet: screen readers' name for the Ice preset color, #BDEFF2, a pale aqua",apps/frontend/src/i18n/strings/stickerCreation.ts,280,"apps/frontend/src/i18n/strings/stickerCreation.ts:280
/Users/adoll/projects/drawing-app/apps/frontend/src/i18n/strings/stickerCreation.ts:280
/Users/adoll/projects/drawing-app/apps/frontend/src/sticker-creation/tools/ColorSheet.tsx:124"
stickerCreation.colorSheet.swatchNames.ink,stickerCreation,keep,none,Ink,墨色,,,墨色 is a familiar near-black color descriptor and suits the dark ink preset.,editorial,high,"Color sheet: screen readers' name for the Ink preset color, #1C1824, a violet near-black",apps/frontend/src/i18n/strings/stickerCreation.ts,222,"apps/frontend/src/i18n/strings/stickerCreation.ts:222
/Users/adoll/projects/drawing-app/apps/frontend/src/i18n/strings/stickerCreation.ts:222
/Users/adoll/projects/drawing-app/apps/frontend/src/sticker-creation/tools/ColorSheet.tsx:124"
stickerCreation.colorSheet.swatchNames.leaf,stickerCreation,keep,none,Leaf,黄緑,,,黄緑 directly describes the yellow-green hue instead of ambiguously naming a leaf.,editorial,high,"Color sheet: screen readers' name for the Leaf preset color, #4E9A1C, a yellow green",apps/frontend/src/i18n/strings/stickerCreation.ts,286,"apps/frontend/src/i18n/strings/stickerCreation.ts:286
/Users/adoll/projects/drawing-app/apps/frontend/src/i18n/strings/stickerCreation.ts:286
/Users/adoll/projects/drawing-app/apps/frontend/src/sticker-creation/tools/ColorSheet.tsx:124"
stickerCreation.colorSheet.swatchNames.lilac,stickerCreation,keep,none,Lilac,藤色,,,藤色 evokes the light purple family naturally; there is no exact hex equivalence claim.,editorial,high,"Color sheet: screen readers' name for the Lilac preset color, #CDBEFF, a pale purple",apps/frontend/src/i18n/strings/stickerCreation.ts,268,"apps/frontend/src/i18n/strings/stickerCreation.ts:268
/Users/adoll/projects/drawing-app/apps/frontend/src/i18n/strings/stickerCreation.ts:268
/Users/adoll/projects/drawing-app/apps/frontend/src/sticker-creation/tools/ColorSheet.tsx:124"
stickerCreation.colorSheet.swatchNames.magenta,stickerCreation,keep,none,Magenta,マゼンタ,,,マゼンタ is a familiar color term for a drawing palette.,editorial,high,"Color sheet: screen readers' name for the Magenta preset color, #B4299A, a purple pink",apps/frontend/src/i18n/strings/stickerCreation.ts,298,"apps/frontend/src/i18n/strings/stickerCreation.ts:298
/Users/adoll/projects/drawing-app/apps/frontend/src/i18n/strings/stickerCreation.ts:298
/Users/adoll/projects/drawing-app/apps/frontend/src/sticker-creation/tools/ColorSheet.tsx:124"
stickerCreation.colorSheet.swatchNames.navy,stickerCreation,keep,none,Navy,紺色,,,紺色 gives the standard everyday dark-blue name.,editorial,high,"Color sheet: screen readers' name for the Navy preset color, #3B3F8F, a deep indigo",apps/frontend/src/i18n/strings/stickerCreation.ts,272,"apps/frontend/src/i18n/strings/stickerCreation.ts:272
/Users/adoll/projects/drawing-app/apps/frontend/src/i18n/strings/stickerCreation.ts:272
/Users/adoll/projects/drawing-app/apps/frontend/src/sticker-creation/tools/ColorSheet.tsx:124"
stickerCreation.colorSheet.swatchNames.ochre,stickerCreation,keep,none,Ochre,黄土色,,,黄土色 is the established descriptive earth-yellow color term.,editorial,high,"Color sheet: screen readers' name for the Ochre preset color, #B07F00, a dark mustard yellow",apps/frontend/src/i18n/strings/stickerCreation.ts,284,"apps/frontend/src/i18n/strings/stickerCreation.ts:284
/Users/adoll/projects/drawing-app/apps/frontend/src/i18n/strings/stickerCreation.ts:284
/Users/adoll/projects/drawing-app/apps/frontend/src/sticker-creation/tools/ColorSheet.tsx:124"
stickerCreation.colorSheet.swatchNames.orange,stickerCreation,keep,none,Orange,オレンジ,,,オレンジ is a familiar Japanese color label and clear in a palette context.,editorial,high,"Color sheet: screen readers' name for the Orange preset color, #FF7A45",apps/frontend/src/i18n/strings/stickerCreation.ts,248,"apps/frontend/src/i18n/strings/stickerCreation.ts:248
/Users/adoll/projects/drawing-app/apps/frontend/src/i18n/strings/stickerCreation.ts:248
/Users/adoll/projects/drawing-app/apps/frontend/src/sticker-creation/tools/ColorSheet.tsx:124"
stickerCreation.colorSheet.swatchNames.peach,stickerCreation,context,low,Peach,ピーチ,,,ピーチ is a color nickname; a plain light-orange description is more useful when the preset cannot be seen.,editorial,medium,"Color sheet: screen readers' name for the Peach preset color, #FFE0C7, a pale skin tone",apps/frontend/src/i18n/strings/stickerCreation.ts,236,"apps/frontend/src/i18n/strings/stickerCreation.ts:236
/Users/adoll/projects/drawing-app/apps/frontend/src/i18n/strings/stickerCreation.ts:236
/Users/adoll/projects/drawing-app/apps/frontend/src/sticker-creation/tools/ColorSheet.tsx:124"
stickerCreation.colorSheet.swatchNames.pink,stickerCreation,keep,none,Pink,ピンク,,,ピンク is the ordinary Japanese color term.,editorial,high,"Color sheet: screen readers' name for the Pink preset color, #FF4F9A, a hot pink",apps/frontend/src/i18n/strings/stickerCreation.ts,266,"apps/frontend/src/i18n/strings/stickerCreation.ts:266
/Users/adoll/projects/drawing-app/apps/frontend/src/i18n/strings/stickerCreation.ts:266
/Users/adoll/projects/drawing-app/apps/frontend/src/sticker-creation/tools/ColorSheet.tsx:124"
stickerCreation.colorSheet.swatchNames.plum,stickerCreation,rewrite,low,Plum,プラム,,暗い紫,プラム is primarily a fruit name and leaves the dark-purple hue implicit.,editorial,medium,"Color sheet: screen readers' name for the Plum preset color, #9C2067, a dark berry red",apps/frontend/src/i18n/strings/stickerCreation.ts,300,"apps/frontend/src/i18n/strings/stickerCreation.ts:300
/Users/adoll/projects/drawing-app/apps/frontend/src/i18n/strings/stickerCreation.ts:300
/Users/adoll/projects/drawing-app/apps/frontend/src/sticker-creation/tools/ColorSheet.tsx:124"
stickerCreation.colorSheet.swatchNames.pumpkin,stickerCreation,keep,none,Pumpkin,かぼちゃ色,,,"かぼちゃ色 is a transparent descriptive nickname for the orange swatch; it is editorial, not a standard UI term.",editorial,high,"Color sheet: screen readers' name for the Pumpkin preset color, #D96A00, a deep orange",apps/frontend/src/i18n/strings/stickerCreation.ts,282,"apps/frontend/src/i18n/strings/stickerCreation.ts:282
/Users/adoll/projects/drawing-app/apps/frontend/src/i18n/strings/stickerCreation.ts:282
/Users/adoll/projects/drawing-app/apps/frontend/src/sticker-creation/tools/ColorSheet.tsx:124"
stickerCreation.colorSheet.swatchNames.red,stickerCreation,keep,none,Red,赤,,,赤 is the ordinary Japanese color name.,editorial,high,"Color sheet: screen readers' name for the Red preset color, #E8484F",apps/frontend/src/i18n/strings/stickerCreation.ts,252,"apps/frontend/src/i18n/strings/stickerCreation.ts:252
/Users/adoll/projects/drawing-app/apps/frontend/src/i18n/strings/stickerCreation.ts:252
/Users/adoll/projects/drawing-app/apps/frontend/src/sticker-creation/tools/ColorSheet.tsx:124"
stickerCreation.colorSheet.swatchNames.salmon,stickerCreation,keep,none,Salmon,サーモンピンク,,,"サーモンピンク explicitly identifies the pink-orange family, clearer than salmon alone.",editorial,high,"Color sheet: screen readers' name for the Salmon preset color, #FF9E9E",apps/frontend/src/i18n/strings/stickerCreation.ts,264,"apps/frontend/src/i18n/strings/stickerCreation.ts:264
/Users/adoll/projects/drawing-app/apps/frontend/src/i18n/strings/stickerCreation.ts:264
/Users/adoll/projects/drawing-app/apps/frontend/src/sticker-creation/tools/ColorSheet.tsx:124"
stickerCreation.colorSheet.swatchNames.sand,stickerCreation,keep,none,Sand,砂色,,,砂色 clearly gives a warm pale neutral color association.,editorial,high,"Color sheet: screen readers' name for the Sand preset color, #D9D4CB, a pale gray beige",apps/frontend/src/i18n/strings/stickerCreation.ts,230,"apps/frontend/src/i18n/strings/stickerCreation.ts:230
/Users/adoll/projects/drawing-app/apps/frontend/src/i18n/strings/stickerCreation.ts:230
/Users/adoll/projects/drawing-app/apps/frontend/src/sticker-creation/tools/ColorSheet.tsx:124"
stickerCreation.colorSheet.swatchNames.sky,stickerCreation,keep,none,Sky,空色,,,空色 is an ordinary descriptive light-blue color name.,editorial,high,"Color sheet: screen readers' name for the Sky preset color, #7CC6FF, a light blue",apps/frontend/src/i18n/strings/stickerCreation.ts,276,"apps/frontend/src/i18n/strings/stickerCreation.ts:276
/Users/adoll/projects/drawing-app/apps/frontend/src/i18n/strings/stickerCreation.ts:276
/Users/adoll/projects/drawing-app/apps/frontend/src/sticker-creation/tools/ColorSheet.tsx:124"
stickerCreation.colorSheet.swatchNames.stone,stickerCreation,rewrite,low,Stone,ストーン,,暖かいグレー,"ストーン names a material, not an identifiable gray hue; a descriptive color label would be clearer.",editorial,medium,"Color sheet: screen readers' name for the Stone preset color, #A39E93, a warm light gray",apps/frontend/src/i18n/strings/stickerCreation.ts,228,"apps/frontend/src/i18n/strings/stickerCreation.ts:228
/Users/adoll/projects/drawing-app/apps/frontend/src/i18n/strings/stickerCreation.ts:228
/Users/adoll/projects/drawing-app/apps/frontend/src/sticker-creation/tools/ColorSheet.tsx:124"
stickerCreation.colorSheet.swatchNames.tan,stickerCreation,keep,none,Tan,小麦色,,,小麦色 is an understandable warm tan description without resorting to a skin-tone default.,editorial,high,"Color sheet: screen readers' name for the Tan preset color, #E8B48C, a tanned skin tone",apps/frontend/src/i18n/strings/stickerCreation.ts,238,"apps/frontend/src/i18n/strings/stickerCreation.ts:238
/Users/adoll/projects/drawing-app/apps/frontend/src/i18n/strings/stickerCreation.ts:238
/Users/adoll/projects/drawing-app/apps/frontend/src/sticker-creation/tools/ColorSheet.tsx:124"
stickerCreation.colorSheet.swatchNames.teal,stickerCreation,keep,none,Teal,青緑,,,青緑 explicitly names the blue-green hue and is more useful than a transliterated nickname.,editorial,high,"Color sheet: screen readers' name for the Teal preset color, #00868B, a blue green",apps/frontend/src/i18n/strings/stickerCreation.ts,292,"apps/frontend/src/i18n/strings/stickerCreation.ts:292
/Users/adoll/projects/drawing-app/apps/frontend/src/i18n/strings/stickerCreation.ts:292
/Users/adoll/projects/drawing-app/apps/frontend/src/sticker-creation/tools/ColorSheet.tsx:124"
stickerCreation.colorSheet.swatchNames.tomato,stickerCreation,keep,none,Tomato,朱色,,,朱色 describes the orange-red color rather than the literal fruit.,editorial,high,"Color sheet: screen readers' name for the Tomato preset color, #FF5A36, a red orange",apps/frontend/src/i18n/strings/stickerCreation.ts,250,"apps/frontend/src/i18n/strings/stickerCreation.ts:250
/Users/adoll/projects/drawing-app/apps/frontend/src/i18n/strings/stickerCreation.ts:250
/Users/adoll/projects/drawing-app/apps/frontend/src/sticker-creation/tools/ColorSheet.tsx:124"
stickerCreation.colorSheet.swatchNames.violet,stickerCreation,keep,none,Violet,すみれ色,,,すみれ色 is a recognizable purple-family color descriptor.,editorial,high,"Color sheet: screen readers' name for the Violet preset color, #6C3AC4, a deep purple",apps/frontend/src/i18n/strings/stickerCreation.ts,296,"apps/frontend/src/i18n/strings/stickerCreation.ts:296
/Users/adoll/projects/drawing-app/apps/frontend/src/i18n/strings/stickerCreation.ts:296
/Users/adoll/projects/drawing-app/apps/frontend/src/sticker-creation/tools/ColorSheet.tsx:124"
stickerCreation.colorSheet.swatchNames.white,stickerCreation,keep,none,White,白,,,白 is the ordinary Japanese color name.,editorial,high,"Color sheet: screen readers' name for the White preset color, #FFFFFF",apps/frontend/src/i18n/strings/stickerCreation.ts,232,"apps/frontend/src/i18n/strings/stickerCreation.ts:232
/Users/adoll/projects/drawing-app/apps/frontend/src/i18n/strings/stickerCreation.ts:232
/Users/adoll/projects/drawing-app/apps/frontend/src/sticker-creation/tools/ColorSheet.tsx:124"
stickerCreation.colorSheet.swatchNames.yellow,stickerCreation,keep,none,Yellow,黄色,,,黄色 is the ordinary Japanese color name.,editorial,high,"Color sheet: screen readers' name for the Yellow preset color, #FFD93B",apps/frontend/src/i18n/strings/stickerCreation.ts,242,"apps/frontend/src/i18n/strings/stickerCreation.ts:242
/Users/adoll/projects/drawing-app/apps/frontend/src/i18n/strings/stickerCreation.ts:242
/Users/adoll/projects/drawing-app/apps/frontend/src/sticker-creation/tools/ColorSheet.tsx:124"
stickerCreation.colorSheet.swatches,stickerCreation,keep,none,Swatches,パレット,,,パレット is a recognizable Japanese drawing-app name for the fixed color grid.,established-UI,high,"Color sheet: the grid of 30 preset colors, named for screen readers",apps/frontend/src/i18n/strings/stickerCreation.ts,209,"apps/frontend/src/i18n/strings/stickerCreation.ts:209
/Users/adoll/projects/drawing-app/apps/frontend/src/i18n/strings/stickerCreation.ts:209
/Users/adoll/projects/drawing-app/apps/frontend/src/sticker-creation/tools/ColorSheet.tsx:169
https://help.procreate.com/jp/procreate/handbook/interface-gestures/gestures
https://help.procreate.com/jp/procreate/handbook/brushes/brush-studio-settings
https://help.clip-studio.com/ja-jp/"
stickerCreation.colorSheet.title,stickerCreation,keep,none,Color,カラー,,,カラー is established app terminology and a useful heading for the opened color panel.,established-UI,high,"Color sheet, which slides up over the drawing screen from the color tile, or opens under the tool strip on a large screen: its heading, and its name for screen readers",apps/frontend/src/i18n/strings/stickerCreation.ts,203,"apps/frontend/src/i18n/strings/stickerCreation.ts:203
/Users/adoll/projects/drawing-app/apps/frontend/src/i18n/strings/stickerCreation.ts:203
/Users/adoll/projects/drawing-app/apps/frontend/src/sticker-creation/tools/ColorSheet.tsx:47
/Users/adoll/projects/drawing-app/apps/frontend/src/sticker-creation/tools/ColorSheet.tsx:122
https://help.procreate.com/jp/procreate/handbook/interface-gestures/gestures
https://help.procreate.com/jp/procreate/handbook/brushes/brush-studio-settings
https://help.clip-studio.com/ja-jp/"
stickerCreation.history.redo,stickerCreation,keep,none,Redo,やり直す,,,やり直す has exact precedent in Japanese Procreate for reapplying an undone drawing action.,established-UI,high,"Drawing screen, bottom left: the redo tile, named for screen readers",apps/frontend/src/i18n/strings/stickerCreation.ts,336,"apps/frontend/src/i18n/strings/stickerCreation.ts:336
/Users/adoll/projects/drawing-app/apps/frontend/src/i18n/strings/stickerCreation.ts:336
/Users/adoll/projects/drawing-app/apps/frontend/src/sticker-creation/tools/HistoryButtons.tsx:34
https://help.procreate.com/jp/procreate/handbook/interface-gestures/gestures
https://help.procreate.com/jp/procreate/handbook/brushes/brush-studio-settings
https://help.clip-studio.com/ja-jp/"
stickerCreation.history.undo,stickerCreation,keep,none,Undo,元に戻す,,,"元に戻す is familiar Japanese UI wording; Procreate uses 取り消す, but there is no need to change a consistent working label.",established-UI,high,"Drawing screen, bottom left: the undo tile, named for screen readers",apps/frontend/src/i18n/strings/stickerCreation.ts,334,"apps/frontend/src/i18n/strings/stickerCreation.ts:334
/Users/adoll/projects/drawing-app/apps/frontend/src/i18n/strings/stickerCreation.ts:334
/Users/adoll/projects/drawing-app/apps/frontend/src/sticker-creation/tools/HistoryButtons.tsx:25
https://help.procreate.com/jp/procreate/handbook/interface-gestures/gestures
https://help.procreate.com/jp/procreate/handbook/brushes/brush-studio-settings
https://help.clip-studio.com/ja-jp/"
stickerCreation.myBoard,stickerCreation,keep,none,My board,マイボード,,,Approved マイボード navigation label; concise and consistent with the destination.,established-UI,high,"Drawing screen, at the foot between redo and the seal check: the tile that opens your sticker board, named for screen readers",apps/frontend/src/i18n/strings/stickerCreation.ts,339,"apps/frontend/src/i18n/strings/stickerCreation.ts:339
/Users/adoll/projects/drawing-app/apps/frontend/src/i18n/strings/stickerCreation.ts:339
/Users/adoll/projects/drawing-app/apps/frontend/src/sticker-creation/tools/MyBoardTile.tsx:20
https://help.procreate.com/jp/procreate/handbook/interface-gestures/gestures
https://help.procreate.com/jp/procreate/handbook/brushes/brush-studio-settings
https://help.clip-studio.com/ja-jp/"
stickerCreation.seal.empty,stickerCreation,shorten,low,"The sheet is empty, so there’s nothing to seal.",キャンバスが<wbr/>真っ白なので、<wbr/>仕上げるものが<wbr/>ありません。,There’s nothing to seal yet.,まだ何もかかれていません。,真っ白 is factually weaker than empty because a white brush stroke can exist; name the absence of drawing rather than its color.,editorial,high,"Drawing screen, bottom right: the chip beside the seal key, announced, when it's tapped but everything drawn was erased or undone",apps/frontend/src/i18n/strings/stickerCreation.ts,102,"apps/frontend/src/i18n/strings/stickerCreation.ts:102
/Users/adoll/projects/drawing-app/apps/frontend/src/i18n/strings/stickerCreation.ts:102
/Users/adoll/projects/drawing-app/apps/frontend/src/sticker-creation/DrawingScreen.tsx:247
/Users/adoll/projects/drawing-app/apps/frontend/src/sticker-creation/DrawingScreen.tsx:461"
stickerCreation.seal.emptyAtTimeUp,stickerCreation,shorten,low,"Time’s up. The sheet was empty, so nothing was sealed.",時間切れです。<wbr/>キャンバスが<wbr/>真っ白だったので、<wbr/>何も<wbr/>仕上がり<wbr/>ませんでした。,Time’s up. The empty canvas wasn’t sealed.,時間切れです。何もかかれていなかったため、シールは仕上がっていません。,"Explain expiration and no sealed result, but avoid treating visually white as necessarily empty.",editorial,high,"Drawing screen, bottom right: the chip beside the seal key, announced, when time runs out after everything drawn was erased or undone; the sheet is fresh again and the chip goes with its first stroke",apps/frontend/src/i18n/strings/stickerCreation.ts,107,"apps/frontend/src/i18n/strings/stickerCreation.ts:107
/Users/adoll/projects/drawing-app/apps/frontend/src/i18n/strings/stickerCreation.ts:107
/Users/adoll/projects/drawing-app/apps/frontend/src/sticker-creation/DrawingScreen.tsx:247
/Users/adoll/projects/drawing-app/apps/frontend/src/sticker-creation/DrawingScreen.tsx:461"
stickerCreation.seal.failed.noAnswer,stickerCreation,shorten,low,Couldn’t seal: Croquis didn’t answer. Tap the check to try again.,仕上げられ<wbr/>ませんでした：<wbr/>クロッキーから<wbr/>応答が<wbr/>ありません。<wbr/>チェックを<wbr/>もう一度<wbr/>タップして<wbr/>ください。,Couldn’t connect to seal your sticker. Tap the check to retry.,通信できず、仕上げられませんでした。チェックをタップして再試行してください。,"Keeps failure and retry action, but Croquis did not answer is an unnecessarily personified way to say the server could not be reached.",editorial,high,"Drawing screen, bottom right: the chip beside the seal key, announced, when the app's server didn't answer the seal, or its answer couldn't be read; tapping the check sends the same seal again",apps/frontend/src/i18n/strings/stickerCreation.ts,119,"apps/frontend/src/i18n/strings/stickerCreation.ts:119
/Users/adoll/projects/drawing-app/apps/frontend/src/i18n/strings/stickerCreation.ts:119
/Users/adoll/projects/drawing-app/apps/frontend/src/sticker-creation/SealKey.tsx:29"
stickerCreation.seal.failed.notOnChain,stickerCreation,rewrite,medium,"Your sticker is saved, but isn’t sealed on-chain yet. Tap the check to try again.",シールは<wbr/>保存されましたが、<wbr/>ブロックチェーン<wbr/>上では<wbr/>まだ<wbr/>仕上がって<wbr/>いません。<wbr/>チェックを<wbr/>もう一度<wbr/>タップして<wbr/>ください。,"Your sticker is saved, but sealing hasn’t finished. Tap the check to retry.",シールは保存されています。仕上げが完了していないため、チェックをタップして再試行してください。,The saved-versus-finalized distinction matters; on-chain language is unnecessary for deciding to retry and should stay in details.,editorial,high,"Drawing screen, bottom right: the chip beside the seal key, announced, when the sticker was saved but its on-chain seal wasn't confirmed; trying again doesn't use another ticket",apps/frontend/src/i18n/strings/stickerCreation.ts,129,"apps/frontend/src/i18n/strings/stickerCreation.ts:129
/Users/adoll/projects/drawing-app/apps/frontend/src/i18n/strings/stickerCreation.ts:129
/Users/adoll/projects/drawing-app/apps/frontend/src/sticker-creation/SealKey.tsx:29"
stickerCreation.seal.failed.onThisPhone,stickerCreation,shorten,low,Couldn’t seal: something went wrong on this phone. Tap the check to try again.,仕上げられ<wbr/>ませんでした：<wbr/>この端末で<wbr/>問題が<wbr/>起きました。<wbr/>チェックを<wbr/>もう一度<wbr/>タップして<wbr/>ください。,A problem on this device prevented sealing. Tap the check to retry.,この端末で問題が起き、仕上げられませんでした。チェックをタップして再試行してください。,Local failure location and retry remain useful; Japanese is natural but can use one shorter sentence.,editorial,high,"Drawing screen, bottom right: the chip beside the seal key, announced, when sealing failed on this phone before the server was asked; the check is the seal key's icon",apps/frontend/src/i18n/strings/stickerCreation.ts,114,"apps/frontend/src/i18n/strings/stickerCreation.ts:114
/Users/adoll/projects/drawing-app/apps/frontend/src/i18n/strings/stickerCreation.ts:114
/Users/adoll/projects/drawing-app/apps/frontend/src/sticker-creation/SealKey.tsx:29"
stickerCreation.seal.failed.serverProblem,stickerCreation,rewrite,low,Couldn’t seal: something went wrong on our side. Tap the check to try again.,仕上げられ<wbr/>ませんでした：<wbr/>こちら側で<wbr/>問題が<wbr/>発生しました。<wbr/>チェックを<wbr/>もう一度<wbr/>タップして<wbr/>ください。,A server error prevented sealing. Tap the check to retry.,サーバーで問題が起き、仕上げられませんでした。チェックをタップして再試行してください。,"Server-side failure is meaningful, but こちら側 is vague and not a familiar error label.",editorial,high,"Drawing screen, bottom right: the chip beside the seal key, announced, when the app's server failed while sealing",apps/frontend/src/i18n/strings/stickerCreation.ts,124,"apps/frontend/src/i18n/strings/stickerCreation.ts:124
/Users/adoll/projects/drawing-app/apps/frontend/src/i18n/strings/stickerCreation.ts:124
/Users/adoll/projects/drawing-app/apps/frontend/src/sticker-creation/SealKey.tsx:29"
stickerCreation.seal.failed.signInExpired,stickerCreation,shorten,low,Couldn’t seal: your LINE sign-in expired. Tap the check to reconnect with LINE.,仕上げられ<wbr/>ませんでした：<wbr/>LINEの<wbr/>ログイン情報の<wbr/>有効期限が<wbr/>切れました。<wbr/>チェックを<wbr/>タップして<wbr/>LINEで<wbr/>再ログイン<wbr/>してください。,Your LINE login expired. Tap the check to sign in again and finish sealing.,LINEのログイン期限が切れました。チェックをタップして再ログインし、仕上げてください。,"An expired LINE login requires a different recovery from ordinary retry, so retain the specific account context.",editorial,high,"Drawing screen, bottom right: the chip beside the seal key, announced, when sealing waited on your Sui address and LINE's sign-in had expired, so Privy couldn't sign in; tapping the check reconnects with LINE and comes back to the drawing screen, which picks the drawing back up",apps/frontend/src/i18n/strings/stickerCreation.ts,139,"apps/frontend/src/i18n/strings/stickerCreation.ts:139
/Users/adoll/projects/drawing-app/apps/frontend/src/i18n/strings/stickerCreation.ts:139
/Users/adoll/projects/drawing-app/apps/frontend/src/sticker-creation/SealKey.tsx:29"
stickerCreation.seal.failed.suiAddress,stickerCreation,rewrite,medium,Couldn’t seal: your Sui address isn’t ready. Tap the check to try again.,仕上げられ<wbr/>ませんでした：<wbr/>Suiアドレスの<wbr/>準備が<wbr/>できていません。<wbr/>チェックを<wbr/>もう一度<wbr/>タップして<wbr/>ください。,Sticker storage isn’t ready. Tap the check to retry sealing.,シールの保管先を準備できませんでした。チェックをタップして仕上げを再試行してください。,The user cannot act on an address being unready; explain preparation of sticker storage in the main note and leave exact technical cause in details.,editorial,high,"Drawing screen, bottom right: the chip beside the seal key, announced, when sealing waited on your Sui address (the Privy wallet your stickers are kept in) and it never got ready",apps/frontend/src/i18n/strings/stickerCreation.ts,134,"apps/frontend/src/i18n/strings/stickerCreation.ts:134
/Users/adoll/projects/drawing-app/apps/frontend/src/i18n/strings/stickerCreation.ts:134
/Users/adoll/projects/drawing-app/apps/frontend/src/sticker-creation/SealKey.tsx:29"
stickerCreation.seal.interrupted,stickerCreation,shorten,low,Your sticker was being sealed. Tap the check to finish sealing it.,シールを<wbr/>仕上げている<wbr/>途中でした。<wbr/>チェックを<wbr/>タップして<wbr/>仕上げてください。,Sealing was interrupted. Tap the check to finish.,仕上げが中断されました。チェックをタップして完了してください。,The restored sheet is already locked; explain resuming sealing without implying it can be edited.,editorial,high,"Drawing screen, bottom right: the chip beside the seal key, announced, when a reload brings back a drawing whose seal was on its way, so the sheet stays as it was sealed; tapping the check finishes the seal",apps/frontend/src/i18n/strings/stickerCreation.ts,159,"apps/frontend/src/i18n/strings/stickerCreation.ts:159
/Users/adoll/projects/drawing-app/apps/frontend/src/i18n/strings/stickerCreation.ts:159
/Users/adoll/projects/drawing-app/apps/frontend/src/sticker-creation/DrawingScreen.tsx:1126"
stickerCreation.seal.label,stickerCreation,keep,none,Seal,仕上げ,,,Approved 仕上げ is the accessible name for the check icon; do not remove because the icon is visible.,editorial,high,"Drawing screen, bottom right: the seal key's name for screen readers; the key shows a check mark, and a tap opens the seal sheet",apps/frontend/src/i18n/strings/stickerCreation.ts,100,"apps/frontend/src/i18n/strings/stickerCreation.ts:100
/Users/adoll/projects/drawing-app/apps/frontend/src/i18n/strings/stickerCreation.ts:100
/Users/adoll/projects/drawing-app/apps/frontend/src/sticker-creation/SealKey.tsx:40"
stickerCreation.seal.refused,stickerCreation,keep,none,Couldn’t seal. {{reason}},仕上げられ<wbr/>ませんでした。<wbr/>{{reason}},,,Necessary contextual wrapper for the reason; avoid adding a generic apology or duplicate recovery.,editorial,high,"Drawing screen, bottom right: the chip beside the seal key, announced, when the server refused the seal, or LINE couldn't reconnect; {{reason}} is that error's message, which says what to do",apps/frontend/src/i18n/strings/stickerCreation.ts,145,"apps/frontend/src/i18n/strings/stickerCreation.ts:145
/Users/adoll/projects/drawing-app/apps/frontend/src/i18n/strings/stickerCreation.ts:145
/Users/adoll/projects/drawing-app/apps/frontend/src/sticker-creation/DrawingScreen.tsx:521
/Users/adoll/projects/drawing-app/apps/frontend/src/sticker-creation/DrawingScreen.tsx:528"
stickerCreation.seal.refusedAtTimeUp,stickerCreation,shorten,low,"Time’s up. Croquis didn’t accept the seal, so nothing was sealed. {{reason}}",時間切れです。<wbr/>クロッキーが<wbr/>仕上げを<wbr/>受け付け<wbr/>なかったので、<wbr/>何も<wbr/>仕上がり<wbr/>ませんでした。<wbr/>{{reason}},Time’s up. Your sticker couldn’t be sealed. {{reason}},時間切れです。シールを仕上げられませんでした。{{reason}},Repeats the sealing failure twice; one expiration sentence plus failed action and reason is enough.,editorial,high,"Drawing screen, bottom right: the chip beside the seal key, announced, when the server refused the seal at 0:00; the sheet is fresh again and the chip goes with its first stroke; {{reason}} is the refusal's message",apps/frontend/src/i18n/strings/stickerCreation.ts,154,"apps/frontend/src/i18n/strings/stickerCreation.ts:154
/Users/adoll/projects/drawing-app/apps/frontend/src/i18n/strings/stickerCreation.ts:154
/Users/adoll/projects/drawing-app/apps/frontend/src/sticker-creation/DrawingScreen.tsx:521"
stickerCreation.seal.startOver,stickerCreation,context,high,Start a new sticker,新しい<wbr/>シールをかく,Discard and start a new sticker,破棄して新しいシールをかく,This action discards the unsealed sticker and spent ticket; the label does not reveal that consequence.,editorial,high,"Drawing screen, bottom left, at 0:00 after a seal that never reached the server failed: the quiet link that lets the sticker in progress go, and its ticket with it, for a fresh sheet",apps/frontend/src/i18n/strings/stickerCreation.ts,152,"apps/frontend/src/i18n/strings/stickerCreation.ts:152
/Users/adoll/projects/drawing-app/apps/frontend/src/i18n/strings/stickerCreation.ts:152
/Users/adoll/projects/drawing-app/apps/frontend/src/sticker-creation/DrawingScreen.tsx:1164
/Users/adoll/projects/drawing-app/apps/frontend/src/sticker-creation/DrawingScreen.tsx:1159"
stickerCreation.seal.timeUp,stickerCreation,keep,none,Time’s up. {{problem}},時間切れです。<wbr/>{{problem}},,,Useful prefix that adds expiration context to a specific failure; retain the problem placeholder.,editorial,high,"Drawing screen, bottom right: the chip beside the seal key, announced, when a seal failed at 0:00, in front of that chip's words; {{problem}} is the words",apps/frontend/src/i18n/strings/stickerCreation.ts,150,"apps/frontend/src/i18n/strings/stickerCreation.ts:150
/Users/adoll/projects/drawing-app/apps/frontend/src/i18n/strings/stickerCreation.ts:150
/Users/adoll/projects/drawing-app/apps/frontend/src/sticker-creation/DrawingScreen.tsx:531"
stickerCreation.sealCeremony.sealing,stickerCreation,keep,none,Sealing your sticker…,シールを仕上げています…,,,Necessary progress status while the seal request runs; natural Japanese.,editorial,high,"Drawing screen, after tapping the check to seal: the white label at the foot of the screen while the server records the seal, and what screen readers hear",apps/frontend/src/i18n/strings/stickerCreation.ts,343,"apps/frontend/src/i18n/strings/stickerCreation.ts:343
/Users/adoll/projects/drawing-app/apps/frontend/src/i18n/strings/stickerCreation.ts:343
/Users/adoll/projects/drawing-app/apps/frontend/src/sticker-creation/sealing/SealingStatusLabel.tsx:45"
stickerCreation.sealCeremony.takesAWhile,stickerCreation,rewrite,low,It can take up to half a minute.,30秒ほどかかることがあります。,This can take around half a minute.,,"Appears only after a delay, so not startup clutter; English up to promises a cap that the next state contradicts.",editorial,high,"Drawing screen, when sealing takes a while: the line added under “Sealing your sticker…” on a fresh label",apps/frontend/src/i18n/strings/stickerCreation.ts,345,"apps/frontend/src/i18n/strings/stickerCreation.ts:345
/Users/adoll/projects/drawing-app/apps/frontend/src/i18n/strings/stickerCreation.ts:345
/Users/adoll/projects/drawing-app/apps/frontend/src/sticker-creation/sealing/SealingStatusLabel.tsx:48"
stickerCreation.sealCeremony.takingLonger,stickerCreation,keep,none,It’s taking longer than usual.,いつもより時間がかかっています。,,,"Adds meaningful progress feedback after the expected wait, and it replaces the earlier note rather than accumulating copy.",editorial,high,"Drawing screen, when sealing takes longer still: the line that replaces “It can take up to half a minute.”",apps/frontend/src/i18n/strings/stickerCreation.ts,347,"apps/frontend/src/i18n/strings/stickerCreation.ts:347
/Users/adoll/projects/drawing-app/apps/frontend/src/i18n/strings/stickerCreation.ts:347
/Users/adoll/projects/drawing-app/apps/frontend/src/sticker-creation/sealing/SealingStatusLabel.tsx:50"
stickerCreation.sealSheet.notYet,stickerCreation,rewrite,low,Not yet,もう少しかく,Keep drawing,,Japanese already states the recovery action more clearly than English Not yet.,editorial,high,Seal sheet: the quiet link under Seal that closes the sheet back to the drawing; not offered once time's up,apps/frontend/src/i18n/strings/stickerCreation.ts,180,"apps/frontend/src/i18n/strings/stickerCreation.ts:180
/Users/adoll/projects/drawing-app/apps/frontend/src/i18n/strings/stickerCreation.ts:180
/Users/adoll/projects/drawing-app/apps/frontend/src/sticker-creation/SealSheet.tsx:72"
stickerCreation.sealSheet.nsfw,stickerCreation,context,high,18+ sticker,18+のシール,,,The compact switch does not disclose permanence to sighted users; the later-mark confirmation has that disclosure but sealing does not.,editorial,high,"Seal sheet: the switch row's only words; on, the sticker seals as 18+, and the preview's edge turns pink foil; off on every new sheet",apps/frontend/src/i18n/strings/stickerCreation.ts,171,"apps/frontend/src/i18n/strings/stickerCreation.ts:171
/Users/adoll/projects/drawing-app/apps/frontend/src/i18n/strings/stickerCreation.ts:171
/Users/adoll/projects/drawing-app/apps/frontend/src/sticker-creation/SealSheet.tsx:55
/Users/adoll/projects/drawing-app/apps/frontend/src/sticker-creation/SealSheet.tsx:61
/Users/adoll/projects/drawing-app/apps/frontend/src/sticker-creation/SealSheet.tsx:65"
stickerCreation.sealSheet.nsfwLabel,stickerCreation,context,high,18+ sticker: blurred for anyone who hasn’t turned on Show 18+ stickers,18+のシール：「18+のシールを表示する」をオンにしていない人にはぼかして表示,,,Current accessible description covers blurring but omits the irreversible mark; add that consequence for parity with the later confirmation.,editorial,high,"Seal sheet: the 18+ switch's name for screen readers, which starts with its visible words",apps/frontend/src/i18n/strings/stickerCreation.ts,173,"apps/frontend/src/i18n/strings/stickerCreation.ts:173
/Users/adoll/projects/drawing-app/apps/frontend/src/i18n/strings/stickerCreation.ts:173
/Users/adoll/projects/drawing-app/apps/frontend/src/sticker-creation/SealSheet.tsx:61
/Users/adoll/projects/drawing-app/apps/frontend/src/sticker-board/StickerDetail.tsx:617"
stickerCreation.sealSheet.seal,stickerCreation,keep,none,Seal,仕上げ,,,"Approved short confirmation label, with preview and question providing the object.",editorial,high,"Seal sheet: the key, with a check mark, that seals the sticker and starts the seal ceremony",apps/frontend/src/i18n/strings/stickerCreation.ts,178,"apps/frontend/src/i18n/strings/stickerCreation.ts:178
/Users/adoll/projects/drawing-app/apps/frontend/src/i18n/strings/stickerCreation.ts:178
/Users/adoll/projects/drawing-app/apps/frontend/src/sticker-creation/SealSheet.tsx:68"
stickerCreation.sealSheet.timeUp,stickerCreation,keep,none,Time’s up,時間切れ,,,Approved 時間切れ accurately distinguishes forced finish from a voluntary seal.,editorial,high,"Seal sheet, raised by the clock reaching 0:00 (or brought back by a reload then): its title, and its name for screen readers; the drawing can only be sealed now",apps/frontend/src/i18n/strings/stickerCreation.ts,169,"apps/frontend/src/i18n/strings/stickerCreation.ts:169
/Users/adoll/projects/drawing-app/apps/frontend/src/i18n/strings/stickerCreation.ts:169
/Users/adoll/projects/drawing-app/apps/frontend/src/sticker-creation/SealSheet.tsx:41"
stickerCreation.sealSheet.title,stickerCreation,keep,none,Seal this sticker?,このシールを<wbr/>仕上げますか？,,,Confirms the irreversible finish while showing the exact drawing preview; useful rather than redundant.,editorial,high,"Seal sheet, over the drawing after a tap on the seal key: its title, and its name for screen readers",apps/frontend/src/i18n/strings/stickerCreation.ts,167,"apps/frontend/src/i18n/strings/stickerCreation.ts:167
/Users/adoll/projects/drawing-app/apps/frontend/src/i18n/strings/stickerCreation.ts:167
/Users/adoll/projects/drawing-app/apps/frontend/src/sticker-creation/SealSheet.tsx:42"
stickerCreation.sealedCard.buyReserveTickets,stickerCreation,keep,none,Buy reserve tickets,有償チケットを買う,,,Explicitly names the paid ticket type; shortening to Buy tickets would hide a material distinction.,editorial,high,"Sealed card: the small button at the bottom after your last ticket, with a ticket icon; it opens the reserve ticket checkout",apps/frontend/src/i18n/strings/stickerCreation.ts,358,"apps/frontend/src/i18n/strings/stickerCreation.ts:358
/Users/adoll/projects/drawing-app/apps/frontend/src/i18n/strings/stickerCreation.ts:358
/Users/adoll/projects/drawing-app/apps/frontend/src/sticker-creation/sealing/SealedCard.tsx:184"
stickerCreation.sealedCard.finePrint,stickerCreation,keep,none,{{no}} · <duration/> · {{day}},{{no}}・<duration/>・{{day}},,,Compact identifying metadata; Japanese separators and rendered duration are appropriate.,editorial,high,"Sealed card: the fine print under the title; {{no}} is the sticker's number (No.0012), <duration/> its drawing time (3分12秒) and {{day}} the day it was sealed (2026.09.27)",apps/frontend/src/i18n/strings/stickerCreation.ts,354,"apps/frontend/src/i18n/strings/stickerCreation.ts:354
/Users/adoll/projects/drawing-app/apps/frontend/src/i18n/strings/stickerCreation.ts:354
/Users/adoll/projects/drawing-app/apps/frontend/src/sticker-creation/sealing/SealedCard.tsx:151"
stickerCreation.sealedCard.keepDrawing,stickerCreation,rewrite,medium,Keep drawing,もう1枚かく,Draw another sticker,,Japanese もう1枚かく accurately signals a fresh sticker; English Keep drawing can imply editing the just-sealed one.,editorial,high,Sealed card: the main key while you have tickets left; it opens a fresh sheet for the next sticker,apps/frontend/src/i18n/strings/stickerCreation.ts,356,"apps/frontend/src/i18n/strings/stickerCreation.ts:356
/Users/adoll/projects/drawing-app/apps/frontend/src/i18n/strings/stickerCreation.ts:356
/Users/adoll/projects/drawing-app/apps/frontend/src/sticker-creation/sealing/SealedCard.tsx:175"
stickerCreation.sealedCard.refill,stickerCreation,shorten,low,New daily tickets at {{time}},{{time}}に新しい無償チケットが届きます,,無償チケットは{{time}}に補充されます,Useful explanation after the final daily ticket; Japanese can express the same timing in fewer words.,editorial,high,"Sealed card: the line under the tickets once this sticker used the day's last daily ticket, whether or not reserve tickets remain; {{time}} is when daily tickets refill (0:00 in Japanese)",apps/frontend/src/i18n/strings/stickerCreation.ts,360,"apps/frontend/src/i18n/strings/stickerCreation.ts:360
/Users/adoll/projects/drawing-app/apps/frontend/src/i18n/strings/stickerCreation.ts:360
/Users/adoll/projects/drawing-app/apps/frontend/src/sticker-creation/sealing/SealedCard.tsx:68"
stickerCreation.sealedCard.title,stickerCreation,keep,none,Sealed,仕上がりました,,,The completion heading confirms an immutable sticker now exists; approved Japanese form.,editorial,high,"Sealed card, the backing card the new sticker lands on at the end of the seal ceremony: its title, under the sticker",apps/frontend/src/i18n/strings/stickerCreation.ts,352,"apps/frontend/src/i18n/strings/stickerCreation.ts:352
/Users/adoll/projects/drawing-app/apps/frontend/src/i18n/strings/stickerCreation.ts:352
/Users/adoll/projects/drawing-app/apps/frontend/src/sticker-creation/sealing/SealedCard.tsx:132"
stickerCreation.sizeRail.brush,stickerCreation,keep,none,Brush size,ブラシのサイズ,,,Accessible control name identifies brush size and follows established Japanese drawing-app vocabulary.,established-UI,high,"Drawing screen, left edge: the size rail's name for screen readers while the brush or the fill is in hand",apps/frontend/src/i18n/strings/stickerCreation.ts,305,"apps/frontend/src/i18n/strings/stickerCreation.ts:305
/Users/adoll/projects/drawing-app/apps/frontend/src/i18n/strings/stickerCreation.ts:305
/Users/adoll/projects/drawing-app/apps/frontend/src/sticker-creation/tools/SizeRail.tsx:117
https://help.procreate.com/jp/procreate/handbook/interface-gestures/gestures
https://help.procreate.com/jp/procreate/handbook/brushes/brush-studio-settings
https://help.clip-studio.com/ja-jp/"
stickerCreation.sizeRail.eraser,stickerCreation,keep,none,Eraser size,消しゴムのサイズ,,,"Names the active eraser size independently from the brush, which helps prevent changing the wrong tool.",established-UI,high,"Drawing screen, left edge: the size rail's name for screen readers while the eraser is in hand",apps/frontend/src/i18n/strings/stickerCreation.ts,307,"apps/frontend/src/i18n/strings/stickerCreation.ts:307
/Users/adoll/projects/drawing-app/apps/frontend/src/i18n/strings/stickerCreation.ts:307
/Users/adoll/projects/drawing-app/apps/frontend/src/sticker-creation/tools/SizeRail.tsx:116
https://help.procreate.com/jp/procreate/handbook/interface-gestures/gestures
https://help.procreate.com/jp/procreate/handbook/brushes/brush-studio-settings
https://help.clip-studio.com/ja-jp/"
stickerCreation.sizeRail.value,stickerCreation,keep,none,{{size}} px,{{size}}ピクセル,,,Japanese ピクセル gives screen readers an unambiguous spoken unit while the visible rail stays numeric.,established-UI,high,"Drawing screen, left edge: read by screen readers as the size rail moves; {{size}} is 1 to 48; the number shown on the rail doesn't use this text",apps/frontend/src/i18n/strings/stickerCreation.ts,309,"apps/frontend/src/i18n/strings/stickerCreation.ts:309
/Users/adoll/projects/drawing-app/apps/frontend/src/i18n/strings/stickerCreation.ts:309
/Users/adoll/projects/drawing-app/apps/frontend/src/sticker-creation/tools/SizeRail.tsx:123
https://help.procreate.com/jp/procreate/handbook/interface-gestures/gestures
https://help.procreate.com/jp/procreate/handbook/brushes/brush-studio-settings
https://help.clip-studio.com/ja-jp/"
stickerCreation.smoothingBar.raw,stickerCreation,rewrite,medium,Raw,弱,None,なし,The endpoint is zero smoothing; Japanese 弱 means weak and misleadingly suggests some correction remains.,source-backed,high,"Smoothing bar, under the tool strip: the small label at the slider's left end, no smoothing; hidden from screen readers",apps/frontend/src/i18n/strings/stickerCreation.ts,314,"apps/frontend/src/i18n/strings/stickerCreation.ts:314
/Users/adoll/projects/drawing-app/apps/frontend/src/i18n/strings/stickerCreation.ts:314
/Users/adoll/projects/drawing-app/apps/frontend/src/sticker-creation/tools/SmoothingBar.tsx:51
https://help.clip-studio.com/ja-jp/manual_jp/810_subtools/は行.htm
/Users/adoll/projects/drawing-app/apps/frontend/src/sticker-creation/tools/SmoothingBar.tsx:62"
stickerCreation.smoothingBar.smooth,stickerCreation,keep,none,Smooth,強,,,The maximum endpoint 強 clearly communicates strongest correction.,established-UI,high,"Smoothing bar, under the tool strip: the small label at the slider's right end, the most smoothing; hidden from screen readers",apps/frontend/src/i18n/strings/stickerCreation.ts,316,"apps/frontend/src/i18n/strings/stickerCreation.ts:316
/Users/adoll/projects/drawing-app/apps/frontend/src/i18n/strings/stickerCreation.ts:316
/Users/adoll/projects/drawing-app/apps/frontend/src/sticker-creation/tools/SmoothingBar.tsx:66
https://help.procreate.com/jp/procreate/handbook/interface-gestures/gestures
https://help.procreate.com/jp/procreate/handbook/brushes/brush-studio-settings
https://help.clip-studio.com/ja-jp/"
stickerCreation.timer.label,stickerCreation,keep,none,Timer,タイマー,,,Necessary accessible name for the timer before drawing starts and when pausing is unavailable.,established-UI,high,"Drawing screen, top left: the timer dot's name for screen readers before the first stroke starts the clock, and on a begun sheet in Kyoto Seika Practice Mode, whose clock never pauses",apps/frontend/src/i18n/strings/stickerCreation.ts,9,"apps/frontend/src/i18n/strings/stickerCreation.ts:9
/Users/adoll/projects/drawing-app/apps/frontend/src/i18n/strings/stickerCreation.ts:9
/Users/adoll/projects/drawing-app/apps/frontend/src/sticker-creation/TimerDot.tsx:186
https://help.procreate.com/jp/procreate/handbook/interface-gestures/gestures
https://help.procreate.com/jp/procreate/handbook/brushes/brush-studio-settings
https://help.clip-studio.com/ja-jp/
https://support.apple.com/ja-jp/111098"
stickerCreation.timer.note.clockRuns,stickerCreation,shorten,low,"The clock runs, as in the real test",本番と同じく、時計は止まりません,The timer cannot pause,タイマーは一時停止できません,"An explanation of nonpausing behavior is useful on tap, but the real-exam comparison is unnecessary and overbroad.",editorial,high,"Drawing screen, top left, a sheet in Kyoto Seika Practice Mode once begun: the white label under the timer for a few seconds when it's tapped, since its clock never pauses; also announced",apps/frontend/src/i18n/strings/stickerCreation.ts,69,"apps/frontend/src/i18n/strings/stickerCreation.ts:69
/Users/adoll/projects/drawing-app/apps/frontend/src/i18n/strings/stickerCreation.ts:69
/Users/adoll/projects/drawing-app/apps/frontend/src/sticker-creation/TimerDot.tsx:103"
stickerCreation.timer.note.lost,stickerCreation,keep,none,Couldn’t pick up where you left off,前回の続きから再開できませんでした,,,Explains that the previous drawing could not be resumed; the following blank sheet would otherwise be confusing.,editorial,high,"Drawing screen, top left: the white label under the timer when a reload couldn't bring back your drawing in progress, and it had no ticket to carry over, until the first stroke; also announced",apps/frontend/src/i18n/strings/stickerCreation.ts,86,"apps/frontend/src/i18n/strings/stickerCreation.ts:86
/Users/adoll/projects/drawing-app/apps/frontend/src/i18n/strings/stickerCreation.ts:86
/Users/adoll/projects/drawing-app/apps/frontend/src/sticker-creation/DrawingScreen.tsx:935"
stickerCreation.timer.note.minutesLeft,stickerCreation,keep,none,{{minutes}} minutes left,残り{{minutes}}分,,,Natural proctor-style remaining-time call; keeps the exact number audible.,editorial,high,"Drawing screen, top left, a sheet in Kyoto Seika Practice Mode: the white label under the timer for a few seconds at 10 and at 5 minutes left, as a proctor calls the time; also announced",apps/frontend/src/i18n/strings/stickerCreation.ts,67,"apps/frontend/src/i18n/strings/stickerCreation.ts:67
/Users/adoll/projects/drawing-app/apps/frontend/src/i18n/strings/stickerCreation.ts:67
/Users/adoll/projects/drawing-app/apps/frontend/src/sticker-creation/TimerDot.tsx:108"
stickerCreation.timer.note.notKept,stickerCreation,keep,none,"This phone can’t keep your drawing,
so seal it before you close the app","かきかけのシールをこの端末に残せません。
アプリを閉じる前に仕上げてください",,,"Essential warning about losing unsaved work, with a direct recovery action; do not remove for brevity.",editorial,high,"Drawing screen, top left: the white label under the timer, also announced, for as long as this phone can't keep your drawing in progress, so a reload or closing the app would lose it; it goes once the drawing is kept again; the label never wraps by itself",apps/frontend/src/i18n/strings/stickerCreation.ts,91,"apps/frontend/src/i18n/strings/stickerCreation.ts:91
/Users/adoll/projects/drawing-app/apps/frontend/src/i18n/strings/stickerCreation.ts:91
/Users/adoll/projects/drawing-app/apps/frontend/src/sticker-creation/DrawingScreen.tsx:927"
stickerCreation.timer.note.pickedUp,stickerCreation,keep,none,Picked up where you left off,続きから再開しました,,,"Confirms successful resumption, which is distinct from the timer's separate paused state.",editorial,high,"Drawing screen, top left: the white label under the timer when a reload brings back your drawing in progress, paused, until the clock runs again; also announced",apps/frontend/src/i18n/strings/stickerCreation.ts,74,"apps/frontend/src/i18n/strings/stickerCreation.ts:74
/Users/adoll/projects/drawing-app/apps/frontend/src/i18n/strings/stickerCreation.ts:74
/Users/adoll/projects/drawing-app/apps/frontend/src/sticker-creation/DrawingScreen.tsx:929"
stickerCreation.timer.note.sealedBeforeReload,stickerCreation,keep,none,Your last sticker was sealed,前回のシールは仕上がりました,,,Explains why a fresh sheet is showing after reload even though the last seal succeeded.,editorial,high,"Drawing screen, top left: the white label under the timer when a reload couldn't bring back your drawing, but its seal had reached the server, so it's on your sticker board and a fresh sheet takes its place, until the first stroke; also announced",apps/frontend/src/i18n/strings/stickerCreation.ts,81,"apps/frontend/src/i18n/strings/stickerCreation.ts:81
/Users/adoll/projects/drawing-app/apps/frontend/src/i18n/strings/stickerCreation.ts:81
/Users/adoll/projects/drawing-app/apps/frontend/src/sticker-creation/DrawingScreen.tsx:933"
stickerCreation.timer.note.startsWhenYouDraw,stickerCreation,keep,none,Starts when you draw,かき始めるとスタート,,,A brief contextual hint for the first visits or a timer tap; not permanent instructional clutter.,editorial,high,"Drawing screen, top left: the white label under the timer after Start on your first few visits, or when you tap the timer before the first stroke; also announced",apps/frontend/src/i18n/strings/stickerCreation.ts,63,"apps/frontend/src/i18n/strings/stickerCreation.ts:63
/Users/adoll/projects/drawing-app/apps/frontend/src/i18n/strings/stickerCreation.ts:63
/Users/adoll/projects/drawing-app/apps/frontend/src/sticker-creation/DrawingScreen.tsx:939"
stickerCreation.timer.note.startsWhenYouPressBegin,stickerCreation,rewrite,low,Starts when you press Begin,はじめを押すとスタート,,「はじめ」を押すとスタート,Accurately identifies the start key; quotation marks around the Japanese label would improve matching.,editorial,high,"Drawing screen, top left, a sheet in Kyoto Seika Practice Mode: the white label under the timer while its two subjects wait for Begin, on your first few visits or when you tap the timer; also announced",apps/frontend/src/i18n/strings/stickerCreation.ts,65,"apps/frontend/src/i18n/strings/stickerCreation.ts:65
/Users/adoll/projects/drawing-app/apps/frontend/src/i18n/strings/stickerCreation.ts:65
/Users/adoll/projects/drawing-app/apps/frontend/src/sticker-creation/TimerDot.tsx:93
/Users/adoll/projects/drawing-app/apps/frontend/src/sticker-creation/DrawingScreen.tsx:938"
stickerCreation.timer.note.tapToKeepDrawing,stickerCreation,keep,none,"Tap the timer
to keep drawing.","タイマーをタップすると
続きをかけます。",,,Essential hint when an attempted stroke meets a paused canvas; the action should remain.,editorial,high,"Drawing screen, top left: the white label under the timer for a few seconds when you draw on a paused sheet, also announced; the label never wraps by itself, so the line break is where it wraps",apps/frontend/src/i18n/strings/stickerCreation.ts,58,"apps/frontend/src/i18n/strings/stickerCreation.ts:58
/Users/adoll/projects/drawing-app/apps/frontend/src/i18n/strings/stickerCreation.ts:58
/Users/adoll/projects/drawing-app/apps/frontend/src/sticker-creation/TimerDot.tsx:100"
stickerCreation.timer.note.ticketCarriesOver,stickerCreation,keep,none,"Couldn’t pick up your drawing,
so its ticket carries over","続きから再開できなかったので、
チケットはそのまま使えます",,,The lost drawing and reused ticket are distinct consequences; current copy explains both without implying a refund.,editorial,high,"Drawing screen, top left: the white label under the timer when a reload couldn't bring back your drawing, so a fresh sheet uses the same ticket, until the first stroke; also announced; the label never wraps by itself",apps/frontend/src/i18n/strings/stickerCreation.ts,76,"apps/frontend/src/i18n/strings/stickerCreation.ts:76
/Users/adoll/projects/drawing-app/apps/frontend/src/i18n/strings/stickerCreation.ts:76
/Users/adoll/projects/drawing-app/apps/frontend/src/sticker-creation/DrawingScreen.tsx:931"
stickerCreation.timer.pause,stickerCreation,keep,none,Pause timer,タイマーを一時停止,,,タイマーを一時停止 has exact Japanese Apple action precedent.,established-UI,high,"Drawing screen, top left: the timer dot's name for screen readers while the clock runs; a tap pauses it",apps/frontend/src/i18n/strings/stickerCreation.ts,11,"apps/frontend/src/i18n/strings/stickerCreation.ts:11
/Users/adoll/projects/drawing-app/apps/frontend/src/i18n/strings/stickerCreation.ts:11
/Users/adoll/projects/drawing-app/apps/frontend/src/sticker-creation/TimerDot.tsx:185
/Users/adoll/projects/drawing-app/apps/frontend/src/sticker-creation/TimerDot.tsx:203
https://help.procreate.com/jp/procreate/handbook/interface-gestures/gestures
https://help.procreate.com/jp/procreate/handbook/brushes/brush-studio-settings
https://help.clip-studio.com/ja-jp/
https://support.apple.com/ja-jp/111098"
stickerCreation.timer.paused,stickerCreation,keep,none,Paused,一時停止,,,The short status is appropriate on the timer tag and is hidden from screen readers to avoid duplication.,established-UI,high,"Drawing screen, top left: the small white tag with a pause icon that hangs off the timer dot whenever the clock is stopped; hidden from screen readers",apps/frontend/src/i18n/strings/stickerCreation.ts,15,"apps/frontend/src/i18n/strings/stickerCreation.ts:15
/Users/adoll/projects/drawing-app/apps/frontend/src/i18n/strings/stickerCreation.ts:15
/Users/adoll/projects/drawing-app/apps/frontend/src/sticker-creation/TimerDot.tsx:203
https://help.procreate.com/jp/procreate/handbook/interface-gestures/gestures
https://help.procreate.com/jp/procreate/handbook/brushes/brush-studio-settings
https://help.clip-studio.com/ja-jp/
https://support.apple.com/ja-jp/111098"
stickerCreation.timer.resume,stickerCreation,keep,none,Resume timer,タイマーを再開,,,タイマーを再開 has exact Japanese Apple action precedent.,established-UI,high,"Drawing screen, top left: the timer dot's name for screen readers after you paused it; a tap resumes it",apps/frontend/src/i18n/strings/stickerCreation.ts,13,"apps/frontend/src/i18n/strings/stickerCreation.ts:13
/Users/adoll/projects/drawing-app/apps/frontend/src/i18n/strings/stickerCreation.ts:13
/Users/adoll/projects/drawing-app/apps/frontend/src/sticker-creation/TimerDot.tsx:183
https://help.procreate.com/jp/procreate/handbook/interface-gestures/gestures
https://help.procreate.com/jp/procreate/handbook/brushes/brush-studio-settings
https://help.clip-studio.com/ja-jp/
https://support.apple.com/ja-jp/111098"
stickerCreation.timer.status.clear,stickerCreation,shorten,low,"{{time}} left, paused while you choose whether to clear the sheet",残り{{time}}、キャンバスを消去するか選んでいる間は一時停止中,"{{time}} left, paused for the clear confirmation",残り{{time}}、消去の確認中は一時停止,Useful accessible reason the timer is paused; can be shorter without saying the user is choosing whether to clear.,editorial,high,"Drawing screen, top left: read by screen readers after the timer dot's name while the clear bar is open, which stops the clock",apps/frontend/src/i18n/strings/stickerCreation.ts,45,"apps/frontend/src/i18n/strings/stickerCreation.ts:45
/Users/adoll/projects/drawing-app/apps/frontend/src/i18n/strings/stickerCreation.ts:45
/Users/adoll/projects/drawing-app/apps/frontend/src/sticker-creation/TimerDot.tsx:204"
stickerCreation.timer.status.color,stickerCreation,keep,none,"{{time}} left, paused while you choose a color",残り{{time}}、色を選んでいる間は一時停止中,,,Useful reason for the automatic pause; familiar Japanese selection wording.,editorial,high,"Drawing screen, top left: read by screen readers after the timer dot's name while the color sheet is open, which stops the clock",apps/frontend/src/i18n/strings/stickerCreation.ts,35,"apps/frontend/src/i18n/strings/stickerCreation.ts:35
/Users/adoll/projects/drawing-app/apps/frontend/src/i18n/strings/stickerCreation.ts:35
/Users/adoll/projects/drawing-app/apps/frontend/src/sticker-creation/TimerDot.tsx:204"
stickerCreation.timer.status.dealt,stickerCreation,keep,none,"{{time}} left, starts when you press Begin",残り{{time}}、はじめを押すとスタート,,,"Waiting-for-Begin state differs from a paused running clock, so preserve it.",editorial,high,"Drawing screen, top left, a sheet in Kyoto Seika Practice Mode: read by screen readers after the timer dot's name while its two subjects wait for Begin, which starts the clock",apps/frontend/src/i18n/strings/stickerCreation.ts,28,"apps/frontend/src/i18n/strings/stickerCreation.ts:28
/Users/adoll/projects/drawing-app/apps/frontend/src/i18n/strings/stickerCreation.ts:28
/Users/adoll/projects/drawing-app/apps/frontend/src/sticker-creation/TimerDot.tsx:204"
stickerCreation.timer.status.paused,stickerCreation,keep,none,"{{time}} left, paused",残り{{time}}、一時停止中,,,Concise spoken remaining time plus state; no change needed.,editorial,high,"Drawing screen, top left: read by screen readers after the timer dot's name while the clock is stopped by a tap on the timer, by the app going to the background, or by another screen covering the drawing screen",apps/frontend/src/i18n/strings/stickerCreation.ts,33,"apps/frontend/src/i18n/strings/stickerCreation.ts:33
/Users/adoll/projects/drawing-app/apps/frontend/src/i18n/strings/stickerCreation.ts:33
/Users/adoll/projects/drawing-app/apps/frontend/src/sticker-creation/TimerDot.tsx:204"
stickerCreation.timer.status.running,stickerCreation,keep,none,{{time}} left,残り{{time}},,,The remaining time alone is sufficient while running; no unnecessary sentence.,editorial,high,"Drawing screen, top left: read by screen readers after the timer dot's name while the clock runs; {{time}} is minutes:seconds, such as 4:32",apps/frontend/src/i18n/strings/stickerCreation.ts,21,"apps/frontend/src/i18n/strings/stickerCreation.ts:21
/Users/adoll/projects/drawing-app/apps/frontend/src/i18n/strings/stickerCreation.ts:21
/Users/adoll/projects/drawing-app/apps/frontend/src/sticker-creation/TimerDot.tsx:204"
stickerCreation.timer.status.size,stickerCreation,rewrite,medium,"{{time}} left, paused while you set the brush size",残り{{time}}、ブラシのサイズを調整している間は一時停止中,"{{time}} left, paused while you adjust the tool size",残り{{time}}、サイズ調整中は一時停止,"This shared status also appears while changing eraser size, so specifying brush is inaccurate.",editorial,high,"Drawing screen, top left: read by screen readers after the timer dot's name while a finger is on the size rail, which stops the clock",apps/frontend/src/i18n/strings/stickerCreation.ts,50,"apps/frontend/src/i18n/strings/stickerCreation.ts:50
/Users/adoll/projects/drawing-app/apps/frontend/src/i18n/strings/stickerCreation.ts:50
/Users/adoll/projects/drawing-app/apps/frontend/src/sticker-creation/TimerDot.tsx:204"
stickerCreation.timer.status.smoothing,stickerCreation,shorten,low,"{{time}} left, paused while you set smoothing",残り{{time}}、手ぶれ補正を調整している間は一時停止中,,残り{{time}}、手ぶれ補正の調整中は一時停止,Names the correction setting that automatically paused the clock; shorter wording is possible.,editorial,high,"Drawing screen, top left: read by screen readers after the timer dot's name while the smoothing bar is open, which stops the clock",apps/frontend/src/i18n/strings/stickerCreation.ts,40,"apps/frontend/src/i18n/strings/stickerCreation.ts:40
/Users/adoll/projects/drawing-app/apps/frontend/src/i18n/strings/stickerCreation.ts:40
/Users/adoll/projects/drawing-app/apps/frontend/src/sticker-creation/TimerDot.tsx:204"
stickerCreation.timer.status.waiting,stickerCreation,keep,none,"{{time}} left, starts when you draw",残り{{time}}、かき始めるとスタート,,,Distinguishes a fresh waiting canvas from an explicitly paused session.,editorial,high,"Drawing screen, top left: read by screen readers after the timer dot's name before the first stroke starts the clock",apps/frontend/src/i18n/strings/stickerCreation.ts,23,"apps/frontend/src/i18n/strings/stickerCreation.ts:23
/Users/adoll/projects/drawing-app/apps/frontend/src/i18n/strings/stickerCreation.ts:23
/Users/adoll/projects/drawing-app/apps/frontend/src/sticker-creation/TimerDot.tsx:204"
stickerCreation.timer.warning,stickerCreation,keep,none,{{seconds}} seconds left,残り{{seconds}}秒,,,Essential polite time warning for someone who cannot see the countdown.,established-UI,high,"Drawing screen, top left: read out once by screen readers, as a polite announcement, when the clock reaches 30 seconds left and again at 10; {{seconds}} is 30 or 10",apps/frontend/src/i18n/strings/stickerCreation.ts,17,"apps/frontend/src/i18n/strings/stickerCreation.ts:17
/Users/adoll/projects/drawing-app/apps/frontend/src/i18n/strings/stickerCreation.ts:17
/Users/adoll/projects/drawing-app/apps/frontend/src/sticker-creation/TimerDot.tsx:221
https://help.procreate.com/jp/procreate/handbook/interface-gestures/gestures
https://help.procreate.com/jp/procreate/handbook/brushes/brush-studio-settings
https://help.clip-studio.com/ja-jp/"
stickerCreation.tools.brush,stickerCreation,keep,none,Brush,ブラシ,,,ブラシ is established and concise for the active drawing tool.,established-UI,high,"Drawing screen, top right: the brush tile in the tool strip, named for screen readers",apps/frontend/src/i18n/strings/stickerCreation.ts,187,"apps/frontend/src/i18n/strings/stickerCreation.ts:187
/Users/adoll/projects/drawing-app/apps/frontend/src/i18n/strings/stickerCreation.ts:187
/Users/adoll/projects/drawing-app/apps/frontend/src/sticker-creation/tools/ToolStrip.tsx:1
https://help.procreate.com/jp/procreate/handbook/interface-gestures/gestures
https://help.procreate.com/jp/procreate/handbook/brushes/brush-studio-settings
https://help.clip-studio.com/ja-jp/"
stickerCreation.tools.clear,stickerCreation,keep,none,Clear the sheet,キャンバスを消去,,,"Accessible action names the whole canvas, distinguishing it from the eraser.",established-UI,high,"Drawing screen, top right: the clear tile at the end of the tool strip, which opens the clear bar, named for screen readers; dimmed while the sheet is blank",apps/frontend/src/i18n/strings/stickerCreation.ts,197,"apps/frontend/src/i18n/strings/stickerCreation.ts:197
/Users/adoll/projects/drawing-app/apps/frontend/src/i18n/strings/stickerCreation.ts:197
/Users/adoll/projects/drawing-app/apps/frontend/src/sticker-creation/tools/ToolStrip.tsx:146
https://help.procreate.com/jp/procreate/handbook/interface-gestures/gestures
https://help.procreate.com/jp/procreate/handbook/brushes/brush-studio-settings
https://help.clip-studio.com/ja-jp/"
stickerCreation.tools.color,stickerCreation,keep,none,Color,カラー,,,カラー is familiar Japanese drawing-app UI terminology.,established-UI,high,"Drawing screen, top right: the color tile in the tool strip, which opens the color sheet, named for screen readers",apps/frontend/src/i18n/strings/stickerCreation.ts,193,"apps/frontend/src/i18n/strings/stickerCreation.ts:193
/Users/adoll/projects/drawing-app/apps/frontend/src/i18n/strings/stickerCreation.ts:193
/Users/adoll/projects/drawing-app/apps/frontend/src/sticker-creation/tools/ToolStrip.tsx:123
https://help.procreate.com/jp/procreate/handbook/interface-gestures/gestures
https://help.procreate.com/jp/procreate/handbook/brushes/brush-studio-settings
https://help.clip-studio.com/ja-jp/"
stickerCreation.tools.eraser,stickerCreation,keep,none,Eraser,消しゴム,,,消しゴム is the established erasing tool name.,established-UI,high,"Drawing screen, top right: the eraser tile in the tool strip, named for screen readers",apps/frontend/src/i18n/strings/stickerCreation.ts,189,"apps/frontend/src/i18n/strings/stickerCreation.ts:189
/Users/adoll/projects/drawing-app/apps/frontend/src/i18n/strings/stickerCreation.ts:189
/Users/adoll/projects/drawing-app/apps/frontend/src/sticker-creation/tools/ToolStrip.tsx:1
https://help.procreate.com/jp/procreate/handbook/interface-gestures/gestures
https://help.procreate.com/jp/procreate/handbook/brushes/brush-studio-settings
https://help.clip-studio.com/ja-jp/"
stickerCreation.tools.fill,stickerCreation,keep,none,Fill,塗りつぶし,,,塗りつぶし has exact Japanese drawing-app precedent for flood fill.,established-UI,high,"Drawing screen, top right: the paint bucket tile in the tool strip, named for screen readers",apps/frontend/src/i18n/strings/stickerCreation.ts,191,"apps/frontend/src/i18n/strings/stickerCreation.ts:191
/Users/adoll/projects/drawing-app/apps/frontend/src/i18n/strings/stickerCreation.ts:191
/Users/adoll/projects/drawing-app/apps/frontend/src/sticker-creation/tools/ToolStrip.tsx:1
https://help.procreate.com/jp/procreate/handbook/interface-gestures/gestures
https://help.procreate.com/jp/procreate/handbook/brushes/brush-studio-settings
https://help.clip-studio.com/ja-jp/"
stickerCreation.tools.label,stickerCreation,keep,none,Tools,ツール,,,ツール is the conventional accessible name for a toolbar group.,established-UI,high,"Drawing screen, top right: the tool strip's name for screen readers",apps/frontend/src/i18n/strings/stickerCreation.ts,185,"apps/frontend/src/i18n/strings/stickerCreation.ts:185
/Users/adoll/projects/drawing-app/apps/frontend/src/i18n/strings/stickerCreation.ts:185
/Users/adoll/projects/drawing-app/apps/frontend/src/sticker-creation/tools/ToolStrip.tsx:88
https://help.procreate.com/jp/procreate/handbook/interface-gestures/gestures
https://help.procreate.com/jp/procreate/handbook/brushes/brush-studio-settings
https://help.clip-studio.com/ja-jp/"
stickerCreation.tools.pencilOnly,stickerCreation,keep,none,Pencil only,ペンのみ,,,Approved ペンのみ makes clear that this toggle limits drawing input to the stylus.,established-UI,high,"Drawing screen, tool strip: the Pencil only tile at its start, shown once a pen has drawn on this device, named for screen readers; pressed, only the pen draws on this sheet and fingers tap to undo and redo",apps/frontend/src/i18n/strings/stickerCreation.ts,199,"apps/frontend/src/i18n/strings/stickerCreation.ts:199
/Users/adoll/projects/drawing-app/apps/frontend/src/i18n/strings/stickerCreation.ts:199
/Users/adoll/projects/drawing-app/apps/frontend/src/sticker-creation/tools/ToolStrip.tsx:96
https://help.procreate.com/jp/procreate/handbook/interface-gestures/gestures
https://help.procreate.com/jp/procreate/handbook/brushes/brush-studio-settings
https://help.clip-studio.com/ja-jp/"
stickerCreation.tools.smoothing,stickerCreation,context,low,Smoothing,手ぶれ補正,,,"手ぶれ補正 is understandable; CLIP STUDIO uses 手ブレ補正, an optional spelling alignment rather than a semantic correction.",established-UI,medium,"Drawing screen, top right: the smoothing tile's name for screen readers, the title of the smoothing bar it opens, and that bar's slider's name",apps/frontend/src/i18n/strings/stickerCreation.ts,195,"apps/frontend/src/i18n/strings/stickerCreation.ts:195
/Users/adoll/projects/drawing-app/apps/frontend/src/i18n/strings/stickerCreation.ts:195
/Users/adoll/projects/drawing-app/apps/frontend/src/sticker-creation/tools/SmoothingBar.tsx:48
/Users/adoll/projects/drawing-app/apps/frontend/src/sticker-creation/tools/SmoothingBar.tsx:61
https://help.clip-studio.com/ja-jp/manual_jp/810_subtools/は行.htm"
stickers.artistChip.artist,stickers,rewrite,medium,Artist,作者,Original Artist,,作者 is the approved Original Artist term; English Artist is ambiguous in a product where givers and receivers are also artists.,product-glossary,high,"Artist chip: small caption over the Original Artist's name, on a sticker's detail, its toolbar and menu, and over stickers as your board first loads",apps/frontend/src/i18n/strings/stickers.ts,29,"apps/frontend/src/i18n/strings/stickers.ts:29
/Users/adoll/projects/drawing-app/apps/frontend/src/i18n/strings/stickers.ts:29
/Users/adoll/projects/drawing-app/apps/frontend/src/stickers/ArtistChip.tsx:49
/Users/adoll/projects/drawing-app/apps/frontend/src/i18n/glossary.md"
stickers.artistChip.by,stickers,keep,none,By,作者,,,The one-line creator byline is clear from its context; Japanese 作者 is concise and precise.,product-glossary,high,"Artist chip, one-line form for tight rows: before the Original Artist's name, as in By @alice",apps/frontend/src/i18n/strings/stickers.ts,31,"apps/frontend/src/i18n/strings/stickers.ts:31
/Users/adoll/projects/drawing-app/apps/frontend/src/i18n/strings/stickers.ts:31
/Users/adoll/projects/drawing-app/apps/frontend/src/stickers/ArtistChip.tsx:49
/Users/adoll/projects/drawing-app/apps/frontend/src/i18n/glossary.md"
stickers.artistChip.label,stickers,rewrite,medium,Artist: {{name}},作者：{{name}},Original Artist: {{name}},,The accessible name should use Original Artist in English to match the chip's actual identity; Japanese 作者 already does.,product-glossary,high,"Artist chip, the Original Artist's picture and name on a sticker someone else drew: its screen-reader label; {{name}} is their @handle or LINE name",apps/frontend/src/i18n/strings/stickers.ts,27,"apps/frontend/src/i18n/strings/stickers.ts:27
/Users/adoll/projects/drawing-app/apps/frontend/src/i18n/strings/stickers.ts:27
/Users/adoll/projects/drawing-app/apps/frontend/src/stickers/ArtistChip.tsx:49
/Users/adoll/projects/drawing-app/apps/frontend/src/i18n/glossary.md"
stickers.duration.minutes,stickers,keep,none,{{minutes}}m,{{minutes}}分,,,"Compact minute unit is conventional, and Japanese 分 is correct.",product-glossary,high,"A sticker's drawing time in fine print on the minute, like 5m, wherever the 4m 52s form shows",apps/frontend/src/i18n/strings/stickers.ts,8,"apps/frontend/src/i18n/strings/stickers.ts:8
/Users/adoll/projects/drawing-app/apps/frontend/src/i18n/strings/stickers.ts:8
/Users/adoll/projects/drawing-app/apps/frontend/src/stickers/format.ts:43
/Users/adoll/projects/drawing-app/apps/frontend/src/stickers/format.ts:45
/Users/adoll/projects/drawing-app/apps/frontend/src/i18n/glossary.md"
stickers.duration.minutesAndSeconds,stickers,keep,none,{{minutes}}m {{seconds}}s,{{minutes}}分{{seconds}}秒,,,Natural compound duration in Japanese; no spaces needed between number-unit pairs.,product-glossary,high,"A sticker's drawing time in fine print, like 4m 52s: on the sealed card, the Explore feed, a sticker's view on someone else's board, the giving screen and the Mini-game, and in a Gift Message's text",apps/frontend/src/i18n/strings/stickers.ts,6,"apps/frontend/src/i18n/strings/stickers.ts:6
/Users/adoll/projects/drawing-app/apps/frontend/src/i18n/strings/stickers.ts:6
/Users/adoll/projects/drawing-app/apps/frontend/src/stickers/format.ts:43
/Users/adoll/projects/drawing-app/apps/frontend/src/i18n/glossary.md"
stickers.duration.seconds,stickers,keep,none,{{seconds}}s,{{seconds}}秒,,,Compact seconds unit is sufficient beside a sticker's duration.,product-glossary,high,"A sticker's drawing time in fine print under a minute, like 54s, wherever the 4m 52s form shows",apps/frontend/src/i18n/strings/stickers.ts,10,"apps/frontend/src/i18n/strings/stickers.ts:10
/Users/adoll/projects/drawing-app/apps/frontend/src/i18n/strings/stickers.ts:10
/Users/adoll/projects/drawing-app/apps/frontend/src/stickers/format.ts:46
/Users/adoll/projects/drawing-app/apps/frontend/src/i18n/glossary.md"
stickers.keptStickers.notLoaded,stickers,keep,none,Couldn’t load your stickers: {{reason}},手持ちのシールを読み込めませんでした：{{reason}},,,"手持ちのシール accurately names currently held stickers, rather than authored stickers; retains the failure reason.",product-glossary,high,Give sheet: alert when your stickers fail to load; {{reason}} is the error message,apps/frontend/src/i18n/strings/stickers.ts,43,"apps/frontend/src/i18n/strings/stickers.ts:43
/Users/adoll/projects/drawing-app/apps/frontend/src/i18n/strings/stickers.ts:43
/Users/adoll/projects/drawing-app/apps/frontend/src/stickers/useKeptStickers.ts:33
/Users/adoll/projects/drawing-app/apps/frontend/src/i18n/glossary.md"
stickers.nsfw.mark,stickers,keep,none,18+,18+,,,18+ is intentional shared visual product labeling; not an untranslated English phrase.,product-glossary,high,"Over an NSFW sticker that's blurred because Show 18+ stickers is off, on a sticker board, a sticker's detail, the sticker tray, Explore, and the give sheet's picker: the small mark in its middle. Also the tag after Sealed on the sealed card of a sticker sealed as 18+",apps/frontend/src/i18n/strings/stickers.ts,36,"apps/frontend/src/i18n/strings/stickers.ts:36
/Users/adoll/projects/drawing-app/apps/frontend/src/i18n/strings/stickers.ts:36
/Users/adoll/projects/drawing-app/apps/frontend/src/stickers/StickerFigure.tsx:107
/Users/adoll/projects/drawing-app/apps/frontend/src/giving/StickerPicker.tsx:55
/Users/adoll/projects/drawing-app/apps/frontend/src/i18n/glossary.md"
stickers.nsfw.veiled,stickers,keep,none,Blurred: 18+ sticker,ぼかし表示：18+のシール,,,"Accessible text describes the blur state and mark, which the image alone cannot communicate.",product-glossary,high,"Screen readers only: an NSFW sticker that's blurred because Show 18+ stickers is off, wherever the 18+ mark shows",apps/frontend/src/i18n/strings/stickers.ts,38,"apps/frontend/src/i18n/strings/stickers.ts:38
/Users/adoll/projects/drawing-app/apps/frontend/src/i18n/strings/stickers.ts:38
/Users/adoll/projects/drawing-app/apps/frontend/src/stickers/StickerFigure.tsx:106
/Users/adoll/projects/drawing-app/apps/frontend/src/sticker-board/PlacedSticker.tsx:118
/Users/adoll/projects/drawing-app/apps/frontend/src/i18n/glossary.md"
stickers.spokenDuration.minutesAndSeconds,stickers,keep,none,{{minutes}} {{seconds}},{{minutes}}{{seconds}},,,Composes already-localized minute and second phrases; Japanese needs no inserted space.,product-glossary,high,"Screen readers only: a drawing time read aloud, the minutes then the seconds, for the fine-print time and a sticker on a board",apps/frontend/src/i18n/strings/stickers.ts,14,"apps/frontend/src/i18n/strings/stickers.ts:14
/Users/adoll/projects/drawing-app/apps/frontend/src/i18n/strings/stickers.ts:14
/Users/adoll/projects/drawing-app/apps/frontend/src/stickers/format.ts:55
/Users/adoll/projects/drawing-app/apps/frontend/src/i18n/glossary.md"
stickers.spokenDuration.minutes_one,stickers,intentional-fallback,none,{{count}} minute,,,,English singular branch deliberately has no Japanese; Japanese uses the other branch.,product-glossary,high,"Screen readers only: the minutes of a drawing time read aloud, for 1 minute",apps/frontend/src/i18n/strings/stickers.ts,16,"apps/frontend/src/i18n/strings/stickers.ts:16
/Users/adoll/projects/drawing-app/apps/frontend/src/i18n/strings/stickers.ts:16
/Users/adoll/projects/drawing-app/apps/frontend/src/stickers/format.ts:52
/Users/adoll/projects/drawing-app/apps/frontend/src/stickers/format.ts:55
/Users/adoll/projects/drawing-app/apps/frontend/src/i18n/glossary.md"
stickers.spokenDuration.minutes_other,stickers,keep,none,{{count}} minutes,{{count}}分,,,Natural spoken Japanese minute count with exact placeholder.,product-glossary,high,Screen readers only: the minutes of a drawing time read aloud,apps/frontend/src/i18n/strings/stickers.ts,18,"apps/frontend/src/i18n/strings/stickers.ts:18
/Users/adoll/projects/drawing-app/apps/frontend/src/i18n/strings/stickers.ts:18
/Users/adoll/projects/drawing-app/apps/frontend/src/stickers/format.ts:52
/Users/adoll/projects/drawing-app/apps/frontend/src/stickers/format.ts:55
/Users/adoll/projects/drawing-app/apps/frontend/src/i18n/glossary.md"
stickers.spokenDuration.seconds_one,stickers,intentional-fallback,none,{{count}} second,,,,English singular branch deliberately has no Japanese; Japanese uses the other branch.,product-glossary,high,"Screen readers only: the seconds of a drawing time read aloud, for 1 second",apps/frontend/src/i18n/strings/stickers.ts,20,"apps/frontend/src/i18n/strings/stickers.ts:20
/Users/adoll/projects/drawing-app/apps/frontend/src/i18n/strings/stickers.ts:20
/Users/adoll/projects/drawing-app/apps/frontend/src/stickers/format.ts:53
/Users/adoll/projects/drawing-app/apps/frontend/src/i18n/glossary.md"
stickers.spokenDuration.seconds_other,stickers,keep,none,{{count}} seconds,{{count}}秒,,,Natural spoken Japanese second count with exact placeholder.,product-glossary,high,Screen readers only: the seconds of a drawing time read aloud,apps/frontend/src/i18n/strings/stickers.ts,22,"apps/frontend/src/i18n/strings/stickers.ts:22
/Users/adoll/projects/drawing-app/apps/frontend/src/i18n/strings/stickers.ts:22
/Users/adoll/projects/drawing-app/apps/frontend/src/stickers/format.ts:53
/Users/adoll/projects/drawing-app/apps/frontend/src/i18n/glossary.md"
tickets.buyReserveTickets,tickets,keep,none,Buy reserve tickets,有償チケットを買う,,,The out-of-tickets action names the paid-ticket type; concise plain Japanese and necessary distinction from waiting for free tickets.,source-backed,high,"Start card when only reserve tickets are left, and the out-of-tickets card: the button under the key, with a ticket icon, that opens the reserve ticket checkout",apps/frontend/src/i18n/strings/tickets.ts,46,"apps/frontend/src/i18n/strings/tickets.ts:46
apps/frontend/src/i18n/strings/tickets.ts:46
https://help.line.me/line/smartphone?contentId=20000182&lang=ja
apps/frontend/src/tickets/OutOfTickets.tsx:119"
tickets.checkout.added_one,tickets,intentional-fallback,none,{{count}} reserve ticket added,,,,English singular confirmation names the purchased quantity; Japanese intentionally uses the _other form.,product-glossary,high,"Reserve ticket checkout after a purchase: the title, when one reserve ticket was added",apps/frontend/src/i18n/strings/tickets.ts,187,"apps/frontend/src/i18n/strings/tickets.ts:187
apps/frontend/src/i18n/strings/tickets.ts:187
apps/frontend/src/tickets/ReserveTicketCheckout.tsx:273
apps/frontend/src/tickets/ReserveTicketCheckout.tsx:305
apps/frontend/src/tickets/ReserveTicketCheckout.tsx:368
apps/frontend/src/i18n/glossary.md:1
apps/frontend/src/i18n/i18n.ts:37"
tickets.checkout.added_other,tickets,keep,none,{{count}} reserve tickets added,有償チケットを{{count}}枚追加しました,,,A completed addition status is appropriate only after buyTickets resolves; 枚 counts tickets and 追加しました accurately confirms the resulting balance.,product-glossary,high,Reserve ticket checkout after a purchase: the title saying how many reserve tickets were added,apps/frontend/src/i18n/strings/tickets.ts,189,"apps/frontend/src/i18n/strings/tickets.ts:189
apps/frontend/src/i18n/strings/tickets.ts:189
https://help.line.me/line/smartphone?contentId=20000157&lang=ja
apps/frontend/src/tickets/ReserveTicketCheckout.tsx:273
apps/frontend/src/tickets/ReserveTicketCheckout.tsx:305
apps/frontend/src/tickets/ReserveTicketCheckout.tsx:368
apps/frontend/src/i18n/glossary.md:1"
tickets.checkout.address.how,tickets,keep,none,"To add JPYC, send it to this address on the Sui network.",JPYCを追加するには、Suiネットワークでこのアドレスに送ってください。,,,"This network instruction is operationally necessary for a JPYC transfer; retain Sui and address because omitting them changes the task, not merely the style.",product-glossary,high,"Reserve ticket checkout, once “Show my Sui address” is open: the line above the address, on where JPYC goes",apps/frontend/src/i18n/strings/tickets.ts,174,"apps/frontend/src/i18n/strings/tickets.ts:174
apps/frontend/src/i18n/strings/tickets.ts:174
apps/frontend/src/tickets/ReserveTicketCheckout.tsx:273
apps/frontend/src/tickets/ReserveTicketCheckout.tsx:305
apps/frontend/src/tickets/ReserveTicketCheckout.tsx:368
apps/frontend/src/i18n/glossary.md:1"
tickets.checkout.address.show,tickets,shorten,low,Show my Sui address,Suiアドレスを表示,My Sui address,Suiアドレス,The same Show label persists when the address is already expanded. A neutral Sui address label works in both states with aria-expanded.,editorial,high,"Reserve ticket checkout, under the not-enough-balance line: the label that opens your Sui address in place; it reads the same whether open or shut",apps/frontend/src/i18n/strings/tickets.ts,172,"apps/frontend/src/i18n/strings/tickets.ts:172
apps/frontend/src/i18n/strings/tickets.ts:172
apps/frontend/src/tickets/SuiAddressReveal.tsx:23
apps/frontend/src/tickets/ReserveTicketCheckout.tsx:273
apps/frontend/src/tickets/ReserveTicketCheckout.tsx:305
apps/frontend/src/tickets/ReserveTicketCheckout.tsx:368"
tickets.checkout.backToPacks,tickets,rewrite,low,Back to the packs,パック選びに戻る,Choose a pack again,パックを選び直す,パック選び is conversational narration of an activity. パックを選び直す names the actual recovery action without implying successful purchase.,editorial,high,"Reserve ticket checkout: the key that goes back to the packs when a payment fails, and the quiet link above Not now when its answer never came",apps/frontend/src/i18n/strings/tickets.ts,227,"apps/frontend/src/i18n/strings/tickets.ts:227
apps/frontend/src/i18n/strings/tickets.ts:227
https://help.line.me/line/smartphone?contentId=20000182&lang=ja
apps/frontend/src/tickets/ReserveTicketCheckout.tsx:273
apps/frontend/src/tickets/ReserveTicketCheckout.tsx:305
apps/frontend/src/tickets/ReserveTicketCheckout.tsx:368"
tickets.checkout.balance,tickets,context,medium,Balance,残高,JPYC balance,JPYC残高,"DESIGN intentionally labels the yen-formatted JPYC amount only Balance. Consider identifying JPYC before commitment as a product disclosure decision, not a Japanese translation defect; existing 残高 is standard Japanese. Proposed label requires reconsidering that product instruction.",editorial,medium,"Reserve ticket checkout: the small label on the wallet row, beside your balance in yen (the JPYC in your Sui account, never named here)",apps/frontend/src/i18n/strings/tickets.ts,125,"apps/frontend/src/i18n/strings/tickets.ts:125
apps/frontend/src/i18n/strings/tickets.ts:125
https://paypay.ne.jp/help/c0047/
apps/frontend/src/tickets/ReserveTicketCheckout.tsx:373
apps/frontend/src/tickets/ReserveTicketCheckout.tsx:393
DESIGN.md:627
apps/frontend/src/tickets/ReserveTicketCheckout.tsx:273
apps/frontend/src/tickets/ReserveTicketCheckout.tsx:305
apps/frontend/src/tickets/ReserveTicketCheckout.tsx:368"
tickets.checkout.balanceProblem,tickets,keep,none,Couldn’t read your balance.,残高を確認できませんでした。,,,Residual balance failure is a distinct recoverable state; 確認できませんでした is natural and accompanied by a retry link.,source-backed,high,"Reserve ticket checkout: the balance row when the balance couldn't be read, before a Try again link; Sui's own words follow as fine print beside Copy",apps/frontend/src/i18n/strings/tickets.ts,129,"apps/frontend/src/i18n/strings/tickets.ts:129
apps/frontend/src/i18n/strings/tickets.ts:129
https://paypay.ne.jp/help/c0047/
apps/frontend/src/tickets/ReserveTicketCheckout.tsx:273
apps/frontend/src/tickets/ReserveTicketCheckout.tsx:305
apps/frontend/src/tickets/ReserveTicketCheckout.tsx:368"
tickets.checkout.buyMore,tickets,shorten,low,Buy more tickets,チケットをもっと買う,Buy tickets,チケットを買う,The control already means another purchase; もっと買う is an upsell tone. Use neutral Buy tickets/チケットを買う.,editorial,high,Reserve ticket checkout after a purchase: the button under Draw that goes back to the packs,apps/frontend/src/i18n/strings/tickets.ts,196,"apps/frontend/src/i18n/strings/tickets.ts:196
apps/frontend/src/i18n/strings/tickets.ts:196
https://help.line.me/line/smartphone?contentId=20000182&lang=ja
apps/frontend/src/tickets/ReserveTicketCheckout.tsx:273
apps/frontend/src/tickets/ReserveTicketCheckout.tsx:305
apps/frontend/src/tickets/ReserveTicketCheckout.tsx:368"
tickets.checkout.discount,tickets,context,medium,−{{percent}}%,{{percent}}%オフ,,,"%オフ is idiomatic, but the basis is the cost of individual tickets, not a past pack price. Keep only with an explicit comparison basis near the struck-through amount.",product-glossary,high,"Reserve ticket checkout: a discounted pack button's discount, in fine print before its struck-through full price",apps/frontend/src/i18n/strings/tickets.ts,147,"apps/frontend/src/i18n/strings/tickets.ts:147
apps/frontend/src/i18n/strings/tickets.ts:147
apps/frontend/src/tickets/ReserveTicketCheckout.tsx:448
apps/frontend/src/tickets/ReserveTicketCheckout.tsx:273
apps/frontend/src/tickets/ReserveTicketCheckout.tsx:305
apps/frontend/src/tickets/ReserveTicketCheckout.tsx:368
apps/frontend/src/i18n/glossary.md:1"
tickets.checkout.gettingPrices,tickets,shorten,low,Getting today’s prices…,今日の価格を確認しています…,Loading prices…,価格を確認しています…,今日の implies daily-changing prices with no corresponding behavior in the pack loader. Remove temporal decoration from this assistive status.,editorial,high,Reserve ticket checkout: in the packs' place while today's prices load,apps/frontend/src/i18n/strings/tickets.ts,134,"apps/frontend/src/i18n/strings/tickets.ts:134
apps/frontend/src/i18n/strings/tickets.ts:134
apps/frontend/src/tickets/ReserveTicketCheckout.tsx:409
apps/frontend/src/tickets/ReserveTicketCheckout.tsx:273
apps/frontend/src/tickets/ReserveTicketCheckout.tsx:305
apps/frontend/src/tickets/ReserveTicketCheckout.tsx:368"
tickets.checkout.lead,tickets,keep,none,Reserve tickets never expire.,有償チケットに有効期限はありません。,,,The non-expiry rule is material to a reserve-ticket purchase and is absent from the pack rows; retain the concise explanatory sentence.,product-glossary,high,Reserve ticket checkout: the bold line under the title,apps/frontend/src/i18n/strings/tickets.ts,123,"apps/frontend/src/i18n/strings/tickets.ts:123
apps/frontend/src/i18n/strings/tickets.ts:123
https://faq.twisted-wonderland.aniplex.co.jp/faq/show/46?site_domain=default
apps/frontend/src/tickets/ReserveTicketCheckout.tsx:273
apps/frontend/src/tickets/ReserveTicketCheckout.tsx:305
apps/frontend/src/tickets/ReserveTicketCheckout.tsx:368
apps/frontend/src/i18n/glossary.md:1"
tickets.checkout.notAdded.add,tickets,rewrite,medium,Add the tickets,チケットを追加する,Confirm purchase,購入結果を確認する,"After a lost response, the same signed payment is resubmitted and could already have succeeded. Confirm purchase describes the recovery more honestly than manually adding tickets.",editorial,high,"Reserve ticket checkout, tickets not added: the blue key that sends the same signed payment again",apps/frontend/src/i18n/strings/tickets.ts,222,"apps/frontend/src/i18n/strings/tickets.ts:222
apps/frontend/src/i18n/strings/tickets.ts:222
https://help.line.me/line/smartphone?contentId=20000157&lang=ja
apps/frontend/src/tickets/ReserveTicketCheckout.tsx:319
apps/frontend/src/tickets/ReserveTicketCheckout.tsx:273
apps/frontend/src/tickets/ReserveTicketCheckout.tsx:305
apps/frontend/src/tickets/ReserveTicketCheckout.tsx:368"
tickets.checkout.notAdded.adding,tickets,rewrite,medium,Adding…,追加中…,Checking…,確認中…,The recovery operation retries and verifies an existing payment; 確認中 states the uncertain phase without pretending the tickets are definitely absent.,editorial,high,"Reserve ticket checkout, tickets not added: that key while it asks",apps/frontend/src/i18n/strings/tickets.ts,224,"apps/frontend/src/i18n/strings/tickets.ts:224
apps/frontend/src/i18n/strings/tickets.ts:224
https://help.line.me/line/smartphone?contentId=20000157&lang=ja
apps/frontend/src/tickets/ReserveTicketCheckout.tsx:273
apps/frontend/src/tickets/ReserveTicketCheckout.tsx:305
apps/frontend/src/tickets/ReserveTicketCheckout.tsx:368"
tickets.checkout.notAdded.line,tickets,shorten,medium,<strong>Adding the tickets again won’t charge you twice.</strong> <why>{{reason}}</why>,<strong>チケットをもう一度追加しても、二重に請求されることはありません。</strong><why>{{reason}}</why>,<strong>Trying again won’t charge you twice.</strong> <why>{{reason}}</why>,<strong>もう一度確認しても、二重に請求されません。</strong><why>{{reason}}</why>,"Double-charge reassurance is essential and must remain; shorten the sentence and refer to rechecking the same purchase, matching the recovery key.",editorial,high,"Reserve ticket checkout, tickets not added: the line under the title, in bold, then why in quiet type; `reason` is the server's or the phone's words for the lost answer",apps/frontend/src/i18n/strings/tickets.ts,217,"apps/frontend/src/i18n/strings/tickets.ts:217
apps/frontend/src/i18n/strings/tickets.ts:217
https://help.line.me/line/smartphone?contentId=20000157&lang=ja
apps/frontend/src/tickets/ReserveTicketCheckout.tsx:219
apps/frontend/src/tickets/ReserveTicketCheckout.tsx:273
apps/frontend/src/tickets/ReserveTicketCheckout.tsx:305
apps/frontend/src/tickets/ReserveTicketCheckout.tsx:368"
tickets.checkout.notAdded.title,tickets,rewrite,high,Tickets not added yet,チケットが未追加です,Couldn’t confirm your purchase,購入結果を確認できませんでした,The code explicitly cannot know whether payment/addition succeeded after a lost answer. 未追加 incorrectly asserts a known negative state; state failed confirmation instead.,editorial,high,"Reserve ticket checkout, after paying, when the answer to the signed payment never came: the title",apps/frontend/src/i18n/strings/tickets.ts,215,"apps/frontend/src/i18n/strings/tickets.ts:215
apps/frontend/src/i18n/strings/tickets.ts:215
https://help.line.me/line/smartphone?contentId=20000157&lang=ja
apps/frontend/src/tickets/ReserveTicketCheckout.tsx:52
apps/frontend/src/tickets/ReserveTicketCheckout.tsx:59
apps/frontend/src/tickets/ReserveTicketCheckout.tsx:174
apps/frontend/src/tickets/ReserveTicketCheckout.tsx:273
apps/frontend/src/tickets/ReserveTicketCheckout.tsx:305
apps/frontend/src/tickets/ReserveTicketCheckout.tsx:368"
tickets.checkout.pack_one,tickets,intentional-fallback,none,{{count}} ticket,,,,English singular is needed for the one-ticket radio option and purchase-history row; Japanese _other handles one normally.,product-glossary,high,"Reserve ticket checkout: a pack button's name, for the one-ticket pack",apps/frontend/src/i18n/strings/tickets.ts,143,"apps/frontend/src/i18n/strings/tickets.ts:143
apps/frontend/src/i18n/strings/tickets.ts:143
apps/frontend/src/tickets/ReserveTicketCheckout.tsx:273
apps/frontend/src/tickets/ReserveTicketCheckout.tsx:305
apps/frontend/src/tickets/ReserveTicketCheckout.tsx:368
apps/frontend/src/i18n/glossary.md:1
apps/frontend/src/i18n/i18n.ts:37"
tickets.checkout.pack_other,tickets,keep,none,{{count}} tickets,チケット{{count}}枚,,,"チケット plus 枚 is a natural selectable pack label, and count-aware callers also reuse it in purchase history.",product-glossary,high,"Reserve ticket checkout: a pack button's name, such as ""3 tickets""",apps/frontend/src/i18n/strings/tickets.ts,145,"apps/frontend/src/i18n/strings/tickets.ts:145
apps/frontend/src/i18n/strings/tickets.ts:145
https://faq.twisted-wonderland.aniplex.co.jp/faq/show/46?site_domain=default
apps/frontend/src/tickets/ReserveTicketCheckout.tsx:273
apps/frontend/src/tickets/ReserveTicketCheckout.tsx:305
apps/frontend/src/tickets/ReserveTicketCheckout.tsx:368
apps/frontend/src/i18n/glossary.md:1"
tickets.checkout.packs,tickets,keep,none,Ticket packs,チケットパック,,,Necessary accessible radio-group name; concise チケットパック describes the choice set.,product-glossary,high,Reserve ticket checkout: screen-reader name of the group of pack buttons,apps/frontend/src/i18n/strings/tickets.ts,141,"apps/frontend/src/i18n/strings/tickets.ts:141
apps/frontend/src/i18n/strings/tickets.ts:141
https://help.line.me/line/smartphone?contentId=20000182&lang=ja
apps/frontend/src/tickets/ReserveTicketCheckout.tsx:273
apps/frontend/src/tickets/ReserveTicketCheckout.tsx:305
apps/frontend/src/tickets/ReserveTicketCheckout.tsx:368
apps/frontend/src/i18n/glossary.md:1"
tickets.checkout.paid,tickets,keep,none,Paid {{price}} in JPYC.,{{price}}をJPYCで支払いました。,,,"A payment receipt should preserve amount and method. Current Japanese is grammatical; the problem is method disclosure before paying, not this confirmation.",source-backed,high,"Reserve ticket checkout after a purchase: the quiet line under the title with the price paid, in yen",apps/frontend/src/i18n/strings/tickets.ts,194,"apps/frontend/src/i18n/strings/tickets.ts:194
apps/frontend/src/i18n/strings/tickets.ts:194
https://www.paypay.ne.jp/opa/doc/v1.0/files/Web%20Payment%20%E7%94%BB%E9%9D%A2%E9%81%B7%E7%A7%BB.pdf
apps/frontend/src/tickets/ReserveTicketCheckout.tsx:273
apps/frontend/src/tickets/ReserveTicketCheckout.tsx:305
apps/frontend/src/tickets/ReserveTicketCheckout.tsx:368"
tickets.checkout.pay,tickets,keep,none,Pay,支払う,,,PayPay's real Japanese payment UI uses 支払う; the disabled pre-price fallback is accurate and concise.,source-backed,high,"Reserve ticket checkout: the blue Pay key, before a pack's price is known",apps/frontend/src/i18n/strings/tickets.ts,151,"apps/frontend/src/i18n/strings/tickets.ts:151
apps/frontend/src/i18n/strings/tickets.ts:151
https://www.paypay.ne.jp/opa/doc/v1.0/files/Web%20Payment%20%E7%94%BB%E9%9D%A2%E9%81%B7%E7%A7%BB.pdf
apps/frontend/src/tickets/ReserveTicketCheckout.tsx:273
apps/frontend/src/tickets/ReserveTicketCheckout.tsx:305
apps/frontend/src/tickets/ReserveTicketCheckout.tsx:368"
tickets.checkout.payPrice,tickets,keep,none,Pay {{price}},{{price}}を支払う,,,"Amount-bearing 支払う is a standard final action; retain the amount so the action is financially specific, with currency disclosed on the balance row.",source-backed,high,"Reserve ticket checkout: the blue Pay key, with the chosen pack's price",apps/frontend/src/i18n/strings/tickets.ts,153,"apps/frontend/src/i18n/strings/tickets.ts:153
apps/frontend/src/i18n/strings/tickets.ts:153
https://www.paypay.ne.jp/opa/doc/v1.0/files/Web%20Payment%20%E7%94%BB%E9%9D%A2%E9%81%B7%E7%A7%BB.pdf
apps/frontend/src/tickets/ReserveTicketCheckout.tsx:273
apps/frontend/src/tickets/ReserveTicketCheckout.tsx:305
apps/frontend/src/tickets/ReserveTicketCheckout.tsx:368"
tickets.checkout.paying,tickets,keep,none,Paying…,支払い中…,,,Short in-progress payment label prevents the action looking idle; 支払い中 is conventional and accurate.,source-backed,high,Reserve ticket checkout: the pay key while the payment goes through,apps/frontend/src/i18n/strings/tickets.ts,155,"apps/frontend/src/i18n/strings/tickets.ts:155
apps/frontend/src/i18n/strings/tickets.ts:155
https://www.paypay.ne.jp/opa/doc/v1.0/files/Web%20Payment%20%E7%94%BB%E9%9D%A2%E9%81%B7%E7%A7%BB.pdf
apps/frontend/src/tickets/ReserveTicketCheckout.tsx:273
apps/frontend/src/tickets/ReserveTicketCheckout.tsx:305
apps/frontend/src/tickets/ReserveTicketCheckout.tsx:368"
tickets.checkout.paymentFailed,tickets,keep,none,Payment didn’t go through,支払いが完了しませんでした,,,支払いが完了しませんでした communicates failure without invented technical detail; the separate reason explains what happened.,source-backed,high,"Reserve ticket checkout when a payment fails: the title, above the reason",apps/frontend/src/i18n/strings/tickets.ts,198,"apps/frontend/src/i18n/strings/tickets.ts:198
apps/frontend/src/i18n/strings/tickets.ts:198
https://www.paypay.ne.jp/opa/doc/v1.0/files/Web%20Payment%20%E7%94%BB%E9%9D%A2%E9%81%B7%E7%A7%BB.pdf
apps/frontend/src/tickets/ReserveTicketCheckout.tsx:273
apps/frontend/src/tickets/ReserveTicketCheckout.tsx:305
apps/frontend/src/tickets/ReserveTicketCheckout.tsx:368"
tickets.checkout.paymentFailure.other,tickets,shorten,low,"Something went wrong, so nothing was paid. Try again.",問題が発生したため、支払いは行われていません。もう一度お試しください。,Nothing was paid. Try again.,支払いは行われていません。もう一度お試しください。,"Something went wrong adds no cause beyond the heading; the useful facts are no payment and retry, while technical detail is already separately available.",editorial,high,"Reserve ticket checkout, payment failed: for any other reason",apps/frontend/src/i18n/strings/tickets.ts,207,"apps/frontend/src/i18n/strings/tickets.ts:207
apps/frontend/src/i18n/strings/tickets.ts:207
https://help.line.me/line/smartphone?contentId=20000157&lang=ja
apps/frontend/src/tickets/ReserveTicketCheckout.tsx:273
apps/frontend/src/tickets/ReserveTicketCheckout.tsx:305
apps/frontend/src/tickets/ReserveTicketCheckout.tsx:368"
tickets.checkout.paymentFailure.timedOut,tickets,shorten,medium,"Signing the payment took too long, so it wasn’t sent. Nothing was paid.",支払いの署名に時間がかかったため、送信されませんでした。支払いは行われていません。,Payment timed out. Nothing was paid.,支払いに時間がかかりすぎたため中止しました。支払いは行われていません。,署名 and 送信 describe internal processing that the user cannot influence; retain timeout and no-charge information in plain Japanese.,editorial,high,"Reserve ticket checkout, payment failed: when building and signing the payment took too long, so it was never sent",apps/frontend/src/i18n/strings/tickets.ts,202,"apps/frontend/src/i18n/strings/tickets.ts:202
apps/frontend/src/i18n/strings/tickets.ts:202
https://help.line.me/line/smartphone?contentId=20000157&lang=ja
apps/frontend/src/tickets/ReserveTicketCheckout.tsx:205
apps/frontend/src/tickets/ReserveTicketCheckout.tsx:273
apps/frontend/src/tickets/ReserveTicketCheckout.tsx:305
apps/frontend/src/tickets/ReserveTicketCheckout.tsx:368"
tickets.checkout.pricesProblem,tickets,shorten,low,Couldn’t get today’s prices: {{reason}},今日の価格を確認できませんでした：{{reason}},Couldn’t load prices: {{reason}},価格を確認できませんでした：{{reason}},Remove unsupported 今日の while keeping the actual localized failure reason. The shared ErrorLine already provides retry.,editorial,high,"Reserve ticket checkout: in the packs' place when today's prices couldn't be fetched, before a Try again link",apps/frontend/src/i18n/strings/tickets.ts,136,"apps/frontend/src/i18n/strings/tickets.ts:136
apps/frontend/src/i18n/strings/tickets.ts:136
apps/frontend/src/tickets/ReserveTicketCheckout.tsx:404
apps/frontend/src/tickets/ReserveTicketCheckout.tsx:273
apps/frontend/src/tickets/ReserveTicketCheckout.tsx:305
apps/frontend/src/tickets/ReserveTicketCheckout.tsx:368"
tickets.checkout.readingBalance,tickets,keep,none,Reading your balance…,残高を確認しています…,,,An assistive-only state for the balance skeleton; 確認しています is natural and should remain available to screen readers.,source-backed,high,Reserve ticket checkout: the wallet row while the balance loads,apps/frontend/src/i18n/strings/tickets.ts,127,"apps/frontend/src/i18n/strings/tickets.ts:127
apps/frontend/src/i18n/strings/tickets.ts:127
https://paypay.ne.jp/help/c0047/
apps/frontend/src/tickets/ReserveTicketCheckout.tsx:273
apps/frontend/src/tickets/ReserveTicketCheckout.tsx:305
apps/frontend/src/tickets/ReserveTicketCheckout.tsx:368"
tickets.checkout.short.addJpyc,tickets,shorten,low,<strong>Not enough balance for this pack.</strong> Add JPYC to your Sui account to buy it.,<strong>このパックには残高が足りません。</strong>購入するには、SuiアカウントにJPYCを追加してください。,<strong>Insufficient balance.</strong> Add JPYC to your Sui account.,<strong>残高が足りません。</strong>SuiアカウントにJPYCを追加してください。,"Residual JPYC/Sui instructions are necessary, but the bold statement repeats this pack and the second sentence repeats buying. Lead with concise 残高不足 and the funding action.",editorial,high,"Reserve ticket checkout, under the packs, when your balance can't cover even the smallest pack: what's wrong in bold, then what to do",apps/frontend/src/i18n/strings/tickets.ts,164,"apps/frontend/src/i18n/strings/tickets.ts:164
apps/frontend/src/i18n/strings/tickets.ts:164
https://paypay.ne.jp/help/c0047/
apps/frontend/src/tickets/ReserveTicketCheckout.tsx:273
apps/frontend/src/tickets/ReserveTicketCheckout.tsx:305
apps/frontend/src/tickets/ReserveTicketCheckout.tsx:368"
tickets.checkout.short.pickSmaller,tickets,shorten,low,"<strong>Not enough balance for this pack.</strong> Pick a smaller one, or add JPYC to your Sui account.",<strong>このパックには残高が足りません。</strong>小さいパックを選ぶか、SuiアカウントにJPYCを追加してください。,<strong>Insufficient balance.</strong> Choose fewer tickets or add JPYC to your Sui account.,<strong>残高が足りません。</strong>枚数の少ないパックを選ぶか、SuiアカウントにJPYCを追加してください。,"Preserve both useful recovery choices; 小さいパック is less precise than 枚数の少ないパック, and this pack is unnecessary repetition.",editorial,high,"Reserve ticket checkout, under the packs, when your balance can't cover the picked pack but covers a smaller one: what's wrong in bold, then what to do",apps/frontend/src/i18n/strings/tickets.ts,159,"apps/frontend/src/i18n/strings/tickets.ts:159
apps/frontend/src/i18n/strings/tickets.ts:159
https://paypay.ne.jp/help/c0047/
apps/frontend/src/tickets/ReserveTicketCheckout.tsx:273
apps/frontend/src/tickets/ReserveTicketCheckout.tsx:305
apps/frontend/src/tickets/ReserveTicketCheckout.tsx:368"
tickets.checkout.title,tickets,shorten,low,Pick a pack,パックを選んでください,Ticket packs,チケットパック,The packs already afford a choice. A short noun heading makes a better card title than a full polite instruction.,editorial,high,"Reserve ticket checkout, over the Shop or the drawing screen: the title, over the packs (over the Shop, its reserve tickets headline shows just above)",apps/frontend/src/i18n/strings/tickets.ts,121,"apps/frontend/src/i18n/strings/tickets.ts:121
apps/frontend/src/i18n/strings/tickets.ts:121
https://help.line.me/line/smartphone?contentId=20000182&lang=ja
apps/frontend/src/tickets/ReserveTicketCheckout.tsx:368
apps/frontend/src/tickets/ReserveTicketCheckout.tsx:273
apps/frontend/src/tickets/ReserveTicketCheckout.tsx:305"
tickets.checkout.waiting.adding,tickets,keep,none,Adding your tickets…,チケットを追加しています…,,,"This progress phase is a meaningful user result, and distinct from preparing the payment; natural Japanese 追加しています.",product-glossary,high,"Reserve ticket checkout, after tapping Pay: while the server runs the signed payment on Sui and adds its tickets",apps/frontend/src/i18n/strings/tickets.ts,184,"apps/frontend/src/i18n/strings/tickets.ts:184
apps/frontend/src/i18n/strings/tickets.ts:184
https://help.line.me/line/smartphone?contentId=20000157&lang=ja
apps/frontend/src/tickets/ReserveTicketCheckout.tsx:273
apps/frontend/src/tickets/ReserveTicketCheckout.tsx:305
apps/frontend/src/tickets/ReserveTicketCheckout.tsx:368
apps/frontend/src/i18n/glossary.md:1"
tickets.checkout.waiting.signing,tickets,rewrite,low,Signing the payment…,支払いに署名しています…,Preparing payment…,支払いを準備しています…,"Payment signing is an implementation phase, not a user task here; no signature input is requested. Preparing payment preserves progress without technical language.",editorial,high,"Reserve ticket checkout, after tapping Pay: while the server starts the purchase, and its payment is built and signed",apps/frontend/src/i18n/strings/tickets.ts,182,"apps/frontend/src/i18n/strings/tickets.ts:182
apps/frontend/src/i18n/strings/tickets.ts:182
https://www.paypay.ne.jp/opa/doc/v1.0/files/Web%20Payment%20%E7%94%BB%E9%9D%A2%E9%81%B7%E7%A7%BB.pdf
apps/frontend/src/tickets/ReserveTicketCheckout.tsx:189
apps/frontend/src/tickets/ReserveTicketCheckout.tsx:273
apps/frontend/src/tickets/ReserveTicketCheckout.tsx:305
apps/frontend/src/tickets/ReserveTicketCheckout.tsx:368"
tickets.checkout.walletBroken,tickets,rewrite,low,Your Sui account isn’t working.,Suiアカウントが使えません。,Couldn’t prepare your Sui account for payment.,支払いに使うSuiアカウントを準備できませんでした。,Suiアカウントが使えません is broad but accurately covers wallet initialization errors. Prefer an action-specific failure; preserve detailed diagnostics below.,editorial,high,"Reserve ticket checkout: the balance row, in the balance's place, when your Sui account can't be used; the signer's own words follow as fine print beside Copy",apps/frontend/src/i18n/strings/tickets.ts,229,"apps/frontend/src/i18n/strings/tickets.ts:229
apps/frontend/src/i18n/strings/tickets.ts:229
https://paypay.ne.jp/help/c0047/
apps/frontend/src/tickets/ReserveTicketCheckout.tsx:87
apps/frontend/src/tickets/ReserveTicketCheckout.tsx:273
apps/frontend/src/tickets/ReserveTicketCheckout.tsx:305
apps/frontend/src/tickets/ReserveTicketCheckout.tsx:368"
tickets.checkout.walletNeedsLine,tickets,keep,none,"Paying needs LINE’s sign-in, which LIFF Mock skips.",支払いにはLINEでのサインインが必要ですが、LIFF Mockでは省略されます。,,,Developer-only LIFF Mock state is intentionally technical and fully translated. Do not treat it as production onboarding or remove its useful diagnostic explanation.,product-glossary,high,"Reserve ticket checkout on the dev server: the balance row, in the balance's place, when LIFF Mock signed you in, so there's no Sui account to pay from",apps/frontend/src/i18n/strings/tickets.ts,239,"apps/frontend/src/i18n/strings/tickets.ts:239
apps/frontend/src/i18n/strings/tickets.ts:239
apps/frontend/src/tickets/ReserveTicketCheckout.tsx:273
apps/frontend/src/tickets/ReserveTicketCheckout.tsx:305
apps/frontend/src/tickets/ReserveTicketCheckout.tsx:368
apps/frontend/src/i18n/glossary.md:1"
tickets.checkout.walletSignInFailed,tickets,rewrite,low,Couldn’t sign you in to pay.,支払いのためのサインインができませんでした。,Couldn’t sign in for payment.,支払い用のログインに失敗しました。,The nominal 支払いのためのサインイン is stiff. A concise payment-login failure names the failed step; exact LINE/signer reason remains in report details.,editorial,high,"Reserve ticket checkout: the balance row, in the balance's place, when the sign-in behind your Sui account failed; the sign-in's own words follow as fine print beside Copy",apps/frontend/src/i18n/strings/tickets.ts,234,"apps/frontend/src/i18n/strings/tickets.ts:234
apps/frontend/src/i18n/strings/tickets.ts:234
https://paypay.ne.jp/help/c0047/
apps/frontend/src/tickets/ReserveTicketCheckout.tsx:90
apps/frontend/src/tickets/ReserveTicketCheckout.tsx:273
apps/frontend/src/tickets/ReserveTicketCheckout.tsx:305
apps/frontend/src/tickets/ReserveTicketCheckout.tsx:368"
tickets.checkout.was,tickets,rewrite,medium,was {{price}},通常価格{{price}},Bought separately: {{price}},1枚ずつ買う場合：{{price}},"The amount is current single-ticket price times ticket count, not a historical pack price. English was and Japanese 通常価格 misstate the comparison basis.",editorial,high,Reserve ticket checkout: screen-reader text for a discounted pack's struck-through full price,apps/frontend/src/i18n/strings/tickets.ts,149,"apps/frontend/src/i18n/strings/tickets.ts:149
apps/frontend/src/i18n/strings/tickets.ts:149
apps/frontend/src/tickets/ReserveTicketCheckout.tsx:157
apps/frontend/src/tickets/ReserveTicketCheckout.tsx:451
apps/frontend/src/tickets/ReserveTicketCheckout.tsx:273
apps/frontend/src/tickets/ReserveTicketCheckout.tsx:305
apps/frontend/src/tickets/ReserveTicketCheckout.tsx:368"
tickets.count,tickets,keep,none,×{{count}},×{{count}},,,The multiplication badge is language-neutral compact notation; natural Japanese does not require a sentence inside the visual ticket count.,product-glossary,high,"The tickets behind the board's Draw key, the reserve ticket's dot badge on the ticket cards, and the sealed card's reserve ticket: how many of that kind are left",apps/frontend/src/i18n/strings/tickets.ts,5,"apps/frontend/src/i18n/strings/tickets.ts:5
apps/frontend/src/i18n/strings/tickets.ts:5
apps/frontend/src/tickets/TicketStubs.tsx:189
apps/frontend/src/i18n/glossary.md:1"
tickets.draw,tickets,context,high,Draw,かく,Use a reserve ticket and draw,有償チケットを使ってかく,"Conditional copy only: keep the original global Draw label for daily/refilled tickets. After purchase from the out-of-tickets or drawing-screen checkout, reserve:true spends a reserve ticket immediately; the same key opened from Shop instead shows reserve confirmation. Label direct paid-ticket consumption explicitly (proposed), or consistently show the existing confirmation. Accessible copy must retain {{tickets}} where present. The approved rule says reserve use asks first.",product-glossary,high,"The Draw key on the out-of-tickets card once the refill brings tickets back, and in the reserve ticket checkout (card or Shop tab) after a purchase",apps/frontend/src/i18n/strings/tickets.ts,42,"apps/frontend/src/i18n/strings/tickets.ts:42
apps/frontend/src/i18n/strings/tickets.ts:42
apps/frontend/src/tickets/ReserveTicketCheckout.tsx:286
apps/frontend/src/tickets/ReserveTicketCheckout.tsx:291
apps/frontend/src/tickets/useDrawFromBoard.tsx:73
apps/frontend/src/sticker-creation/DrawingScreen.tsx:1226
apps/frontend/src/app/App.tsx:263
apps/frontend/src/tickets/OutOfTickets.tsx:103
apps/frontend/src/i18n/glossary.md:1"
tickets.drawWithTickets,tickets,context,high,Draw: {{tickets}},かく：{{tickets}},Use a reserve ticket and draw: {{tickets}},有償チケットを使ってかく：{{tickets}},"Conditional copy only: keep the original global Draw label for daily/refilled tickets. After purchase from the out-of-tickets or drawing-screen checkout, reserve:true spends a reserve ticket immediately; the same key opened from Shop instead shows reserve confirmation. Label direct paid-ticket consumption explicitly (proposed), or consistently show the existing confirmation. Accessible copy must retain {{tickets}} where present. The approved rule says reserve use asks first.",product-glossary,high,"Screen-reader name of that Draw key (refilled out-of-tickets card, reserve ticket checkout after a purchase); `tickets` names what's left, such as ""2 daily tickets left""",apps/frontend/src/i18n/strings/tickets.ts,44,"apps/frontend/src/i18n/strings/tickets.ts:44
apps/frontend/src/i18n/strings/tickets.ts:44
apps/frontend/src/tickets/ReserveTicketCheckout.tsx:286
apps/frontend/src/tickets/ReserveTicketCheckout.tsx:291
apps/frontend/src/tickets/useDrawFromBoard.tsx:73
apps/frontend/src/sticker-creation/DrawingScreen.tsx:1226
apps/frontend/src/app/App.tsx:263
apps/frontend/src/tickets/OutOfTickets.tsx:103
apps/frontend/src/i18n/glossary.md:1"
tickets.newAt,tickets,keep,none,New at {{time}},{{time}}に届く,,,The compact delivery metaphor 届く is intentional ticket presentation; the surrounding ticket art supplies its object. Keep the existing brief label.,product-glossary,high,"Sticker board, the empty ticket backing behind the Draw key when no tickets of either kind are left, in small capitals: when new daily tickets arrive; {{time}} is the refill time, such as ""12:00 AM""",apps/frontend/src/i18n/strings/tickets.ts,38,"apps/frontend/src/i18n/strings/tickets.ts:38
apps/frontend/src/i18n/strings/tickets.ts:38
apps/frontend/src/tickets/DrawKeyTickets.tsx:117
apps/frontend/src/i18n/glossary.md:1"
tickets.notLoaded.checking,tickets,keep,none,Checking your tickets…,チケットを確認しています…,,,Checking inventory is meaningful feedback while the card cannot proceed. チケットを確認しています is natural and distinct from a load failure.,established-UI,high,"Drawing screen, in the start card's place: the title while your tickets load",apps/frontend/src/i18n/strings/tickets.ts,114,"apps/frontend/src/i18n/strings/tickets.ts:114
apps/frontend/src/i18n/strings/tickets.ts:114
apps/frontend/src/tickets/TicketsNotLoaded.tsx:28"
tickets.notLoaded.couldntLoad,tickets,keep,none,Couldn’t load your tickets,チケットを読み込めませんでした,,,Names the failed resource in plain Japanese; a separate reason and retry key supply recovery details.,established-UI,high,"Drawing screen, in the start card's place: the title when your tickets didn't load, above the reason",apps/frontend/src/i18n/strings/tickets.ts,116,"apps/frontend/src/i18n/strings/tickets.ts:116
apps/frontend/src/i18n/strings/tickets.ts:116
https://support.google.com/chrome/answer/95669?hl=ja
apps/frontend/src/tickets/TicketsNotLoaded.tsx:28"
tickets.notNow,tickets,context,medium,Not now,あとで,Close,閉じる,The shared close label is rendered even after a purchase has completed; あとで/Not now then implies deferral of a finished action. Use Close/閉じる or split contexts.,editorial,high,"Quiet link at the foot of the start card, the tickets-didn't-load card and the reserve ticket checkout's card: closes the card without spending or buying",apps/frontend/src/i18n/strings/tickets.ts,48,"apps/frontend/src/i18n/strings/tickets.ts:48
apps/frontend/src/i18n/strings/tickets.ts:48
apps/frontend/src/tickets/ReserveTicketCheckout.tsx:236
apps/frontend/src/tickets/ReserveTicketCheckout.tsx:296
apps/frontend/src/tickets/StartDrawing.tsx:151"
tickets.outOfTickets.refillLine,tickets,keep,none,"<strong>New daily tickets at {{time}},</strong> <countdown>{{countdown}}</countdown>",<strong>{{time}}に<wbr/>新しい無償チケットが<wbr/>届きます</strong><countdown>（{{countdown}}）</countdown>,,,Both the local refill time and relative countdown help the user decide whether to wait. 届きます follows the intentional ticket-arrival metaphor; preserve the tags and approved 無償 terminology.,product-glossary,high,"Out-of-tickets card: the line under the title, when new daily tickets arrive (bold) and the countdown to it (quiet)",apps/frontend/src/i18n/strings/tickets.ts,104,"apps/frontend/src/i18n/strings/tickets.ts:104
apps/frontend/src/i18n/strings/tickets.ts:104
apps/frontend/src/tickets/OutOfTickets.tsx:83
apps/frontend/src/i18n/glossary.md:1"
tickets.outOfTickets.refilled,tickets,keep,none,New tickets are here,新しい<wbr/>チケットが<wbr/>届きました,,,The title announces newly available tickets and follows the intentional arrival metaphor. Keep; the state change is important when the card turns over.,product-glossary,high,"Out-of-tickets card: the title once the refill brings tickets back while it's open, as the card turns over",apps/frontend/src/i18n/strings/tickets.ts,109,"apps/frontend/src/i18n/strings/tickets.ts:109
apps/frontend/src/i18n/strings/tickets.ts:109
apps/frontend/src/tickets/OutOfTickets.tsx:83
apps/frontend/src/i18n/glossary.md:1"
tickets.outOfTickets.title,tickets,shorten,medium,Out of tickets for today,今日はもう<wbr/>チケットが<wbr/>ありません,No tickets left,チケットがありません,For today implies no further drawing today even though buying reserve tickets is offered directly beneath. Remove the temporal claim in both languages.,editorial,high,"Out-of-tickets card on the drawing screen, when both daily and reserve tickets are used up: the title",apps/frontend/src/i18n/strings/tickets.ts,102,"apps/frontend/src/i18n/strings/tickets.ts:102
apps/frontend/src/i18n/strings/tickets.ts:102
apps/frontend/src/tickets/OutOfTickets.tsx:119
apps/frontend/src/tickets/OutOfTickets.tsx:83"
tickets.purchases.label,tickets,keep,none,Purchases,購入履歴,,,購入履歴 is exactly the established LINE in-app label and correctly names this expandable list.,source-backed,high,"Shop and reserve ticket checkout: the button that opens your ticket purchases, before your short Sui address",apps/frontend/src/i18n/strings/tickets.ts,247,"apps/frontend/src/i18n/strings/tickets.ts:247
apps/frontend/src/i18n/strings/tickets.ts:247
https://help.line.me/line/smartphone?contentId=20000157&lang=ja
apps/frontend/src/tickets/TicketPurchases.tsx:110"
tickets.purchases.more,tickets,rewrite,low,Older purchases,以前の購入,More purchases,もっと見る,以前の購入 is a noun fragment and omits history. LINE's もっと見る gives an established action for expanding an existing list.,editorial,high,"Shop and reserve ticket checkout, purchases list: the link under the list that reads the next, older page",apps/frontend/src/i18n/strings/tickets.ts,261,"apps/frontend/src/i18n/strings/tickets.ts:261
apps/frontend/src/i18n/strings/tickets.ts:261
https://help.line.me/line/smartphone/sp?contentId=200000844&lang=ja
apps/frontend/src/tickets/TicketPurchases.tsx:177
apps/frontend/src/tickets/TicketPurchases.tsx:110"
tickets.purchases.none,tickets,shorten,low,No ticket purchases yet.,チケットの購入履歴はまだありません。,No purchases yet.,購入履歴はまだありません。,No purchases is a meaningful empty state; チケットの is already clear from the list and can be omitted for brevity.,source-backed,high,"Shop and reserve ticket checkout, purchases list: when you've never bought a pack",apps/frontend/src/i18n/strings/tickets.ts,259,"apps/frontend/src/i18n/strings/tickets.ts:259
apps/frontend/src/i18n/strings/tickets.ts:259
https://help.line.me/line/smartphone?contentId=20000157&lang=ja
apps/frontend/src/tickets/TicketPurchases.tsx:110"
tickets.purchases.opensSuiscan,tickets,keep,none,Opens Suiscan,Suiscanでひらく,,,The destination is external and the icon alone is not readable; preserve its name and the approved ひらく spelling.,product-glossary,high,"Shop and reserve ticket checkout, purchases list: read by screen readers only, after what a row shows (the pack, when and its price): where the row goes",apps/frontend/src/i18n/strings/tickets.ts,263,"apps/frontend/src/i18n/strings/tickets.ts:263
apps/frontend/src/i18n/strings/tickets.ts:263
apps/frontend/src/tickets/TicketPurchases.tsx:110
apps/frontend/src/i18n/glossary.md:1"
tickets.purchases.problem,tickets,shorten,low,Couldn’t read your ticket purchases from Sui.,Suiからチケット購入履歴を読み込めませんでした。,Couldn’t load your ticket purchases.,購入履歴を読み込めませんでした。,"Sui is already presented with the list/address and its diagnostics; the user needs to know purchase history could not load, not where the query ran.",editorial,high,"Shop and reserve ticket checkout, purchases list: when Sui couldn't be read, before Try again and Sui's own English words for a report",apps/frontend/src/i18n/strings/tickets.ts,254,"apps/frontend/src/i18n/strings/tickets.ts:254
apps/frontend/src/i18n/strings/tickets.ts:254
https://help.line.me/line/smartphone?contentId=20000157&lang=ja
apps/frontend/src/tickets/TicketPurchases.tsx:172
apps/frontend/src/tickets/TicketPurchases.tsx:110"
tickets.purchases.reading,tickets,shorten,low,Reading your ticket purchases from Sui…,Suiからチケット購入履歴を読み込んでいます…,Loading your ticket purchases…,購入履歴を読み込んでいます…,"An assistive-only loading status is necessary, but Suiから is implementation detail repeated from surrounding context.",editorial,high,"Shop and reserve ticket checkout, purchases list: screen-reader status while Sui is read",apps/frontend/src/i18n/strings/tickets.ts,249,"apps/frontend/src/i18n/strings/tickets.ts:249
apps/frontend/src/i18n/strings/tickets.ts:249
https://help.line.me/line/smartphone?contentId=20000157&lang=ja
apps/frontend/src/tickets/TicketPurchases.tsx:119
apps/frontend/src/tickets/TicketPurchases.tsx:110"
tickets.refillIn.hours,tickets,keep,none,in {{hours}}h,あと{{hours}}時間,,,あと plus 時間 is the standard future-countdown order; keep unlike elapsed 時間前 elsewhere.,established-UI,high,"Out-of-tickets card: the countdown after the refill time, on the hour, such as ""in 6h""",apps/frontend/src/i18n/strings/tickets.ts,33,"apps/frontend/src/i18n/strings/tickets.ts:33
apps/frontend/src/i18n/strings/tickets.ts:33
apps/frontend/src/tickets/refill.ts:10"
tickets.refillIn.hoursAndMinutes,tickets,keep,none,in {{hours}}h {{minutes}}m,あと{{hours}}時間{{minutes}}分,,,Both duration units are needed for the countdown; Japanese ordering and no spaces are correct.,established-UI,high,"Out-of-tickets card: the countdown after the refill time, such as ""in 6h 56m""",apps/frontend/src/i18n/strings/tickets.ts,31,"apps/frontend/src/i18n/strings/tickets.ts:31
apps/frontend/src/i18n/strings/tickets.ts:31
apps/frontend/src/tickets/refill.ts:10"
tickets.refillIn.minutes,tickets,keep,none,in {{minutes}}m,あと{{minutes}}分,,,"あと…分 accurately states future remaining time, distinct from the relative-date formatter.",established-UI,high,"Out-of-tickets card: the countdown after the refill time, in the last hour, such as ""in 42m""",apps/frontend/src/i18n/strings/tickets.ts,35,"apps/frontend/src/i18n/strings/tickets.ts:35
apps/frontend/src/i18n/strings/tickets.ts:35
apps/frontend/src/tickets/refill.ts:10"
tickets.refillIn.underAMinute,tickets,keep,none,in under a minute,まもなく,,,"まもなく is a natural, useful approximation of the less-than-one-minute final interval; exact seconds are neither supplied nor necessary. No rewrite required.",product-glossary,high,"Out-of-tickets card: the countdown after the refill time, in the last minute before new daily tickets arrive",apps/frontend/src/i18n/strings/tickets.ts,29,"apps/frontend/src/i18n/strings/tickets.ts:29
apps/frontend/src/i18n/strings/tickets.ts:29
apps/frontend/src/tickets/refill.ts:11
apps/frontend/src/tickets/refill.ts:10
apps/frontend/src/i18n/glossary.md:1"
tickets.reserve,tickets,keep,none,Reserve,有償,,,"The visual badge already depicts a ticket, so 有償 is a reasonable concise form of the explicitly approved term.",product-glossary,high,"Start card, while daily tickets are left and you hold reserve ones: the small caption after the small reserve ticket and its count, under the daily ticket stubs",apps/frontend/src/i18n/strings/tickets.ts,40,"apps/frontend/src/i18n/strings/tickets.ts:40
apps/frontend/src/i18n/strings/tickets.ts:40
https://faq.twisted-wonderland.aniplex.co.jp/faq/show/46?site_domain=default
apps/frontend/src/tickets/TicketArt.tsx:48
apps/frontend/src/i18n/glossary.md:1"
tickets.startDrawing.daily.left_one,tickets,context,low,You have {{count}} daily ticket left.,,,,"Singular itself is correct, but the daily-confirmation body is bypassed by the actual caller. Treat removal as a context cleanup requiring transient-state verification.",product-glossary,medium,"Start card, daily ticket variant: the bold line under the title, when one daily ticket is left",apps/frontend/src/i18n/strings/tickets.ts,58,"apps/frontend/src/i18n/strings/tickets.ts:58
apps/frontend/src/i18n/strings/tickets.ts:58
apps/frontend/src/sticker-creation/DrawingScreen.tsx:880
apps/frontend/src/sticker-creation/DrawingScreen.tsx:905
apps/frontend/src/tickets/StartDrawing.tsx:85
apps/frontend/src/i18n/glossary.md:1"
tickets.startDrawing.daily.left_other,tickets,context,low,You have {{count}} daily tickets left.,無償チケットは<wbr/>残り{{count}}枚です。,,,"Japanese count and approved 無償 are sound, but ordinary daily drawing now skips this confirmation. Candidate to remove with obsolete daily-confirmation branch, not just delete a translation.",product-glossary,medium,"Start card, daily ticket variant: the bold line under the title saying how many daily tickets are left; it has a line of its own",apps/frontend/src/i18n/strings/tickets.ts,60,"apps/frontend/src/i18n/strings/tickets.ts:60
apps/frontend/src/i18n/strings/tickets.ts:60
https://faq.twisted-wonderland.aniplex.co.jp/faq/show/46?site_domain=default
apps/frontend/src/sticker-creation/DrawingScreen.tsx:880
apps/frontend/src/sticker-creation/DrawingScreen.tsx:905
apps/frontend/src/tickets/StartDrawing.tsx:85
apps/frontend/src/i18n/glossary.md:1"
tickets.startDrawing.daily.start,tickets,keep,none,Start drawing,かき始める,,,"Despite the abandoned daily-confirmation body, this key remains the retry action after a daily-ticket spend failure. Keep its translation; consider Try again only in that failure context.",product-glossary,high,"Start card, daily ticket variant: the key that spends a daily ticket and opens the sheet",apps/frontend/src/i18n/strings/tickets.ts,70,"apps/frontend/src/i18n/strings/tickets.ts:70
apps/frontend/src/i18n/strings/tickets.ts:70
apps/frontend/src/tickets/StartDrawing.tsx:85
apps/frontend/src/i18n/glossary.md:1"
tickets.startDrawing.daily.timer,tickets,context,low,Your {{minutes}}‑minute timer starts with your first stroke.,最初のひと筆で<wbr/>{{minutes}}分のタイマーが<wbr/>始まります。,,,"Normal daily flow bypasses this explanatory body, and Kyoto Seika timing begins at Begin rather than the first stroke. Remove the old body after transient-path verification; existing timer note owns this guidance.",product-glossary,medium,"Start card, daily ticket variant: the quiet line under the count, about the drawing timer; ""3‑minute"" is joined by a non-breaking hyphen (U+2011), so it never breaks at the hyphen",apps/frontend/src/i18n/strings/tickets.ts,65,"apps/frontend/src/i18n/strings/tickets.ts:65
apps/frontend/src/i18n/strings/tickets.ts:65
apps/frontend/src/sticker-creation/DrawingScreen.tsx:880
apps/frontend/src/sticker-creation/DrawingScreen.tsx:905
apps/frontend/src/tickets/StartDrawing.tsx:85
apps/frontend/src/i18n/glossary.md:1"
tickets.startDrawing.daily.title,tickets,context,low,Use a ticket to draw?,チケットを使ってかきますか？,,,"The sole actual DrawingScreen caller auto-spends daily tickets and uses this component for reserve confirmation or failure. This old daily question is a removal candidate, with refill transitions checked first.",product-glossary,medium,"Start card on the drawing screen, before a fresh sheet, while daily tickets are left: the title asking to spend one",apps/frontend/src/i18n/strings/tickets.ts,56,"apps/frontend/src/i18n/strings/tickets.ts:56
apps/frontend/src/i18n/strings/tickets.ts:56
apps/frontend/src/sticker-creation/DrawingScreen.tsx:880
apps/frontend/src/sticker-creation/DrawingScreen.tsx:905
apps/frontend/src/tickets/StartDrawing.tsx:85
apps/frontend/src/i18n/glossary.md:1"
tickets.startDrawing.failed.title,tickets,shorten,low,Couldn’t start your sticker,シールをかき始められませんでした,Couldn’t start drawing,かき始められませんでした,シールをかき始められませんでした is grammatical but long for a recovery-card title. A shorter failed-start statement keeps the action clear over the separate reason.,editorial,high,"Start card on the drawing screen, when a ticket couldn't be spent on a fresh sheet (Draw, Keep drawing or the card's own key): the title, over the reason in Ink",apps/frontend/src/i18n/strings/tickets.ts,96,"apps/frontend/src/i18n/strings/tickets.ts:96
apps/frontend/src/i18n/strings/tickets.ts:96
https://support.google.com/chrome/answer/95669?hl=ja
apps/frontend/src/tickets/StartDrawing.tsx:85"
tickets.startDrawing.reserve.left_one,tickets,intentional-fallback,none,You have {{count}} reserve ticket.,,,,English singular accessible inventory is necessary; the Japanese missing _one is intentional plural handling.,product-glossary,high,"Start card, reserve ticket variant: read by screen readers only, since the count is on the ticket's badge (one)",apps/frontend/src/i18n/strings/tickets.ts,84,"apps/frontend/src/i18n/strings/tickets.ts:84
apps/frontend/src/i18n/strings/tickets.ts:84
apps/frontend/src/tickets/StartDrawing.tsx:85
apps/frontend/src/i18n/glossary.md:1
apps/frontend/src/i18n/i18n.ts:37"
tickets.startDrawing.reserve.left_other,tickets,keep,none,You have {{count}} reserve tickets.,有償チケットは{{count}}枚あります。,,,Accessible count supplements the graphical paid-ticket badge; the full Japanese sentence is appropriate when read aloud.,product-glossary,high,"Start card, reserve ticket variant: read by screen readers only, since the count is on the ticket's badge",apps/frontend/src/i18n/strings/tickets.ts,86,"apps/frontend/src/i18n/strings/tickets.ts:86
apps/frontend/src/i18n/strings/tickets.ts:86
https://faq.twisted-wonderland.aniplex.co.jp/faq/show/46?site_domain=default
apps/frontend/src/tickets/StartDrawing.tsx:85
apps/frontend/src/i18n/glossary.md:1"
tickets.startDrawing.reserve.refillAt,tickets,keep,none,New ones at {{time}}.,{{time}}に<wbr/>新しく届きます。,,,"The nearest antecedent is the exhausted daily tickets, so New ones and 新しく届きます are clear in context and follow the intentional arrival metaphor. Timing supports informed reserve-ticket use.",product-glossary,high,"Start card, reserve ticket variant: the quiet line under ""used"", saying when new daily tickets arrive (midnight in Tokyo, in the person's own time)",apps/frontend/src/i18n/strings/tickets.ts,82,"apps/frontend/src/i18n/strings/tickets.ts:82
apps/frontend/src/i18n/strings/tickets.ts:82
apps/frontend/src/tickets/StartDrawing.tsx:85
apps/frontend/src/i18n/glossary.md:1"
tickets.startDrawing.reserve.title,tickets,keep,none,Use a reserve ticket?,有償チケットを使いますか？,,,"Required paid-ticket consent, using approved 有償; the question should remain even if other explanatory copy is reduced.",product-glossary,high,Start card on the drawing screen once today's daily tickets are used: the title asking before a reserve ticket is spent,apps/frontend/src/i18n/strings/tickets.ts,75,"apps/frontend/src/i18n/strings/tickets.ts:75
apps/frontend/src/i18n/strings/tickets.ts:75
https://faq.twisted-wonderland.aniplex.co.jp/faq/show/46?site_domain=default
apps/frontend/src/tickets/StartDrawing.tsx:85
apps/frontend/src/i18n/glossary.md:1"
tickets.startDrawing.reserve.use,tickets,keep,none,Use a reserve ticket,有償チケットを使う,,,The affirmative button explicitly names paid-ticket use. Do not shorten to an ambiguous generic affirmative.,product-glossary,high,"Start card, reserve ticket variant: the blue key that spends a reserve ticket and opens the sheet",apps/frontend/src/i18n/strings/tickets.ts,91,"apps/frontend/src/i18n/strings/tickets.ts:91
apps/frontend/src/i18n/strings/tickets.ts:91
https://faq.twisted-wonderland.aniplex.co.jp/faq/show/46?site_domain=default
apps/frontend/src/tickets/StartDrawing.tsx:85
apps/frontend/src/i18n/glossary.md:1"
tickets.startDrawing.reserve.used,tickets,shorten,low,Today’s daily tickets are used.,今日の無償チケットは<wbr/>使い切りました。,No daily tickets left.,無償チケットは使い切りました。,The paid-ticket question already names what will be spent; shorten the supporting daily-ticket explanation while retaining the actual depletion fact.,editorial,high,"Start card, reserve ticket variant: the bold line under the title saying the daily tickets are gone; it has a line of its own, so keep it short",apps/frontend/src/i18n/strings/tickets.ts,77,"apps/frontend/src/i18n/strings/tickets.ts:77
apps/frontend/src/i18n/strings/tickets.ts:77
apps/frontend/src/tickets/StartDrawing.tsx:85"
tickets.summary.dailyAndReserve,tickets,keep,none,{{daily}} and {{reserve}} left,{{daily}}と{{reserve}}が残っています,,,Both kinds are needed in the accessible inventory summary; Japanese と joins complete counter phrases naturally.,product-glossary,high,"Screen-reader name of a Draw key and of the sealed card's ticket row: both counts, while daily tickets are left and reserve tickets are held",apps/frontend/src/i18n/strings/tickets.ts,11,"apps/frontend/src/i18n/strings/tickets.ts:11
apps/frontend/src/i18n/strings/tickets.ts:11
https://faq.twisted-wonderland.aniplex.co.jp/faq/show/46?site_domain=default
apps/frontend/src/tickets/tickets.ts:66
apps/frontend/src/i18n/glossary.md:1"
tickets.summary.daily_one,tickets,intentional-fallback,none,{{count}} daily ticket,,,,The English singular base phrase is composed into an accessible summary; Japanese correctly resolves through the _other form.,product-glossary,high,"Screen-reader name of a Draw key: the daily ticket count, when one is left",apps/frontend/src/i18n/strings/tickets.ts,16,"apps/frontend/src/i18n/strings/tickets.ts:16
apps/frontend/src/i18n/strings/tickets.ts:16
apps/frontend/src/tickets/tickets.ts:66
apps/frontend/src/i18n/glossary.md:1
apps/frontend/src/i18n/i18n.ts:37"
tickets.summary.daily_other,tickets,keep,none,{{count}} daily tickets,無償チケット{{count}}枚,,,Approved 無償チケット and 枚 are correct; keep the concise noun phrase so summary.left can add the predicate.,product-glossary,high,Screen-reader name of a Draw key: the daily ticket count,apps/frontend/src/i18n/strings/tickets.ts,18,"apps/frontend/src/i18n/strings/tickets.ts:18
apps/frontend/src/i18n/strings/tickets.ts:18
https://faq.twisted-wonderland.aniplex.co.jp/faq/show/46?site_domain=default
apps/frontend/src/tickets/tickets.ts:66
apps/frontend/src/i18n/glossary.md:1"
tickets.summary.left,tickets,keep,none,{{tickets}} left,{{tickets}}が残っています,,,The predicate is only added once to a preformatted ticket phrase; grammatically sound Japanese and useful screen-reader state.,product-glossary,high,"Screen-reader name of a Draw key (sticker board, refilled out-of-tickets card, reserve ticket checkout after a purchase) and of the sealed card's ticket row: one kind's count, such as ""2 daily tickets"", with what's left",apps/frontend/src/i18n/strings/tickets.ts,9,"apps/frontend/src/i18n/strings/tickets.ts:9
apps/frontend/src/i18n/strings/tickets.ts:9
apps/frontend/src/tickets/tickets.ts:66
apps/frontend/src/i18n/glossary.md:1"
tickets.summary.none,tickets,rewrite,medium,no tickets until {{time}},{{time}}までチケットはありません,No tickets left. Daily tickets refill at {{time}}.,チケットがありません。無償チケットは{{time}}に補充されます。,No tickets until a time implies tickets cannot be bought before then. State current emptiness and when free tickets refill instead.,editorial,high,"Screen-reader name of the board's Draw key and the sealed card's ticket row with no tickets of either kind; {{time}} is when daily tickets refill, such as ""12:00 AM""",apps/frontend/src/i18n/strings/tickets.ts,24,"apps/frontend/src/i18n/strings/tickets.ts:24
apps/frontend/src/i18n/strings/tickets.ts:24
apps/frontend/src/tickets/tickets.ts:69
apps/frontend/src/tickets/tickets.ts:66"
tickets.summary.reserve_one,tickets,intentional-fallback,none,{{count}} reserve ticket,,,,English singular is needed when one reserve ticket remains; Japanese intentionally uses _other.,product-glossary,high,"Screen-reader name of a Draw key: the reserve ticket count, when one is left",apps/frontend/src/i18n/strings/tickets.ts,20,"apps/frontend/src/i18n/strings/tickets.ts:20
apps/frontend/src/i18n/strings/tickets.ts:20
apps/frontend/src/tickets/tickets.ts:66
apps/frontend/src/i18n/glossary.md:1
apps/frontend/src/i18n/i18n.ts:37"
tickets.summary.reserve_other,tickets,keep,none,{{count}} reserve tickets,有償チケット{{count}}枚,,,Approved 有償チケット and 枚 form the correct reusable inventory phrase.,product-glossary,high,Screen-reader name of a Draw key: the reserve ticket count,apps/frontend/src/i18n/strings/tickets.ts,22,"apps/frontend/src/i18n/strings/tickets.ts:22
apps/frontend/src/i18n/strings/tickets.ts:22
https://faq.twisted-wonderland.aniplex.co.jp/faq/show/46?site_domain=default
apps/frontend/src/tickets/tickets.ts:66
apps/frontend/src/i18n/glossary.md:1"
tickets.tryAgain,tickets,keep,none,Try again,もう一度,,,The retry action is obvious from the preceding specific balance/load failure. もう一度 matches the glossary's short-button tone; no need to inflate to お試しください.,established-UI,high,"Key on the card when tickets didn't load, and the link after the reserve ticket checkout's balance problem: tries again",apps/frontend/src/i18n/strings/tickets.ts,50,"apps/frontend/src/i18n/strings/tickets.ts:50
apps/frontend/src/i18n/strings/tickets.ts:50
apps/frontend/src/tickets/TicketsNotLoaded.tsx:41"
ui.backToBoard,ui,keep,none,Back to My board,マイボードに戻る,,,The shared return action uses the actual My board tab name and approved マイボードに戻る wording.,product-glossary,high,"Every button that leads back to your own sticker board, named like its tab: the ticket cards, the Receive gift dialog, Giving's closing screens and gift-received notice, Explore's lifted sticker of your own, the sticker detail's back button",apps/frontend/src/i18n/strings/ui.ts,5,"apps/frontend/src/i18n/strings/ui.ts:5
apps/frontend/src/i18n/strings/ui.ts:5
apps/frontend/src/tickets/OutOfTickets.tsx:55
apps/frontend/src/i18n/glossary.md:1"
ui.copy.copied,ui,keep,none,Copied,コピー済み,,,"コピー済み fits a changed button label; LINE's copy confirmation establishes コピー as the action, while the compact completed-state form is natural.",source-backed,high,The same button once it has copied,apps/frontend/src/i18n/strings/ui.ts,30,"apps/frontend/src/i18n/strings/ui.ts:30
apps/frontend/src/i18n/strings/ui.ts:30
https://help.line.me/line/smartphone?contentId=20000157&lang=ja
apps/frontend/src/ui/CopyableFinePrint.tsx:44"
ui.copy.copy,ui,keep,none,Copy,コピー,,,コピー is the standard Japanese system action for copying text; concise and necessary next to technical details.,source-backed,high,"Beside fine print that's long or case-sensitive, such as a payment's ID or an error's details: the small button that copies it whole",apps/frontend/src/i18n/strings/ui.ts,28,"apps/frontend/src/i18n/strings/ui.ts:28
apps/frontend/src/i18n/strings/ui.ts:28
https://support.apple.com/ja-jp/120004
apps/frontend/src/ui/CopyableFinePrint.tsx:44"
ui.copy.notCopied,ui,shorten,low,Couldn’t copy. Touch and hold the text to copy it yourself.,コピーできませんでした。文字を長押しして、ご自身でコピーしてください。,Couldn’t copy. Touch and hold the text to copy it.,コピーできませんでした。文字を長押ししてコピーしてください。,"ご自身で and yourself add no instruction. Retain the failure and concrete long-press recovery, using Apple's established 長押し wording.",editorial,high,"The same fine print, under it, when Copy couldn't copy it (LINE's browser can refuse): the line that says to copy it by hand, which stays until the next try",apps/frontend/src/i18n/strings/ui.ts,32,"apps/frontend/src/i18n/strings/ui.ts:32
apps/frontend/src/i18n/strings/ui.ts:32
https://support.apple.com/ja-jp/120004
apps/frontend/src/ui/CopyableFinePrint.tsx:48
apps/frontend/src/ui/CopyableFinePrint.tsx:44"
ui.errorLine.details,ui,shorten,low,Details for a report,報告用の詳細,Error details,エラーの詳細,"The content is useful report diagnostics, intentionally English. Its repeated visible label can be shorter; do not remove the actual details or mark them untranslated.",editorial,high,"Under an error line's sentence, and on the sign-in screens when the app couldn't be opened: the small label above the English words behind the failure, which the person can copy into a report",apps/frontend/src/i18n/strings/ui.ts,24,"apps/frontend/src/i18n/strings/ui.ts:24
apps/frontend/src/i18n/strings/ui.ts:24
https://support.google.com/chrome/answer/95669?hl=ja
apps/frontend/src/ui/ErrorLine.tsx:15
apps/frontend/src/ui/ErrorLine.tsx:51"
ui.errorLine.tryAgain,ui,keep,none,Try again,もう一度,,,A standard retry control after a named failed operation; もう一度 is a suitable short action and avoids duplicating the full recovery instruction.,established-UI,high,Any error line where trying again can work: the quiet link after the sentence that asks again,apps/frontend/src/i18n/strings/ui.ts,22,"apps/frontend/src/i18n/strings/ui.ts:22
apps/frontend/src/i18n/strings/ui.ts:22
apps/frontend/src/ui/ErrorLine.tsx:15
apps/frontend/src/ui/ErrorLine.tsx:51"
ui.hitCounter.spoken_one,ui,intentional-fallback,none,{{hits}} hit,,,,"English singular is selected by hits count; Japanese correctly uses the _other spoken value, including for one hit.",product-glossary,high,The hit counter: what screen readers say in its place when it's 1; {{hits}} is the count,apps/frontend/src/i18n/strings/ui.ts,44,"apps/frontend/src/i18n/strings/ui.ts:44
apps/frontend/src/i18n/strings/ui.ts:44
apps/frontend/src/ui/HitCounter.tsx:26
apps/frontend/src/gratitude/comboHud.ts:202
apps/frontend/src/i18n/glossary.md:1
apps/frontend/src/i18n/i18n.ts:37"
ui.hitCounter.spoken_other,ui,keep,none,{{hits}} hits,{{hits}}ヒット,,,The spoken count retains the approved ヒット unit and localized grouped number; it is the accessible replacement for the visual face.,product-glossary,high,"The hit counter: what screen readers say in its place, such as ""64 hits""; {{hits}} is the count, grouped",apps/frontend/src/i18n/strings/ui.ts,46,"apps/frontend/src/i18n/strings/ui.ts:46
apps/frontend/src/i18n/strings/ui.ts:46
apps/frontend/src/ui/HitCounter.tsx:26
apps/frontend/src/gratitude/comboHud.ts:202
apps/frontend/src/i18n/glossary.md:1"
ui.hitCounter.unit_one,ui,intentional-fallback,none,hit,,,,English singular visual suffix is count-aware; Japanese intentionally leaves this plural category empty.,product-glossary,high,"The hit counter, on the stat board's Bests and Explore's Best combo board: the word set in small caps after the count, when it's 1",apps/frontend/src/i18n/strings/ui.ts,40,"apps/frontend/src/i18n/strings/ui.ts:40
apps/frontend/src/i18n/strings/ui.ts:40
apps/frontend/src/ui/HitCounter.tsx:26
apps/frontend/src/gratitude/comboHud.ts:202
apps/frontend/src/i18n/glossary.md:1
apps/frontend/src/i18n/i18n.ts:37"
ui.hitCounter.unit_other,ui,keep,none,hits,ヒット,,,"Approved ヒット names one counted interaction; concise, with no invented score terminology.",product-glossary,high,"The hit counter: the word set in small caps after the count, such as ""64"" then ""HITS""",apps/frontend/src/i18n/strings/ui.ts,42,"apps/frontend/src/i18n/strings/ui.ts:42
apps/frontend/src/i18n/strings/ui.ts:42
apps/frontend/src/ui/HitCounter.tsx:26
apps/frontend/src/gratitude/comboHud.ts:202
apps/frontend/src/i18n/glossary.md:1"
ui.lazyScreen.didntLoad,ui,shorten,low,Part of Croquis didn’t load. Reload to try again.,クロッキーの一部を読み込めませんでした。再読み込みして、もう一度お試しください。,Part of Croquis didn’t load.,クロッキーの一部を読み込めませんでした。,The first sentence says what failed; the second repeats the adjacent Reload key. Shorten while keeping the error and report details visible.,editorial,high,"A note at the top of any screen, when the code for what it opened (Explore, the drawing screen, the sticker tray, a sticker's detail, Giving, the stat board, the Mini-game, a gift) didn't load: over the browser's reason, beside Reload",apps/frontend/src/i18n/strings/ui.ts,8,"apps/frontend/src/i18n/strings/ui.ts:8
apps/frontend/src/i18n/strings/ui.ts:8
https://support.google.com/chrome/answer/95669?hl=ja
apps/frontend/src/ui/LazyScreenBoundary.tsx:55"
ui.lazyScreen.reload,ui,keep,none,Reload,再読み込み,,,Actual page reload action requires a precise label; standard 再読み込み distinguishes it from re-requesting content.,established-UI,high,The same note: the button that reloads the page,apps/frontend/src/i18n/strings/ui.ts,13,"apps/frontend/src/i18n/strings/ui.ts:13
apps/frontend/src/i18n/strings/ui.ts:13
https://support.google.com/chrome/answer/95669?hl=ja
apps/frontend/src/ui/LazyScreenBoundary.tsx:55"
ui.sheet.close,ui,keep,none,Close {{label}},「{{label}}」を閉じる,,,The named close affordance is essential because the visible perforation has no text. Japanese quotes correctly delimit potentially long sheet names.,established-UI,high,"Every bottom sheet, such as Accept and Send gratitude: the perforation's name for assistive tech, a button that closes the sheet when tapped or dragged down; {{label}} is the sheet's name",apps/frontend/src/i18n/strings/ui.ts,17,"apps/frontend/src/i18n/strings/ui.ts:17
apps/frontend/src/i18n/strings/ui.ts:17
https://help.line.me/line/smartphone/sp?contentId=20018213&lang=ja
apps/frontend/src/ui/Sheet.tsx:114"
